name,registry_id,hq,extra
163 LENDING CORP.,,Philippines,List of Revoked Certificates of Authority to Operate as a Lending Company (Secondary License)
AIR FISH LENDING CORPORATION,,Philippines,List of Revoked Certificates of Authority to Operate as a Lending Company (Secondary License)
Arrofortis Credit Corporation,,Philippines,List of Revoked Certificates of Authority to Operate as a Lending Company (Secondary License)
BARAKAT LENDING INVESTOR CORPORATION,,Philippines,List of Revoked Certificates of Authority to Operate as a Lending Company (Secondary License)
BASIC RESOURCES MICRO-LENDING CORPORATION,,Philippines,List of Revoked Certificates of Authority to Operate as a Lending Company (Secondary License)
BASSIL & HASS LENDING CORPORATION,,Philippines,List of Revoked Certificates of Authority to Operate as a Lending Company (Secondary License)
BYMONEY LENDING CORP.,,Philippines,List of Revoked Certificates of Authority to Operate as a Lending Company (Secondary License)
CASHTREES LENDING CORP,,Philippines,List of Revoked Certificates of Authority to Operate as a Lending Company (Secondary License)
DELISHA LENDING INVESTOR AND TRADING CORP,,Philippines,List of Revoked Certificates of Authority to Operate as a Lending Company (Secondary License)
DIAMONDSTAR LENDING & CREDIT CORP.,,Philippines,List of Revoked Certificates of Authority to Operate as a Lending Company (Secondary License)
DRAGON ORAGIF LENDING CORP.,,Philippines,List of Revoked Certificates of Authority to Operate as a Lending Company (Secondary License)
DRAGOON LENDING CORP.,,Philippines,List of Revoked Certificates of Authority to Operate as a Lending Company (Secondary License)
EASYPLUS LENDING CORP.,,Philippines,List of Revoked Certificates of Authority to Operate as a Lending Company (Secondary License)
FAMILYHAN CREDIT CORPORATION,,Philippines,List of Revoked Certificates of Authority to Operate as a Lending Company (Secondary License)
FIRST FILIPINO LENDING CORPORATION,,Philippines,List of Revoked Certificates of Authority to Operate as a Lending Company (Secondary License)
FLYING BEAR LENDING CORP. doing business under Flying Bear Lending and Flying Bear Investor,,Philippines,List of Revoked Certificates of Authority to Operate as a Lending Company (Secondary License)
FYNAMICS LENDING INC,,Philippines,List of Revoked Certificates of Authority to Operate as a Lending Company (Secondary License)
GINTONG BUKAS LENDING CORPORATION,,Philippines,List of Revoked Certificates of Authority to Operate as a Lending Company (Secondary License)
GOLDEN ACE LENDING CORPORATION,,Philippines,List of Revoked Certificates of Authority to Operate as a Lending Company (Secondary License)
GOLDEN SCION LENDING INVESTOR CORP.,,Philippines,List of Revoked Certificates of Authority to Operate as a Lending Company (Secondary License)
"GREAT RIVER LENDING INVESTOR GROUP, INC.",,Philippines,List of Revoked Certificates of Authority to Operate as a Lending Company (Secondary License)
"GREEN HEIGHTS CREDIT AND LOAN, INC.",,Philippines,List of Revoked Certificates of Authority to Operate as a Lending Company (Secondary License)
GREENFUND CREDIT CORPORATION,,Philippines,List of Revoked Certificates of Authority to Operate as a Lending Company (Secondary License)
GUL-ZARA LENDING INVESTOR CORP,,Philippines,List of Revoked Certificates of Authority to Operate as a Lending Company (Secondary License)
IHF 115 LENDING CORPORATION,,Philippines,List of Revoked Certificates of Authority to Operate as a Lending Company (Secondary License)
JJ MONEYLINK INC.,,Philippines,List of Revoked Certificates of Authority to Operate as a Lending Company (Secondary License)
JKA Countrywide Credit Corporation,,Philippines,List of Revoked Certificates of Authority to Operate as a Lending Company (Secondary License)
JRP 2008 CREDIT CORPORATION,,Philippines,List of Revoked Certificates of Authority to Operate as a Lending Company (Secondary License)
J-TEAM LENDING ENTERPRISES CORP.,,Philippines,List of Revoked Certificates of Authority to Operate as a Lending Company (Secondary License)
JULET MICRO EXPRESS CREDIT CORPORATION,,Philippines,List of Revoked Certificates of Authority to Operate as a Lending Company (Secondary License)
KINGABC LENDING CORPORATION,,Philippines,List of Revoked Certificates of Authority to Operate as a Lending Company (Secondary License)
KWARTA LINE LENDING INC.,,Philippines,List of Revoked Certificates of Authority to Operate as a Lending Company (Secondary License)
LADY ANNE LENDING CORPORATION,,Philippines,List of Revoked Certificates of Authority to Operate as a Lending Company (Secondary License)
LAIPOWER LENDING CORP.,,Philippines,List of Revoked Certificates of Authority to Operate as a Lending Company (Secondary License)
LOTUS-4 GROUP LENDING CORP.,,Philippines,List of Revoked Certificates of Authority to Operate as a Lending Company (Secondary License)
LUDYLAI LENDING CORP.,,Philippines,List of Revoked Certificates of Authority to Operate as a Lending Company (Secondary License)
Mega Nine Credit Corporation,,Philippines,List of Revoked Certificates of Authority to Operate as a Lending Company (Secondary License)
Moola Lending Corporation,,Philippines,List of Revoked Certificates of Authority to Operate as a Lending Company (Secondary License)
MOOLA LENDING CORPORATION (FORMERLY: H LENDING BY HOVONO INC.),,Philippines,List of Revoked Certificates of Authority to Operate as a Lending Company (Secondary License)
PEOPLES CREDIT & FINANCE (PCFC) CORP.,,Philippines,List of Revoked Certificates of Authority to Operate as a Lending Company (Secondary License)
Philacor Credit Corporation,,Philippines,List of Revoked Certificates of Authority to Operate as a Lending Company (Secondary License)
Populus Lending Corporation,,Philippines,List of Revoked Certificates of Authority to Operate as a Lending Company (Secondary License)
POPULUS LENDING CORPORATION,,Philippines,List of Revoked Certificates of Authority to Operate as a Lending Company (Secondary License)
"QUARIES LENDING CO., INC.",,Philippines,List of Revoked Certificates of Authority to Operate as a Lending Company (Secondary License)
ROBOCASH FINANCE CORP.,,Philippines,List of Revoked Certificates of Authority to Operate as a Lending Company (Secondary License)
San Nicolas Teacher Credit & Finance Corp.,,Philippines,List of Revoked Certificates of Authority to Operate as a Lending Company (Secondary License)
Suncash Lending Investor Corp,,Philippines,List of Revoked Certificates of Authority to Operate as a Lending Company (Secondary License)
SUPER CASH LENDING CORP. Order of Revocation Order of Finality,,Philippines,List of Revoked Certificates of Authority to Operate as a Lending Company (Secondary License)
UNIPESO LENDING COMPANY INC. Order of Revocation Order of Finality,,Philippines,List of Revoked Certificates of Authority to Operate as a Lending Company (Secondary License)
UNIRAPID LENDING TECHNOLOGY INC. Order of Revocation Order of Finality,,Philippines,List of Revoked Certificates of Authority to Operate as a Lending Company (Secondary License)
UNLAD PILIPINO CREDIT & LOANS CORP.,,Philippines,List of Revoked Certificates of Authority to Operate as a Lending Company (Secondary License)
VALENZUELA LENDING INVESTOR INC.,,Philippines,List of Revoked Certificates of Authority to Operate as a Lending Company (Secondary License)
WEALTH AND PERSONAL DEVELOPMENT LENDING INC.,,Philippines,List of Revoked Certificates of Authority to Operate as a Lending Company (Secondary License)
WHALE TAIL LENDING SERVICES INC.,,Philippines,List of Revoked Certificates of Authority to Operate as a Lending Company (Secondary License)
Z.C. BUEN MANO LENDING CORPORATION,,Philippines,List of Revoked Certificates of Authority to Operate as a Lending Company (Secondary License)
Z.C. Buen Mano Lending Corporation,,Philippines,List of Revoked Certificates of Authority to Operate as a Lending Company (Secondary License)
A.M. Creditworld Finance Corp.,,Philippines,List of Revoked Certificates of Authority to Operate as a Financing Company (Secondary License)
Aboitiz & Company Inc.,,Philippines,List of Revoked Certificates of Authority to Operate as a Financing Company (Secondary License)
"Acropolis North Water Camp and Country Club, Inc.",,Philippines,List of Revoked Certificates of Authority to Operate as a Financing Company (Secondary License)
Alaska Milk Corporation,,Philippines,List of Revoked Certificates of Authority to Operate as a Financing Company (Secondary License)
Anviro Finance Corporation,,Philippines,List of Revoked Certificates of Authority to Operate as a Financing Company (Secondary License)
"Aparri Countryside Finance, Corp.",,Philippines,List of Revoked Certificates of Authority to Operate as a Financing Company (Secondary License)
Belledone Financing Corporation,,Philippines,List of Revoked Certificates of Authority to Operate as a Financing Company (Secondary License)
Camarines Minerals Inc.,,Philippines,List of Revoked Certificates of Authority to Operate as a Financing Company (Secondary License)
Capitol Hills Golf and Country Club Inc.,,Philippines,List of Revoked Certificates of Authority to Operate as a Financing Company (Secondary License)
"Chemrez Technologies, Inc.",,Philippines,List of Revoked Certificates of Authority to Operate as a Financing Company (Secondary License)
"Club Balai Isabel, Inc.",,Philippines,List of Revoked Certificates of Authority to Operate as a Financing Company (Secondary License)
"Consolidated Mines, Inc.",,Philippines,List of Revoked Certificates of Authority to Operate as a Financing Company (Secondary License)
Cosmos Bottling Corporation,,Philippines,List of Revoked Certificates of Authority to Operate as a Financing Company (Secondary License)
"Diamond Asia Properties and Builders, Corp.",,Philippines,List of Revoked Certificates of Authority to Operate as a Financing Company (Secondary License)
Digido Finance Corp,,Philippines,List of Revoked Certificates of Authority to Operate as a Financing Company (Secondary License)
Doncil Finance Corporation,,Philippines,List of Revoked Certificates of Authority to Operate as a Financing Company (Secondary License)
Equal Prime Link and Finance Corporation,,Philippines,List of Revoked Certificates of Authority to Operate as a Financing Company (Secondary License)
"Equicom Savings Bank, Inc.",,Philippines,List of Revoked Certificates of Authority to Operate as a Financing Company (Secondary License)
"Evercrest Golf Club Resort, Inc.",,Philippines,List of Revoked Certificates of Authority to Operate as a Financing Company (Secondary License)
"Fantasy World Theme Parks Amusement and Recreation Club, Inc.",,Philippines,List of Revoked Certificates of Authority to Operate as a Financing Company (Secondary License)
Fog Horn Inc.,,Philippines,List of Revoked Certificates of Authority to Operate as a Financing Company (Secondary License)
"GE Lightning Philippines, Inc.",,Philippines,List of Revoked Certificates of Authority to Operate as a Financing Company (Secondary License)
General Milling Corporation,,Philippines,List of Revoked Certificates of Authority to Operate as a Financing Company (Secondary License)
"Global Business Holdings, Inc",,Philippines,List of Revoked Certificates of Authority to Operate as a Financing Company (Secondary License)
GREPALIFE BALANCED FUND CORPORATION,,Philippines,List of Revoked Certificates of Authority to Operate as a Financing Company (Secondary License)
GREPALIFE DOLLAR BOND FUND CORPORATION,,Philippines,List of Revoked Certificates of Authority to Operate as a Financing Company (Secondary License)
GREPALIFE FIXED INCOME FUND CORPORATION,,Philippines,List of Revoked Certificates of Authority to Operate as a Financing Company (Secondary License)
"Highlands Prime, Inc.",,Philippines,List of Revoked Certificates of Authority to Operate as a Financing Company (Secondary License)
Holcim Philippines Manufacturing Corporation,,Philippines,List of Revoked Certificates of Authority to Operate as a Financing Company (Secondary License)
Hunter Finance Inc.,,Philippines,List of Revoked Certificates of Authority to Operate as a Financing Company (Secondary License)
Infinite Investments and Finance Corp.,,Philippines,List of Revoked Certificates of Authority to Operate as a Financing Company (Secondary License)
"Italia Country Club, Inc.",,Philippines,List of Revoked Certificates of Authority to Operate as a Financing Company (Secondary License)
"J.M.D. Micro Finance Co., Inc.",,Philippines,List of Revoked Certificates of Authority to Operate as a Financing Company (Secondary License)
"Joint Entrepreneurship Management Financing Co., Inc.",,Philippines,List of Revoked Certificates of Authority to Operate as a Financing Company (Secondary License)
"Lakewood Golf & Country Club, Inc.",,Philippines,List of Revoked Certificates of Authority to Operate as a Financing Company (Secondary License)
"Legacy GS Fund, Inc.",,Philippines,List of Revoked Certificates of Authority to Operate as a Financing Company (Secondary License)
"Legacy HY Fund, Inc.",,Philippines,List of Revoked Certificates of Authority to Operate as a Financing Company (Secondary License)
Leysaka Finance Corp.,,Philippines,List of Revoked Certificates of Authority to Operate as a Financing Company (Secondary License)
LUCKY SHELL FINTECH LENDING INC.,,Philippines,List of Revoked Certificates of Authority to Operate as a Financing Company (Secondary License)
"Magdiwang Finance & Investment, Corp.",,Philippines,List of Revoked Certificates of Authority to Operate as a Financing Company (Secondary License)
Malhi & Rai Financing Corporation,,Philippines,List of Revoked Certificates of Authority to Operate as a Financing Company (Secondary License)
Mercator Finance Corporation,,Philippines,List of Revoked Certificates of Authority to Operate as a Financing Company (Secondary License)
"Monte De Piedad Finance Co., Inc.",,Philippines,List of Revoked Certificates of Authority to Operate as a Financing Company (Secondary License)
NJR Financing Corporation,,Philippines,List of Revoked Certificates of Authority to Operate as a Financing Company (Secondary License)
"Pacific Fund, Inc.",,Philippines,List of Revoked Certificates of Authority to Operate as a Financing Company (Secondary License)
"Pamana Island Resort Hotel and Marina Club, Inc.",,Philippines,List of Revoked Certificates of Authority to Operate as a Financing Company (Secondary License)
Philand Property Corporation,,Philippines,List of Revoked Certificates of Authority to Operate as a Financing Company (Secondary License)
Pinoy Jenz Financing Corporation,,Philippines,List of Revoked Certificates of Authority to Operate as a Financing Company (Secondary License)
"Prime Peso Financing Co., Inc.",,Philippines,List of Revoked Certificates of Authority to Operate as a Financing Company (Secondary License)
"Primetown Property Group, Inc.",,Philippines,List of Revoked Certificates of Authority to Operate as a Financing Company (Secondary License)
Princesa Holiday Resort Inc.,,Philippines,List of Revoked Certificates of Authority to Operate as a Financing Company (Secondary License)
QCASH FINANCE CORP.,,Philippines,List of Revoked Certificates of Authority to Operate as a Financing Company (Secondary License)
RDH Finance Corporation,,Philippines,List of Revoked Certificates of Authority to Operate as a Financing Company (Secondary License)
"Real Development Company, Inc.",,Philippines,List of Revoked Certificates of Authority to Operate as a Financing Company (Secondary License)
"Republic Cement & Building Materials, Inc. (“Republic Cement”)",,Philippines,List of Revoked Certificates of Authority to Operate as a Financing Company (Secondary License)
ROBOCASH FINANCE CORP.,,Philippines,List of Revoked Certificates of Authority to Operate as a Financing Company (Secondary License)
"Salvador Homes Financing Co., Inc.",,Philippines,List of Revoked Certificates of Authority to Operate as a Financing Company (Secondary License)
San Nicolas Teacher Credit & Finance Corp.,,Philippines,List of Revoked Certificates of Authority to Operate as a Financing Company (Secondary License)
Sarpanch Financing Corp.,,Philippines,List of Revoked Certificates of Authority to Operate as a Financing Company (Secondary License)
Singer Finance Corporation,,Philippines,List of Revoked Certificates of Authority to Operate as a Financing Company (Secondary License)
SM Development Corporation,,Philippines,List of Revoked Certificates of Authority to Operate as a Financing Company (Secondary License)
Splash Corporation,,Philippines,List of Revoked Certificates of Authority to Operate as a Financing Company (Secondary License)
Sta. Cruz Prime Star Financing Corp.,,Philippines,List of Revoked Certificates of Authority to Operate as a Financing Company (Secondary License)
"TAT Lakehill Golf & Country Club, Inc.",,Philippines,List of Revoked Certificates of Authority to Operate as a Financing Company (Secondary License)
"The First Galleon Family Fund, Inc.",,Philippines,List of Revoked Certificates of Authority to Operate as a Financing Company (Secondary License)
THE GOLDEN LEGACY FINANCING CORPORATION,,Philippines,List of Revoked Certificates of Authority to Operate as a Financing Company (Secondary License)
"Timberland Sports & Nature Club, Inc.",,Philippines,List of Revoked Certificates of Authority to Operate as a Financing Company (Secondary License)
"TSM Credit Facilities Co., Inc.",,Philippines,List of Revoked Certificates of Authority to Operate as a Financing Company (Secondary License)
Ultragold Financing Corporation,,Philippines,List of Revoked Certificates of Authority to Operate as a Financing Company (Secondary License)
Unifinancial Corporation,,Philippines,List of Revoked Certificates of Authority to Operate as a Financing Company (Secondary License)
"Villa Anna Paradise Resort & Farm, Inc.",,Philippines,List of Revoked Certificates of Authority to Operate as a Financing Company (Secondary License)
"Vista Mar Beach Resort & Country Club, Inc",,Philippines,List of Revoked Certificates of Authority to Operate as a Financing Company (Secondary License)
"Waterworld Theme Park and Country Club, Inc.",,Philippines,List of Revoked Certificates of Authority to Operate as a Financing Company (Secondary License)
Weam Finance Corporation,,Philippines,List of Revoked Certificates of Authority to Operate as a Financing Company (Secondary License)
"Wise Holdings, Inc.",,Philippines,List of Revoked Certificates of Authority to Operate as a Financing Company (Secondary License)
UNIRAPID LENDING TECHNOLOGY INC. Order of Finality Order of Suspension,,Philippines,List of Suspended Certificates of Authority to Operate as a Lending Company (Secondary License)
CGFD Order: 122 s.2020,,Philippines,List of Suspended Certificates of Authority to Operate as a Lending Company (Secondary License)
163 LENDING CORP.,,Philippines,List of Suspended Certificates of Authority to Operate as a Lending Company (Secondary License)
BARAKAT LENDING INVESTOR CORPORATION,,Philippines,List of Suspended Certificates of Authority to Operate as a Lending Company (Secondary License)
BASIC RESOURCES MICRO-LENDING CORPORATION,,Philippines,List of Suspended Certificates of Authority to Operate as a Lending Company (Secondary License)
BASSIL & HASS LENDING CORPORATION,,Philippines,List of Suspended Certificates of Authority to Operate as a Lending Company (Secondary License)
BYMONEY LENDING CORP.,,Philippines,List of Suspended Certificates of Authority to Operate as a Lending Company (Secondary License)
"DD CREDIT AND LENDIGN INVESTORS SERVICES, INC.",,Philippines,List of Suspended Certificates of Authority to Operate as a Lending Company (Secondary License)
DIAMONDSTAR LENDING & CREDIT CORP.,,Philippines,List of Suspended Certificates of Authority to Operate as a Lending Company (Secondary License)
DRAGON ORAGIF LENDING CORP.,,Philippines,List of Suspended Certificates of Authority to Operate as a Lending Company (Secondary License)
DRAGOON LENDING CORP.,,Philippines,List of Suspended Certificates of Authority to Operate as a Lending Company (Secondary License)
GINTONG BUKAS LENDING CORPORATION,,Philippines,List of Suspended Certificates of Authority to Operate as a Lending Company (Secondary License)
GOLDEN ACE LENDING CORPORATION,,Philippines,List of Suspended Certificates of Authority to Operate as a Lending Company (Secondary License)
GOLDEN SCION LENDING CORPORATION,,Philippines,List of Suspended Certificates of Authority to Operate as a Lending Company (Secondary License)
"GREAT RIVER LENDING INVESTOR GROUP, INC",,Philippines,List of Suspended Certificates of Authority to Operate as a Lending Company (Secondary License)
GREEN HEIGHTS CREDIT AND LOAN INC,,Philippines,List of Suspended Certificates of Authority to Operate as a Lending Company (Secondary License)
GREENFUND CREDIT CORPORATION,,Philippines,List of Suspended Certificates of Authority to Operate as a Lending Company (Secondary License)
IHF 115 LENDING CORPORATION,,Philippines,List of Suspended Certificates of Authority to Operate as a Lending Company (Secondary License)
J-TEAM LENDING ENTERPRISES CORP.,,Philippines,List of Suspended Certificates of Authority to Operate as a Lending Company (Secondary License)
JJ MONKEYLINK INC.,,Philippines,List of Suspended Certificates of Authority to Operate as a Lending Company (Secondary License)
JRP 2008 CREDIT CORPORATION,,Philippines,List of Suspended Certificates of Authority to Operate as a Lending Company (Secondary License)
JULET MICRO EXPRESS CREDIT INFORMATION,,Philippines,List of Suspended Certificates of Authority to Operate as a Lending Company (Secondary License)
KWARTA LINE LENDING INC.,,Philippines,List of Suspended Certificates of Authority to Operate as a Lending Company (Secondary License)
LADY ANNE LENDING CORPORATION,,Philippines,List of Suspended Certificates of Authority to Operate as a Lending Company (Secondary License)
LAIPOWER LENDING CORP.,,Philippines,List of Suspended Certificates of Authority to Operate as a Lending Company (Secondary License)
LOTUS-4 GROUP LENDING CORP.,,Philippines,List of Suspended Certificates of Authority to Operate as a Lending Company (Secondary License)
LUDYLAI LENDING CORP.,,Philippines,List of Suspended Certificates of Authority to Operate as a Lending Company (Secondary License)
"QUARIES LENDING CO., INC.",,Philippines,List of Suspended Certificates of Authority to Operate as a Lending Company (Secondary License)
UNLAD PILIPINO CREDIT & LOANS CORP.,,Philippines,List of Suspended Certificates of Authority to Operate as a Lending Company (Secondary License)
VALENZUELA LENDING INVESTOR INC.,,Philippines,List of Suspended Certificates of Authority to Operate as a Lending Company (Secondary License)
15/30 LENDING INVESTORS INC.,,Philippines,List of Revoked Certificates of Registration (Primary License)
ACTIVE LENDING CORP.,,Philippines,List of Revoked Certificates of Registration (Primary License)
AGM LENDING INVESTORS & CREDIT INC.,,Philippines,List of Revoked Certificates of Registration (Primary License)
ALCOR LENDING INVESTOR CORP.,,Philippines,List of Revoked Certificates of Registration (Primary License)
ALJAHAZ CONSUMER LENDING INC.,,Philippines,List of Revoked Certificates of Registration (Primary License)
"ALPINE LENDING INVESTOR, INC.",,Philippines,List of Revoked Certificates of Registration (Primary License)
AMGAR LENDING CORP.,,Philippines,List of Revoked Certificates of Registration (Primary License)
AMIANAN LENDING CORP.,,Philippines,List of Revoked Certificates of Registration (Primary License)
"ANVEL LENDING INVESTORS, INC.",,Philippines,List of Revoked Certificates of Registration (Primary License)
"AREMAR LENDING INVESTORS, INC.",,Philippines,List of Revoked Certificates of Registration (Primary License)
AUXILLIARY LENDING CORP.,,Philippines,List of Revoked Certificates of Registration (Primary License)
BALASAN LENDING CORP.,,Philippines,List of Revoked Certificates of Registration (Primary License)
BANATE LENDING SVCS. INC.,,Philippines,List of Revoked Certificates of Registration (Primary License)
BATINGAW LENDING CORP.,,Philippines,List of Revoked Certificates of Registration (Primary License)
BESTLAND LENDING CORP.,,Philippines,List of Revoked Certificates of Registration (Primary License)
BINALONAN LENDING INVESTORS CORP.,,Philippines,List of Revoked Certificates of Registration (Primary License)
BRASILIA LENDING CORP.,,Philippines,List of Revoked Certificates of Registration (Primary License)
BROTHERLY LENDING CORP.,,Philippines,List of Revoked Certificates of Registration (Primary License)
CARINO ABERIN & CAPILI LENDING INVESTORS CORP.,,Philippines,List of Revoked Certificates of Registration (Primary License)
CEBU ATLAS LENDING INVESTORS CORP.,,Philippines,List of Revoked Certificates of Registration (Primary License)
CEBU VIGOR LENDING INVESTORS CORP.,,Philippines,List of Revoked Certificates of Registration (Primary License)
CFA LENDING SVCS. INC.,,Philippines,List of Revoked Certificates of Registration (Primary License)
CYRENEAN LENDING INVESTORS CORP.,,Philippines,List of Revoked Certificates of Registration (Primary License)
DAVAO GLITTERS MX’N GOLD LENDING INC.,,Philippines,List of Revoked Certificates of Registration (Primary License)
"DE ORO LENDING FACILITIES, INC.",,Philippines,List of Revoked Certificates of Registration (Primary License)
DOMINI LENDING INVESTOR INC.,,Philippines,List of Revoked Certificates of Registration (Primary License)
"DUMAGUETE CITILENDERS, INC.",,Philippines,List of Revoked Certificates of Registration (Primary License)
EL PRIMO LENDING CORP.,,Philippines,List of Revoked Certificates of Registration (Primary License)
ELEVEN JEWELS LENDING CORP.,,Philippines,List of Revoked Certificates of Registration (Primary License)
ERP LENDING CO. INC.,,Philippines,List of Revoked Certificates of Registration (Primary License)
FAPCOR LENDING INVESTOR CORP.,,Philippines,List of Revoked Certificates of Registration (Primary License)
FAST COIN LENDING CORP.,,Philippines,List of Revoked Certificates of Registration (Primary License)
FIRST LENDING INVESTORS CORP.,,Philippines,List of Revoked Certificates of Registration (Primary License)
FIRST TUMAUINI LENDING INVESTOR (FILICOR) CORP.,,Philippines,List of Revoked Certificates of Registration (Primary License)
FISH MAGNATE LENDING CO. INC.,,Philippines,List of Revoked Certificates of Registration (Primary License)
FIVE ACES LENDING CORP.,,Philippines,List of Revoked Certificates of Registration (Primary License)
FONTANELLE LENDING INVESTOR INC.,,Philippines,List of Revoked Certificates of Registration (Primary License)
FORTUNE LENDING INVESTORS INC.,,Philippines,List of Revoked Certificates of Registration (Primary License)
FOUNDERS CREDIT & LENDING INVESTOR CORP.,,Philippines,List of Revoked Certificates of Registration (Primary License)
FULL AHEAD LENDING INVESTOR CORP.,,Philippines,List of Revoked Certificates of Registration (Primary License)
FUNDS UNLIMITED LENDING INC.,,Philippines,List of Revoked Certificates of Registration (Primary License)
GOLDEN MAG CREDIT & LENDING CORP.,,Philippines,List of Revoked Certificates of Registration (Primary License)
"GOOD VENTURE LENDING INVESTORS, INC.",,Philippines,List of Revoked Certificates of Registration (Primary License)
GREAT LINK LENDING CORP.,,Philippines,List of Revoked Certificates of Registration (Primary License)
HILLSIDE LENDING CO. INC.,,Philippines,List of Revoked Certificates of Registration (Primary License)
HOLIGEM LENDING CORP.,,Philippines,List of Revoked Certificates of Registration (Primary License)
"HOLY TRINITY LENDING INVESTOR, INC.",,Philippines,List of Revoked Certificates of Registration (Primary License)
JAIFEL LENDING INVESTOR CORP.,,Philippines,List of Revoked Certificates of Registration (Primary License)
JEHANS LENDING CORP.,,Philippines,List of Revoked Certificates of Registration (Primary License)
JETMAR MULTI LENDING INC.,,Philippines,List of Revoked Certificates of Registration (Primary License)
KAMAGONG CREDIT & LENDING INVESTOR INC.,,Philippines,List of Revoked Certificates of Registration (Primary License)
LA FAMILIA LENDING INVESTOR CORP.,,Philippines,List of Revoked Certificates of Registration (Primary License)
"LAKESHORE LENDING INVESTOR, INC.",,Philippines,List of Revoked Certificates of Registration (Primary License)
LBC GROUP LENDING INVESTORS INC.,,Philippines,List of Revoked Certificates of Registration (Primary License)
LIFE SAVERS LENDING CORP.,,Philippines,List of Revoked Certificates of Registration (Primary License)
LUCKY 2 LENDING INC.,,Philippines,List of Revoked Certificates of Registration (Primary License)
MAJESTIC LENDING CORP.,,Philippines,List of Revoked Certificates of Registration (Primary License)
MAP MENTORS LENDING SHOP INC.,,Philippines,List of Revoked Certificates of Registration (Primary License)
MARVEL LENDING CORP.,,Philippines,List of Revoked Certificates of Registration (Primary License)
MB LENDING INVESTORS INC.,,Philippines,List of Revoked Certificates of Registration (Primary License)
METRO ROXAS LENDING INVESTOR CORP.,,Philippines,List of Revoked Certificates of Registration (Primary License)
MICRODYAMO LENDERS CORP.,,Philippines,List of Revoked Certificates of Registration (Primary License)
MODERN LENDING CORP.,,Philippines,List of Revoked Certificates of Registration (Primary License)
MOUNT ZION LENDING CORP.,,Philippines,List of Revoked Certificates of Registration (Primary License)
"MTL LENDING INVESTORS, INC.",,Philippines,List of Revoked Certificates of Registration (Primary License)
NABUNTURAN LENDING INVESTORS INC.,,Philippines,List of Revoked Certificates of Registration (Primary License)
NEW STAR LENDING INVESTORS INC.,,Philippines,List of Revoked Certificates of Registration (Primary License)
OPTIMUM CREDIT FUNDERS INC.,,Philippines,List of Revoked Certificates of Registration (Primary License)
OPTIMUM LENDING CORP.,,Philippines,List of Revoked Certificates of Registration (Primary License)
PACITA COMPLEX KAPITBAHAYAN LENDING CORP.,,Philippines,List of Revoked Certificates of Registration (Primary License)
PANSIPIT LENDING & CREDIT CORP.,,Philippines,List of Revoked Certificates of Registration (Primary License)
PATRICIA LENDING INVESTORS INC.,,Philippines,List of Revoked Certificates of Registration (Primary License)
PHILBERT LENDING INVESTORS CORP.,,Philippines,List of Revoked Certificates of Registration (Primary License)
PROFESSIONAL LENDERS INC.,,Philippines,List of Revoked Certificates of Registration (Primary License)
PSY LENDING INVESTORS INC.,,Philippines,List of Revoked Certificates of Registration (Primary License)
RDD LENDING CORP.,,Philippines,List of Revoked Certificates of Registration (Primary License)
RED DRAGON LENDING CORP.,,Philippines,List of Revoked Certificates of Registration (Primary License)
REGION LENDING & CREDIT CORP.,,Philippines,List of Revoked Certificates of Registration (Primary License)
REYES & VILLANUEVA LENDING INC.,,Philippines,List of Revoked Certificates of Registration (Primary License)
SA LENDING INVESTORS INC.,,Philippines,List of Revoked Certificates of Registration (Primary License)
SME CRYSTAL LENDING INVESTOR CORP.,,Philippines,List of Revoked Certificates of Registration (Primary License)
SOLID THREE LENDING INVESTOR CORP.,,Philippines,List of Revoked Certificates of Registration (Primary License)
SUN LIFE LENDING & CREDIT CORP.,,Philippines,List of Revoked Certificates of Registration (Primary License)
SUNCASH LENDING INVESTORS CORP.,,Philippines,List of Revoked Certificates of Registration (Primary License)
SURVEL LENDING CORP.,,Philippines,List of Revoked Certificates of Registration (Primary License)
T.G. LENDING CORP.,,Philippines,List of Revoked Certificates of Registration (Primary License)
TRUSTWORTH LENDING CORP.,,Philippines,List of Revoked Certificates of Registration (Primary License)
UMINGAN LENDING INVESTOR INC.,,Philippines,List of Revoked Certificates of Registration (Primary License)
UNI CREDIT LENDING CORP.,,Philippines,List of Revoked Certificates of Registration (Primary License)
UNLIMITED LENDING PHIL. CORP.,,Philippines,List of Revoked Certificates of Registration (Primary License)
ZAMBO. SOLID LINE LENDING CORP.,,Philippines,List of Revoked Certificates of Registration (Primary License)
5 SPEED CORP.,,Philippines,List of Revoked Certificates of Registration (Primary License)
AGENCIA EXQUISITE OF OZAMIZ INC.,,Philippines,List of Revoked Certificates of Registration (Primary License)
AGRL. SVCS. CREDIT INC.,,Philippines,List of Revoked Certificates of Registration (Primary License)
ALPHA CONSOLIDATED RESOURCES INC.,,Philippines,List of Revoked Certificates of Registration (Primary License)
AMETHYST CREDIT CORP.,,Philippines,List of Revoked Certificates of Registration (Primary License)
ANCHOR LENDING INVESTORS CORP.,,Philippines,List of Revoked Certificates of Registration (Primary License)
ANPEL DEV. CORP.,,Philippines,List of Revoked Certificates of Registration (Primary License)
ANTIPOLO CREDIT CORP.,,Philippines,List of Revoked Certificates of Registration (Primary License)
AUTO CREDIT CORP.,,Philippines,List of Revoked Certificates of Registration (Primary License)
AVATAR LENDING INVESTORS INC.,,Philippines,List of Revoked Certificates of Registration (Primary License)
BAGCO LOAN CORP.,,Philippines,List of Revoked Certificates of Registration (Primary License)
"BOSTON EQUITY RESOURCES, INC.",,Philippines,List of Revoked Certificates of Registration (Primary License)
CEBU CREDIT HOUSE INC.,,Philippines,List of Revoked Certificates of Registration (Primary License)
CEBU CREDITLINE CORP.,,Philippines,List of Revoked Certificates of Registration (Primary License)
CEBU LENDING SPECIALISTS INC.,,Philippines,List of Revoked Certificates of Registration (Primary License)
CITY LINK LENDING CORP.,,Philippines,List of Revoked Certificates of Registration (Primary License)
"CITY LOANS LENDING INVESTORS, INC.",,Philippines,List of Revoked Certificates of Registration (Primary License)
COCO CITY LENDING INVESTOR INC.,,Philippines,List of Revoked Certificates of Registration (Primary License)
"COMPREHENSIVE LENDING INVESTORS, INC.",,Philippines,List of Revoked Certificates of Registration (Primary License)
CONCORP PHILS. INC.,,Philippines,List of Revoked Certificates of Registration (Primary License)
CONTAL LENDING RESOURCES INC.,,Philippines,List of Revoked Certificates of Registration (Primary License)
COUNTRYSIDE LENDING SYSTEMS INC.,,Philippines,List of Revoked Certificates of Registration (Primary License)
CREDIT POST INC.,,Philippines,List of Revoked Certificates of Registration (Primary License)
D.F.C. LENDING CORP.,,Philippines,List of Revoked Certificates of Registration (Primary License)
DAI ICHI CREDIT CORP.,,Philippines,List of Revoked Certificates of Registration (Primary License)
DAVAO BETTER HOMES LENDING INVESTORS INC.,,Philippines,List of Revoked Certificates of Registration (Primary License)
EGIS LENDING CORP.,,Philippines,List of Revoked Certificates of Registration (Primary License)
ELGO LENDING & INVESTMENT CORP.,,Philippines,List of Revoked Certificates of Registration (Primary License)
"EXPRESS LENDING INVESTORS, INC.",,Philippines,List of Revoked Certificates of Registration (Primary License)
EXPRESSWAY CREDIT CORP.,,Philippines,List of Revoked Certificates of Registration (Primary License)
F.M.G. SVCS. INC.,,Philippines,List of Revoked Certificates of Registration (Primary License)
F.S.B. LENDING CORP.,,Philippines,List of Revoked Certificates of Registration (Primary License)
FIDELEDAD INVESTOR AND LENDING CORP.,,Philippines,List of Revoked Certificates of Registration (Primary License)
FIRST ASIA FUNDERS & MANAGERS INC.,,Philippines,List of Revoked Certificates of Registration (Primary License)
FIRST BINAN LENDING CORP.,,Philippines,List of Revoked Certificates of Registration (Primary License)
FIRST DAIWA CAPITAL CORP.,,Philippines,List of Revoked Certificates of Registration (Primary License)
GAMMA LENDING & CREDIT INC.,,Philippines,List of Revoked Certificates of Registration (Primary License)
GEM LENDING INVESTORS INC.,,Philippines,List of Revoked Certificates of Registration (Primary License)
GLASER LOANS & CREDIT CORP.,,Philippines,List of Revoked Certificates of Registration (Primary License)
"GOLDEN LOANS SERVICES, INC.",,Philippines,List of Revoked Certificates of Registration (Primary License)
GPS (ILOILO) LENDING CORP.,,Philippines,List of Revoked Certificates of Registration (Primary License)
GREAT 8 LENDING INVESTORS CORPORATION,,Philippines,List of Revoked Certificates of Registration (Primary License)
IBAAN LENDING INVESTORS INC.,,Philippines,List of Revoked Certificates of Registration (Primary License)
INTERCITY LENDING INVESTOR CO. INC.,,Philippines,List of Revoked Certificates of Registration (Primary License)
"JP LENDING INVESTORS, INC.",,Philippines,List of Revoked Certificates of Registration (Primary License)
KALAYAAN LENDING CORP.,,Philippines,List of Revoked Certificates of Registration (Primary License)
KUMINTANG LOANS & CREDIT CORP.,,Philippines,List of Revoked Certificates of Registration (Primary License)
L.C.L. CAPITAL INC.,,Philippines,List of Revoked Certificates of Registration (Primary License)
LAGUNA CENTRAL CREDIT CORP.,,Philippines,List of Revoked Certificates of Registration (Primary License)
LLTJ FINANCING AND DEVELOPMENT CORPORATION,,Philippines,List of Revoked Certificates of Registration (Primary License)
"LUCKY PENNY FUND & RESOURCES, INC.",,Philippines,List of Revoked Certificates of Registration (Primary License)
MAAMO LENDING CORP.,,Philippines,List of Revoked Certificates of Registration (Primary License)
MAASIN TRADERS LENDING CORP.,,Philippines,List of Revoked Certificates of Registration (Primary License)
"MABUHAY LENDERS, INC.",,Philippines,List of Revoked Certificates of Registration (Primary License)
MADI-AS (ILOILO) LENDING CORP.,,Philippines,List of Revoked Certificates of Registration (Primary License)
MAGNA LOAN CORP.,,Philippines,List of Revoked Certificates of Registration (Primary License)
MANILA LENDING INVESTOR INC.,,Philippines,List of Revoked Certificates of Registration (Primary License)
MARFIVE LENDING INVESTOR CORP.,,Philippines,List of Revoked Certificates of Registration (Primary License)
MEGA LOANS & CREDIT CORP.,,Philippines,List of Revoked Certificates of Registration (Primary License)
MULTINATIONAL TELECOM INVESTORS CORP.,,Philippines,List of Revoked Certificates of Registration (Primary License)
NORTH POINT INTL. VENTURES CORP.,,Philippines,List of Revoked Certificates of Registration (Primary License)
NVC LENDING CORP.,,Philippines,List of Revoked Certificates of Registration (Primary License)
OCTO LENDING CORP.,,Philippines,List of Revoked Certificates of Registration (Primary License)
OTON CREDIT CORP.,,Philippines,List of Revoked Certificates of Registration (Primary License)
PALAWAN CREDIT & LENDING INVESTORS CO. INC.,,Philippines,List of Revoked Certificates of Registration (Primary License)
PARAGON LENDING INVESTOR CORP.,,Philippines,List of Revoked Certificates of Registration (Primary License)
POPULUS LENDING CORPORATION,,Philippines,List of Revoked Certificates of Registration (Primary License)
POWER LENDING & CREDIT CORP.,,Philippines,List of Revoked Certificates of Registration (Primary License)
PRODUCERS CREDIT CORP.,,Philippines,List of Revoked Certificates of Registration (Primary License)
PROGRESSIVE LENDING CORP.,,Philippines,List of Revoked Certificates of Registration (Primary License)
QUAD LENDING INVESTOR CORP.,,Philippines,List of Revoked Certificates of Registration (Primary License)
REFUND INC.,,Philippines,List of Revoked Certificates of Registration (Primary License)
RELIABLE LENDING INVESTOR INC.,,Philippines,List of Revoked Certificates of Registration (Primary License)
RODEN LENDING INVESTOR CORP.,,Philippines,List of Revoked Certificates of Registration (Primary License)
"ROYAL LEND & EARN LENDING INVESTOR & MGT., INC.",,Philippines,List of Revoked Certificates of Registration (Primary License)
SAFEWAY LENDING INC.,,Philippines,List of Revoked Certificates of Registration (Primary License)
SANGLAAN LOAN CO. INC.,,Philippines,List of Revoked Certificates of Registration (Primary License)
SMHN. NG BUONG LAHING PILIPINO (SBLP) INC.,,Philippines,List of Revoked Certificates of Registration (Primary License)
ST. PAUL LENDING HOUSE CORP.,,Philippines,List of Revoked Certificates of Registration (Primary License)
STO LENDING INVESTOR CORP.,,Philippines,List of Revoked Certificates of Registration (Primary License)
SUGBU FIRST CREDIT CORPORATION,,Philippines,List of Revoked Certificates of Registration (Primary License)
TAGUMPAY LENDING INVESTOR CORP.,,Philippines,List of Revoked Certificates of Registration (Primary License)
TAHOE LENDING CORP.,,Philippines,List of Revoked Certificates of Registration (Primary License)
TOP LENDING INVESTOR CORP.,,Philippines,List of Revoked Certificates of Registration (Primary License)
ULTRA LENDING INVESTOR INC.,,Philippines,List of Revoked Certificates of Registration (Primary License)
UNITED SUPERVISORS LENDING CO. INC.,,Philippines,List of Revoked Certificates of Registration (Primary License)
UNIVERSAL LENDING INVESTOR CORP. OF CAGAYAN DE ORO,,Philippines,List of Revoked Certificates of Registration (Primary License)
VILLANCOR CREDIT & LENDING CORP.,,Philippines,List of Revoked Certificates of Registration (Primary License)
VINCE LENDING INVESTORS CORP.,,Philippines,List of Revoked Certificates of Registration (Primary License)
1530 LENDING HOUSE INC.,,Philippines,List of Revoked Certificates of Registration (Primary License)
AB LENDING INVESTORS INC.,,Philippines,List of Revoked Certificates of Registration (Primary License)
AEI LENDING CORP.,,Philippines,List of Revoked Certificates of Registration (Primary License)
"AEV VILLAMOR CREDIT, INC.",,Philippines,List of Revoked Certificates of Registration (Primary License)
ANNJONARD LENDING CORPORATION,,Philippines,List of Revoked Certificates of Registration (Primary License)
ASCA LENDING INVESTORS INC.,,Philippines,List of Revoked Certificates of Registration (Primary License)
BAYBAY LENDING INVESTORS CORP.,,Philippines,List of Revoked Certificates of Registration (Primary License)
BLUE CHIPS LENDING CO. INC.,,Philippines,List of Revoked Certificates of Registration (Primary License)
CANDIJAY FINANCIAL ASSISTANCE CENTER INC.,,Philippines,List of Revoked Certificates of Registration (Primary License)
CEBU CREDIT ASIA LENDING CORP.,,Philippines,List of Revoked Certificates of Registration (Primary License)
CEBU INTERASIA LENDERS INVESTORS CORP.,,Philippines,List of Revoked Certificates of Registration (Primary License)
CEBU JAMT LENDING CORP.,,Philippines,List of Revoked Certificates of Registration (Primary License)
CHIP LENDING INVESTOR INC.,,Philippines,List of Revoked Certificates of Registration (Primary License)
CITIWEALTH CREDIT CORP.,,Philippines,List of Revoked Certificates of Registration (Primary License)
CLEMENT TRADING INC.,,Philippines,List of Revoked Certificates of Registration (Primary License)
DSL CORP.,,Philippines,List of Revoked Certificates of Registration (Primary License)
F&M LENDING INVESTORS INC.,,Philippines,List of Revoked Certificates of Registration (Primary License)
FARMERS EMPLOYEES LENDING CORP.,,Philippines,List of Revoked Certificates of Registration (Primary License)
"FIRST ATLANTA LENDING INVESTORS, INC.",,Philippines,List of Revoked Certificates of Registration (Primary License)
FIRST CHOICE LENDING INVESTORS INC.,,Philippines,List of Revoked Certificates of Registration (Primary License)
GLOBAL CREDIT CORP.,,Philippines,List of Revoked Certificates of Registration (Primary License)
GLOBAL FUND LENDING INVESTORS INC.,,Philippines,List of Revoked Certificates of Registration (Primary License)
J. DEL PRADO LENDING INC.,,Philippines,List of Revoked Certificates of Registration (Primary License)
LAKERS LENDING INC.,,Philippines,List of Revoked Certificates of Registration (Primary License)
"LEYTENAN LENDING CO., INC.",,Philippines,List of Revoked Certificates of Registration (Primary License)
LVM LENDING INVESTORS INC.,,Philippines,List of Revoked Certificates of Registration (Primary License)
MABUHAY LENDING INVESTOR INC.,,Philippines,List of Revoked Certificates of Registration (Primary License)
MACTAN OCEAN VIEW PROPERTIES & HOLDINGS INC.,,Philippines,List of Revoked Certificates of Registration (Primary License)
MANDAUE DYNO LENDERS CORP.,,Philippines,List of Revoked Certificates of Registration (Primary License)
MANT MULTI-LENDING CORP.,,Philippines,List of Revoked Certificates of Registration (Primary License)
MASCONS LENDING CORP.,,Philippines,List of Revoked Certificates of Registration (Primary License)
MEC LENDING CORP.,,Philippines,List of Revoked Certificates of Registration (Primary License)
MENCA LENDING INVESTORS INC.,,Philippines,List of Revoked Certificates of Registration (Primary License)
METRO CEBU LENDING INVESTORS INC.,,Philippines,List of Revoked Certificates of Registration (Primary License)
MOGUL LENDING CORP.,,Philippines,List of Revoked Certificates of Registration (Primary License)
REGENCY LENDING CO. INC.,,Philippines,List of Revoked Certificates of Registration (Primary License)
RIG J LENDING INVESTOR INC.,,Philippines,List of Revoked Certificates of Registration (Primary License)
ROYAL REVERIE INC.,,Philippines,List of Revoked Certificates of Registration (Primary License)
SEA FIRST CREDIT CORP.,,Philippines,List of Revoked Certificates of Registration (Primary License)
SEMINOLE LENDING INC.,,Philippines,List of Revoked Certificates of Registration (Primary License)
"STRATA LENDING INVESTOR, INC.",,Philippines,List of Revoked Certificates of Registration (Primary License)
SUGBUANON LENDING & CREDIT CORP.,,Philippines,List of Revoked Certificates of Registration (Primary License)
TRISHKARL LENDING INVESTOR CORPORATION,,Philippines,List of Revoked Certificates of Registration (Primary License)
"UNITED ASIAN LOANS SERVICES, INCORPORATED",,Philippines,List of Revoked Certificates of Registration (Primary License)
4 RS LENDING CORP.,,Philippines,List of Revoked Certificates of Registration (Primary License)
"ABOT-KAYA LENDING INVESTOR, INC.",,Philippines,List of Revoked Certificates of Registration (Primary License)
ACCESS CREDIT SERVICE CORP.,,Philippines,List of Revoked Certificates of Registration (Primary License)
"ACCESS LENDING INVESTOR, INC.",,Philippines,List of Revoked Certificates of Registration (Primary License)
AGFA LENDING CENTER INC.,,Philippines,List of Revoked Certificates of Registration (Primary License)
ALLIANZ CAPITAL CORP.,,Philippines,List of Revoked Certificates of Registration (Primary License)
"ANKA CREDIT RESOURCES, INC.",,Philippines,List of Revoked Certificates of Registration (Primary License)
APPRAZE CREDIT CORP.,,Philippines,List of Revoked Certificates of Registration (Primary License)
BALANCED FLOW LENDING CO. INC.,,Philippines,List of Revoked Certificates of Registration (Primary License)
BEMBOY LENDING CORP.,,Philippines,List of Revoked Certificates of Registration (Primary License)
BSMC LENDING INVESTORS CORP.,,Philippines,List of Revoked Certificates of Registration (Primary License)
CAPITALANDS INC.,,Philippines,List of Revoked Certificates of Registration (Primary License)
CASH AND RESOURCES ENTS. INC.,,Philippines,List of Revoked Certificates of Registration (Primary License)
CENTURY LENDING INC.,,Philippines,List of Revoked Certificates of Registration (Primary License)
CHMI LENDING INVESTORS INC.,,Philippines,List of Revoked Certificates of Registration (Primary License)
CN TRADERS LENDING INVESTOR CORP.,,Philippines,List of Revoked Certificates of Registration (Primary License)
"CREDEX, INC.",,Philippines,List of Revoked Certificates of Registration (Primary License)
CREDIT EXPONENTS INC.,,Philippines,List of Revoked Certificates of Registration (Primary License)
CREST CREDIT CORP.,,Philippines,List of Revoked Certificates of Registration (Primary License)
D.M. LENDING INVESTOR CORP.,,Philippines,List of Revoked Certificates of Registration (Primary License)
FAMILY COUNTRY LOANS CORP.,,Philippines,List of Revoked Certificates of Registration (Primary License)
"FAMILY EXPRESS LENDING, INC.",,Philippines,List of Revoked Certificates of Registration (Primary License)
FINANCIAL FACTORS LENDING INVESTORS INC.,,Philippines,List of Revoked Certificates of Registration (Primary License)
FIRST ACTIVE CAPITAL CORP.,,Philippines,List of Revoked Certificates of Registration (Primary License)
"FIRST ASIA RESOURCES & MANAGERS, INC.",,Philippines,List of Revoked Certificates of Registration (Primary License)
FIRST BULACAN LENDING CORP.,,Philippines,List of Revoked Certificates of Registration (Primary License)
FIRST CONSUMER LENDING RESOURCES CORP.,,Philippines,List of Revoked Certificates of Registration (Primary License)
FIRST LUCENA DEVELOPERS CREDIT CORP.,,Philippines,List of Revoked Certificates of Registration (Primary License)
FORTUNE LENDERS INC.,,Philippines,List of Revoked Certificates of Registration (Primary License)
"GLM LENDING INVESTORS, INC.",,Philippines,List of Revoked Certificates of Registration (Primary License)
"GOLDTECH PAWNBROKERS, INC.",,Philippines,List of Revoked Certificates of Registration (Primary License)
GOODWILL HAPPY LENDERS CORP.,,Philippines,List of Revoked Certificates of Registration (Primary License)
GRAND LENDING INVESTOR INC.,,Philippines,List of Revoked Certificates of Registration (Primary License)
GUADALUPE LENDING INVESTORS INC.,,Philippines,List of Revoked Certificates of Registration (Primary License)
I.M.S. LENDING INVESTOR CORP.,,Philippines,List of Revoked Certificates of Registration (Primary License)
J.N.R. LENDING INVESTORS INC.,,Philippines,List of Revoked Certificates of Registration (Primary License)
JOE MER LENDING INVESTOR INC.,,Philippines,List of Revoked Certificates of Registration (Primary License)
KABAYAN LOANS CORP.,,Philippines,List of Revoked Certificates of Registration (Primary License)
KAUSWAGAN LENDING INVESTORS INC.,,Philippines,List of Revoked Certificates of Registration (Primary License)
"KL CREDIT, INC.",,Philippines,List of Revoked Certificates of Registration (Primary License)
LA NAVAL LENDING INVESTORS INC.,,Philippines,List of Revoked Certificates of Registration (Primary License)
LION LENDING INVESTOR CORP.,,Philippines,List of Revoked Certificates of Registration (Primary License)
LIPA UNI-PRIME LENDING INVESTOR CORP.,,Philippines,List of Revoked Certificates of Registration (Primary License)
LOANASIA INVESTORS CORP.,,Philippines,List of Revoked Certificates of Registration (Primary License)
LUCENA CREDIT FUNDERS INC.,,Philippines,List of Revoked Certificates of Registration (Primary License)
M.J. LENDING INVESTOR INC.,,Philippines,List of Revoked Certificates of Registration (Primary License)
MAGNETIC LENDING CORP.,,Philippines,List of Revoked Certificates of Registration (Primary License)
MAHARLIKA CREDIT & LOANS CORP.,,Philippines,List of Revoked Certificates of Registration (Primary License)
"MANALASTAS LENDING INVESTOR, INC.",,Philippines,List of Revoked Certificates of Registration (Primary License)
"MCL LENDING INVESTOR, INC.",,Philippines,List of Revoked Certificates of Registration (Primary License)
"MELCAR LENDING INVESTOR, INC.",,Philippines,List of Revoked Certificates of Registration (Primary License)
MENDEZ CREDIT CORP.,,Philippines,List of Revoked Certificates of Registration (Primary License)
"MONIMART LENDING INVESTORS, INC.",,Philippines,List of Revoked Certificates of Registration (Primary License)
"MS LENDING INVESTOR, INC.",,Philippines,List of Revoked Certificates of Registration (Primary License)
NEWTOWN LOANS & CREDIT CORP.,,Philippines,List of Revoked Certificates of Registration (Primary License)
P.R. FUNDS LENDING CORP.,,Philippines,List of Revoked Certificates of Registration (Primary License)
"PASAY LENDING INVESTORS, INC.",,Philippines,List of Revoked Certificates of Registration (Primary License)
PILIPINAS LOAN CO. INC.,,Philippines,List of Revoked Certificates of Registration (Primary License)
PLA CREDIT & DEV. CORP.,,Philippines,List of Revoked Certificates of Registration (Primary License)
PLAZA LENDING INVESTOR INC.,,Philippines,List of Revoked Certificates of Registration (Primary License)
PREMIERE CREDIT INVESTORS CORP.,,Philippines,List of Revoked Certificates of Registration (Primary License)
"ROCKWELL LENDING INVESTOR, INC.",,Philippines,List of Revoked Certificates of Registration (Primary License)
SAN JOSE LENDING INVESTOR (LENDVEST) INC.,,Philippines,List of Revoked Certificates of Registration (Primary License)
"SEVEN LAKES PROGRESSIVE LENDING INVESTORS, INC.",,Philippines,List of Revoked Certificates of Registration (Primary License)
SILANGAN LENDING CORP. OF STA. MARIA BULACAN,,Philippines,List of Revoked Certificates of Registration (Primary License)
SOLIDLINK CREDIT & LOAN CO. INC.,,Philippines,List of Revoked Certificates of Registration (Primary License)
SOUTH CREDIT CORP.,,Philippines,List of Revoked Certificates of Registration (Primary License)
"SPHERE LENDING, INC.",,Philippines,List of Revoked Certificates of Registration (Primary License)
STA. CRUZ LENDING INVESTOR CORP.,,Philippines,List of Revoked Certificates of Registration (Primary License)
STA. ROSA LENDING INVESTOR INC.,,Philippines,List of Revoked Certificates of Registration (Primary License)
STARLIGHT LENDING INVESTOR INC.,,Philippines,List of Revoked Certificates of Registration (Primary License)
STRONBACK INC.,,Philippines,List of Revoked Certificates of Registration (Primary License)
T.D. LENDING INVESTOR INC.,,Philippines,List of Revoked Certificates of Registration (Primary License)
TEACHERS ASSISTANCE PROGRAMMERS INC.,,Philippines,List of Revoked Certificates of Registration (Primary License)
TRI CORNER CREDIT CORP.,,Philippines,List of Revoked Certificates of Registration (Primary License)
UNIHOUSE CORP.,,Philippines,List of Revoked Certificates of Registration (Primary License)
UNITED M CREDIT & LENDING CORP.,,Philippines,List of Revoked Certificates of Registration (Primary License)
V.R. GONZALES CREDIT ENTS. INC.,,Philippines,List of Revoked Certificates of Registration (Primary License)
YOURS LENDING INVESTOR CORP.,,Philippines,List of Revoked Certificates of Registration (Primary License)
"ANGELES LENDING INVSTOR, INC.",,Philippines,List of Revoked Certificates of Registration (Primary License)
"ASIAN GRACE LENDING PHILS , INC.",,Philippines,List of Revoked Certificates of Registration (Primary License)
CHAMPION LENDING CORPORATION,,Philippines,List of Revoked Certificates of Registration (Primary License)
CHARM LENDING INVESTOR CORPORATION,,Philippines,List of Revoked Certificates of Registration (Primary License)
CHARTON LENDING CORP.,,Philippines,List of Revoked Certificates of Registration (Primary License)
CLIA LENDING INVESTOR INC.,,Philippines,List of Revoked Certificates of Registration (Primary License)
DELSI LENDING CORP.,,Philippines,List of Revoked Certificates of Registration (Primary License)
"DEVCON RESOURCES LENDING INVESTORS, INC.",,Philippines,List of Revoked Certificates of Registration (Primary License)
DREAM LENDING INVESTOR CORP.,,Philippines,List of Revoked Certificates of Registration (Primary License)
EMINENCE LENDING INVESTOR INC.,,Philippines,List of Revoked Certificates of Registration (Primary License)
ETC LENDING INVESTOR INC.,,Philippines,List of Revoked Certificates of Registration (Primary License)
EVERBEST LENDING INVESTOR,,Philippines,List of Revoked Certificates of Registration (Primary License)
"EXPRESSADVANCE, INC.",,Philippines,List of Revoked Certificates of Registration (Primary License)
F.R.D. LENDING CO.,,Philippines,List of Revoked Certificates of Registration (Primary License)
GOLDEN COIN COLLECTION LENDING CORPORATION,,Philippines,List of Revoked Certificates of Registration (Primary License)
GREEN HOPE CREDIT CORP.,,Philippines,List of Revoked Certificates of Registration (Primary License)
GRV2 LENDING CORP.,,Philippines,List of Revoked Certificates of Registration (Primary License)
KABALIKAT SA HANAPBUHAY LENDING CORP.,,Philippines,List of Revoked Certificates of Registration (Primary License)
KAPALARAN LOANS & CREDIT CORP,,Philippines,List of Revoked Certificates of Registration (Primary License)
KIANGAN CREDIT RESOURCES & TRADING CORP.,,Philippines,List of Revoked Certificates of Registration (Primary License)
LENDING MARKETS OF CEBU CORP.,,Philippines,List of Revoked Certificates of Registration (Primary License)
"LENDIX HAUS, INC.",,Philippines,List of Revoked Certificates of Registration (Primary License)
LIGAYA PROPERTIES INC.,,Philippines,List of Revoked Certificates of Registration (Primary License)
"LKT LENDING CO, INC.",,Philippines,List of Revoked Certificates of Registration (Primary License)
LVK & VLK LENDING CORP.,,Philippines,List of Revoked Certificates of Registration (Primary License)
MANILA TEACHERS CREDIT CORPORATION,,Philippines,List of Revoked Certificates of Registration (Primary License)
METRO ASIA PACIFIC CREDIT CORP.,,Philippines,List of Revoked Certificates of Registration (Primary License)
METRO SUNRISE LENDING CORP.,,Philippines,List of Revoked Certificates of Registration (Primary License)
"MIDTOWN LENDING INVESTORS, INC.",,Philippines,List of Revoked Certificates of Registration (Primary License)
MODEST LOAN & CREDIT CORP.,,Philippines,List of Revoked Certificates of Registration (Primary License)
MONEY TREE LOAN CORP.,,Philippines,List of Revoked Certificates of Registration (Primary License)
MORNING STAR FINANCIAL RESOURCES CORPORATION,,Philippines,List of Revoked Certificates of Registration (Primary License)
MULTIPILIER LENDING CORP.,,Philippines,List of Revoked Certificates of Registration (Primary License)
NATIVITY LENDING RESOURCES INC.,,Philippines,List of Revoked Certificates of Registration (Primary License)
NEW CITY LENDING CORP.,,Philippines,List of Revoked Certificates of Registration (Primary License)
"PEERE CREDIT, INC.",,Philippines,List of Revoked Certificates of Registration (Primary License)
PESO & CENTS CREDIT RESOURCES,,Philippines,List of Revoked Certificates of Registration (Primary License)
PRISUNIC LENDING CORP.,,Philippines,List of Revoked Certificates of Registration (Primary License)
PROSPERITY LINK INC.,,Philippines,List of Revoked Certificates of Registration (Primary License)
PS LENDING INVESTOR INC.,,Philippines,List of Revoked Certificates of Registration (Primary License)
RSN PUNJAB TRADING & LENDING CORP.,,Philippines,List of Revoked Certificates of Registration (Primary License)
SAN CARLOS LENDING CORP.,,Philippines,List of Revoked Certificates of Registration (Primary License)
"ST. BENEDICT LENDING INVESTOR CO., INC.",,Philippines,List of Revoked Certificates of Registration (Primary License)
TERESA LENDING CORP.,,Philippines,List of Revoked Certificates of Registration (Primary License)
THE QUANTUM LINK LENDING CORP.,,Philippines,List of Revoked Certificates of Registration (Primary License)
TRISWELD CREDIT CORPORATION,,Philippines,List of Revoked Certificates of Registration (Primary License)
UNI-MOTORS LENDING CORP.,,Philippines,List of Revoked Certificates of Registration (Primary License)
“PAUTANG BAYAN” LENDING INC.,,Philippines,List of Revoked Certificates of Registration (Primary License)
3CF LENDING CORPORATION,,Philippines,List of Revoked Certificates of Registration (Primary License)
888 LOANS CORP.,,Philippines,List of Revoked Certificates of Registration (Primary License)
ADDMORE CREDIT RESOURCES INC.,,Philippines,List of Revoked Certificates of Registration (Primary License)
AKA-SH LENDING INVESTORS INC.,,Philippines,List of Revoked Certificates of Registration (Primary License)
ALFONSO LENDING INVESTOR CORP.,,Philippines,List of Revoked Certificates of Registration (Primary License)
ALIC LENDING INVESTORS CORP.,,Philippines,List of Revoked Certificates of Registration (Primary License)
ALLSTATE LOANS CORP.,,Philippines,List of Revoked Certificates of Registration (Primary License)
ALPS CREDIT CORP.,,Philippines,List of Revoked Certificates of Registration (Primary License)
ANCHOR 8 LENDING SYSTEMS CORPORATION,,Philippines,List of Revoked Certificates of Registration (Primary License)
ANJ LOANS INC.,,Philippines,List of Revoked Certificates of Registration (Primary License)
B.M.P. LENDING INC.,,Philippines,List of Revoked Certificates of Registration (Primary License)
BALIUAG LENDING CORP.,,Philippines,List of Revoked Certificates of Registration (Primary License)
BATHURST CAPITAL INC.,,Philippines,List of Revoked Certificates of Registration (Primary License)
BLOU PLATINUM CORP.,,Philippines,List of Revoked Certificates of Registration (Primary License)
BRAVO CREDIT A LENDING INVESTORS CORP.,,Philippines,List of Revoked Certificates of Registration (Primary License)
CAMBRIDGE CREDIT CORP.,,Philippines,List of Revoked Certificates of Registration (Primary License)
"CAS LENDING, INC.",,Philippines,List of Revoked Certificates of Registration (Primary License)
CASH & CREDIT SPECIALIST LENDING INVESTOR INC.,,Philippines,List of Revoked Certificates of Registration (Primary License)
CASH AGAD LENDING INC.,,Philippines,List of Revoked Certificates of Registration (Primary License)
D.G.E.N. LENDING CORP.,,Philippines,List of Revoked Certificates of Registration (Primary License)
DHANDWAL LENDING & TRADING CORP.,,Philippines,List of Revoked Certificates of Registration (Primary License)
DRCUBE LENDING CORP.,,Philippines,List of Revoked Certificates of Registration (Primary License)
DRJJJ LENDING CORP.,,Philippines,List of Revoked Certificates of Registration (Primary License)
ERLEE CREDIT CORP.,,Philippines,List of Revoked Certificates of Registration (Primary License)
FIRST BINONDO CREDIT (BFCC) CORP.,,Philippines,List of Revoked Certificates of Registration (Primary License)
FIRST KABUHAYAN LENDING CORP.,,Philippines,List of Revoked Certificates of Registration (Primary License)
FORTUNATE STAR LENDING CORP.,,Philippines,List of Revoked Certificates of Registration (Primary License)
GOOD SAMARITAN LENDING INVESTOR CORP.,,Philippines,List of Revoked Certificates of Registration (Primary License)
GOODWAY LENDING CORP.,,Philippines,List of Revoked Certificates of Registration (Primary License)
GRANTS CREDIT RESOURCES INC.,,Philippines,List of Revoked Certificates of Registration (Primary License)
GURMINDER-HARMINDER LENDING & TRADING CORP.,,Philippines,List of Revoked Certificates of Registration (Primary License)
HARRODS CREDIT CORP.,,Philippines,List of Revoked Certificates of Registration (Primary License)
HEDWIG LENDING CORPORATION,,Philippines,List of Revoked Certificates of Registration (Primary License)
INTERLEND CREDIT CORP.,,Philippines,List of Revoked Certificates of Registration (Primary License)
LAKHBIR LENDING & TRADING CORP.,,Philippines,List of Revoked Certificates of Registration (Primary License)
LE MAISON LENDING INC.,,Philippines,List of Revoked Certificates of Registration (Primary License)
LIST LENDING INVESTOR INC.,,Philippines,List of Revoked Certificates of Registration (Primary License)
LUCKY 8 CREDIT & LENDING CORP.,,Philippines,List of Revoked Certificates of Registration (Primary License)
MILESTONE LENDING CORP.,,Philippines,List of Revoked Certificates of Registration (Primary License)
MONARCH LOAN & CREDIT CORP.,,Philippines,List of Revoked Certificates of Registration (Primary License)
NOVO ECIJANO CREDIT CORP.,,Philippines,List of Revoked Certificates of Registration (Primary License)
ONGKIE MULTI VENTURES LENDING INVESTORS INC.,,Philippines,List of Revoked Certificates of Registration (Primary License)
PALMERA LENDING INVESTOR CORP.,,Philippines,List of Revoked Certificates of Registration (Primary License)
PAUL & PATRICK LENDING INVESTORS INC.,,Philippines,List of Revoked Certificates of Registration (Primary License)
PLANTERS LENDING CORP.,,Philippines,List of Revoked Certificates of Registration (Primary License)
PRIMERICA CREDIT CORP.,,Philippines,List of Revoked Certificates of Registration (Primary License)
READY RESOURCES INVESTORS LENDING CORP.,,Philippines,List of Revoked Certificates of Registration (Primary License)
RED CARPET LENDING & CREDIT CORP.,,Philippines,List of Revoked Certificates of Registration (Primary License)
RSB LENDING INVESTORS INC.,,Philippines,List of Revoked Certificates of Registration (Primary License)
SAN MIGUEL CREDIT CORP.,,Philippines,List of Revoked Certificates of Registration (Primary License)
SARDONYX LENDING INVESTORS INC.,,Philippines,List of Revoked Certificates of Registration (Primary License)
"SEAGAL LENDING INVESTOR, INC.",,Philippines,List of Revoked Certificates of Registration (Primary License)
SINAG ARAW CREDIT CORP.,,Philippines,List of Revoked Certificates of Registration (Primary License)
SOUTH PEARL LENDING & CREDIT CORP.,,Philippines,List of Revoked Certificates of Registration (Primary License)
SVA LOANS & CREDIT CORP.,,Philippines,List of Revoked Certificates of Registration (Primary License)
SWISS CREDIT CORP.,,Philippines,List of Revoked Certificates of Registration (Primary License)
TAGAPAGLINGKOD CREDIT CORP.,,Philippines,List of Revoked Certificates of Registration (Primary License)
THAKURI LENDING CORP.,,Philippines,List of Revoked Certificates of Registration (Primary License)
THE UPHOLDER LENDING (PARANAQUE) CORP.,,Philippines,List of Revoked Certificates of Registration (Primary License)
TRENDLINES CREDIT CORP.,,Philippines,List of Revoked Certificates of Registration (Primary License)
TRIUMPH LOANS & CREDIT CORP.,,Philippines,List of Revoked Certificates of Registration (Primary License)
TRUE WORTH LENDING CORP.,,Philippines,List of Revoked Certificates of Registration (Primary License)
WINTHEX CREDIT INC.,,Philippines,List of Revoked Certificates of Registration (Primary License)
2716 LENDING COMPANY,,Philippines,List of Revoked Lending Companies (Partnership)
3 KARATS LENDING INVESTOR CO.,,Philippines,List of Revoked Lending Companies (Partnership)
3K LENDING CENTER CO.,,Philippines,List of Revoked Lending Companies (Partnership)
4-LEAF CLOVER LENDING INVESTOR CO.,,Philippines,List of Revoked Lending Companies (Partnership)
5972 LENDING INVESTOR CO.,,Philippines,List of Revoked Lending Companies (Partnership)
5H FLEX LENDING SVCS. CO.,,Philippines,List of Revoked Lending Companies (Partnership)
7G LENDING SERVICES CO.,,Philippines,List of Revoked Lending Companies (Partnership)
A&C HERITAGE CO.,,Philippines,List of Revoked Lending Companies (Partnership)
A&G LENDING INVESTOR CO.,,Philippines,List of Revoked Lending Companies (Partnership)
A.K. 47 LENDING INVESTOR CO.,,Philippines,List of Revoked Lending Companies (Partnership)
A.S.M. LENDING & TRADING CO.,,Philippines,List of Revoked Lending Companies (Partnership)
ABRAM FAITH HOPE LENDING INVESTORS CO.,,Philippines,List of Revoked Lending Companies (Partnership)
ABS STAR LENDING INVESTORS CO.,,Philippines,List of Revoked Lending Companies (Partnership)
ACENIR LENDING INVESTOR CO.,,Philippines,List of Revoked Lending Companies (Partnership)
ADVAN LENDING INVESTOR CO.,,Philippines,List of Revoked Lending Companies (Partnership)
AGCRI LENDING INVESTOR CO.,,Philippines,List of Revoked Lending Companies (Partnership)
AGGARWAL LENDING & TRADING CO.,,Philippines,List of Revoked Lending Companies (Partnership)
AICOR RICH LENDING CO.,,Philippines,List of Revoked Lending Companies (Partnership)
AJ-A CONSUMER LENDING COMPANY,,Philippines,List of Revoked Lending Companies (Partnership)
AJAY LENDING & TRADING CO.,,Philippines,List of Revoked Lending Companies (Partnership)
AJS INTL. LENDING LTD. CO.,,Philippines,List of Revoked Lending Companies (Partnership)
AKAL C.I.P. LENDING INVESTOR & TRADING CO. LTD.,,Philippines,List of Revoked Lending Companies (Partnership)
ALADDIN LENDING & SVCS. CO.,,Philippines,List of Revoked Lending Companies (Partnership)
ALDON LENDING & LOAN CO.,,Philippines,List of Revoked Lending Companies (Partnership)
ALGI LENDING INVESTOR CO.,,Philippines,List of Revoked Lending Companies (Partnership)
ALL SEASONS CREDIT COMPANY,,Philippines,List of Revoked Lending Companies (Partnership)
ALM LENDING CO.,,Philippines,List of Revoked Lending Companies (Partnership)
ALTITUDE LENDING INVESTOR CO.,,Philippines,List of Revoked Lending Companies (Partnership)
AL-WEN CREDIT CO.,,Philippines,List of Revoked Lending Companies (Partnership)
ALZAS LENDING INVESTOR CO.,,Philippines,List of Revoked Lending Companies (Partnership)
AM 75 LENDING INVESTORS CO.,,Philippines,List of Revoked Lending Companies (Partnership)
AM PARTNER LENDING & CREDIT CO.,,Philippines,List of Revoked Lending Companies (Partnership)
AMAC LENDING CO.,,Philippines,List of Revoked Lending Companies (Partnership)
AMERIGO CREDIT CO.,,Philippines,List of Revoked Lending Companies (Partnership)
AMIT SOGI LENDING INVESTOR CO.,,Philippines,List of Revoked Lending Companies (Partnership)
AMRIT VEER LENDING & TRADING CO.,,Philippines,List of Revoked Lending Companies (Partnership)
ANAND CREDIT RESOURCES CO.,,Philippines,List of Revoked Lending Companies (Partnership)
ANAND ISHER LENDING & TRADING CO.,,Philippines,List of Revoked Lending Companies (Partnership)
ANCO LENDING CO.,,Philippines,List of Revoked Lending Companies (Partnership)
ANISH LENDING & TRADING CO. LTD.,,Philippines,List of Revoked Lending Companies (Partnership)
AR-LOU LENDING CO.,,Philippines,List of Revoked Lending Companies (Partnership)
ARRIETA & CO. LTD.,,Philippines,List of Revoked Lending Companies (Partnership)
AS DUBB LENDING INVESTOR CO.,,Philippines,List of Revoked Lending Companies (Partnership)
ASHRAM TRADING & CREDIT RESOURCES CO. LTD.,,Philippines,List of Revoked Lending Companies (Partnership)
ASHUTOSH AMOL LENDING & TRADING CO.,,Philippines,List of Revoked Lending Companies (Partnership)
ASSETS FORMING LENDING INVESTOR CO.,,Philippines,List of Revoked Lending Companies (Partnership)
AUJLA LENDING & TRADING CO.,,Philippines,List of Revoked Lending Companies (Partnership)
AUROFELS LENDING SVCS. CO.,,Philippines,List of Revoked Lending Companies (Partnership)
AURORA FIRST LENDING CO.,,Philippines,List of Revoked Lending Companies (Partnership)
ÂUSPICIOUS LENDING INVESTOR CO.,,Philippines,List of Revoked Lending Companies (Partnership)
AV MARQUEZ LENDING CO.,,Philippines,List of Revoked Lending Companies (Partnership)
AVICO LENDING INVESTOR CO.,,Philippines,List of Revoked Lending Companies (Partnership)
AZEC LENDING CO.,,Philippines,List of Revoked Lending Companies (Partnership)
B S E LENDING COMPANY,,Philippines,List of Revoked Lending Companies (Partnership)
B&L LENDING CO.,,Philippines,List of Revoked Lending Companies (Partnership)
BABA BAJEE SHAIB LENDING & TRADING CO.,,Philippines,List of Revoked Lending Companies (Partnership)
BABA BALAK LENDING & TRADING CO.,,Philippines,List of Revoked Lending Companies (Partnership)
BABA SHAHEED LENDING & TRADING CO.,,Philippines,List of Revoked Lending Companies (Partnership)
BABAJAWAHAR DASS LENDING CO.,,Philippines,List of Revoked Lending Companies (Partnership)
BAGA DURANA LENDING CO.,,Philippines,List of Revoked Lending Companies (Partnership)
BAGGA SINGH LENDING INVESTOR LTD. CO.,,Philippines,List of Revoked Lending Companies (Partnership)
BAINS FRIENDS LENDING INVESTOR & TRADING CO.,,Philippines,List of Revoked Lending Companies (Partnership)
BAL LENDING CO.,,Philippines,List of Revoked Lending Companies (Partnership)
BALBON LENDING INVESTOR CO.,,Philippines,List of Revoked Lending Companies (Partnership)
BALWINDRA SINGH LENDING CO. LTD.,,Philippines,List of Revoked Lending Companies (Partnership)
BAM LENDING & TRADING CO.,,Philippines,List of Revoked Lending Companies (Partnership)
BANABA EAST LENDING INVESTOR CO.,,Philippines,List of Revoked Lending Companies (Partnership)
BANGUI VALLEY LENDING INVESTOR CO.,,Philippines,List of Revoked Lending Companies (Partnership)
BANKERO LENDING INVESTOR CO.,,Philippines,List of Revoked Lending Companies (Partnership)
BANSAL LENDING & TRADING CO.,,Philippines,List of Revoked Lending Companies (Partnership)
BANTI SUKHI LENDING & TRADING CO. LTD.,,Philippines,List of Revoked Lending Companies (Partnership)
BATANGAS ERA LENDING INVESTOR CO.,,Philippines,List of Revoked Lending Companies (Partnership)
BATANGAS LENDERS INTL. CO. LTD.,,Philippines,List of Revoked Lending Companies (Partnership)
BATANGAS MONEYSHOP LENDING INVESTOR CO.,,Philippines,List of Revoked Lending Companies (Partnership)
BATHAN & CABARRUBIA LENDING INVESTOR CO.,,Philippines,List of Revoked Lending Companies (Partnership)
BATMARK LENDING HOUSE CO.,,Philippines,List of Revoked Lending Companies (Partnership)
BAYVIEW LENDING INVESTORS CO.,,Philippines,List of Revoked Lending Companies (Partnership)
BCS LENDING CO.,,Philippines,List of Revoked Lending Companies (Partnership)
BEA LENDING & TRADING CO. LTD.,,Philippines,List of Revoked Lending Companies (Partnership)
BEAM LENDING INVESTOR CO.,,Philippines,List of Revoked Lending Companies (Partnership)
BELLIKEN LENDING CO.,,Philippines,List of Revoked Lending Companies (Partnership)
BENMARK LENDING CO.,,Philippines,List of Revoked Lending Companies (Partnership)
BEP LENDING INVESTOR CO.,,Philippines,List of Revoked Lending Companies (Partnership)
BEST LINE LENDING CO.,,Philippines,List of Revoked Lending Companies (Partnership)
BETHVES LENDING INVESTOR CO.,,Philippines,List of Revoked Lending Companies (Partnership)
BFHS LENDING INVESTORS CO.,,Philippines,List of Revoked Lending Companies (Partnership)
BHAGAT RAM LENDING & TRADING CO.,,Philippines,List of Revoked Lending Companies (Partnership)
BHALLA KRISHAN LENDING INVESTOR LTD. CO.,,Philippines,List of Revoked Lending Companies (Partnership)
BHANGOO LENDING & TRADING CO.,,Philippines,List of Revoked Lending Companies (Partnership)
BHARPUR LENDING INVESTOR CO.,,Philippines,List of Revoked Lending Companies (Partnership)
BHATIA LENDING CO.,,Philippines,List of Revoked Lending Companies (Partnership)
BHATOYA GEN. MDSE. & LENDING INVESTOR CO.,,Philippines,List of Revoked Lending Companies (Partnership)
BHAWANI LENDING & TRADING CO.,,Philippines,List of Revoked Lending Companies (Partnership)
BHOSS LENDING INVESTOR CO.,,Philippines,List of Revoked Lending Companies (Partnership)
BHULLER & FRIENDS LENDING INVESTOR CO.,,Philippines,List of Revoked Lending Companies (Partnership)
BI LENDING & TRADING CO.,,Philippines,List of Revoked Lending Companies (Partnership)
BIG DUCKS LENDING COMPANY,,Philippines,List of Revoked Lending Companies (Partnership)
BIHAR LENDING INVESTOR & TRADING CO.,,Philippines,List of Revoked Lending Companies (Partnership)
BILGA LENDING CO.,,Philippines,List of Revoked Lending Companies (Partnership)
BIRING LENDING & TRADING CO.,,Philippines,List of Revoked Lending Companies (Partnership)
BITU LENDING & TRADING CO.,,Philippines,List of Revoked Lending Companies (Partnership)
BJ LENDING INVESTORS & TRADING CO.,,Philippines,List of Revoked Lending Companies (Partnership)
BMS LENDING INVESTOR CO.,,Philippines,List of Revoked Lending Companies (Partnership)
BOLA LENDING & TRADING CO.,,Philippines,List of Revoked Lending Companies (Partnership)
BONCHI LENDING CO.,,Philippines,List of Revoked Lending Companies (Partnership)
BONI LENDING INVESTOR CO.,,Philippines,List of Revoked Lending Companies (Partnership)
BONNE FORTUNE LENDING CO.,,Philippines,List of Revoked Lending Companies (Partnership)
BP LENDING INVESTORS CO.,,Philippines,List of Revoked Lending Companies (Partnership)
BRAR FOUR LENDING CO.,,Philippines,List of Revoked Lending Companies (Partnership)
BRAR LENDING INVESTOR & TRADING CO.,,Philippines,List of Revoked Lending Companies (Partnership)
BRICKSTOWN LENDING INVESTOR LTD. CO.,,Philippines,List of Revoked Lending Companies (Partnership)
BRM LENDING LTD. CO.,,Philippines,List of Revoked Lending Companies (Partnership)
BROWNCON LENDING & TRADING CO. LTD.,,Philippines,List of Revoked Lending Companies (Partnership)
BUCKS LENDING & INVESTOR CO.,,Philippines,List of Revoked Lending Companies (Partnership)
BUENAS PARES LENDING INVESTOR OF LIPA CITY CO.,,Philippines,List of Revoked Lending Companies (Partnership)
BUNSO LENDING INVESTOR CO.,,Philippines,List of Revoked Lending Companies (Partnership)
BUYGON LENDING CO.,,Philippines,List of Revoked Lending Companies (Partnership)
BXU BUTUAN LENDING INVESTOR COMPANY,,Philippines,List of Revoked Lending Companies (Partnership)
BYMM LENDING INVESTOR COMPANY,,Philippines,List of Revoked Lending Companies (Partnership)
C. MONTES LENDING CO.,,Philippines,List of Revoked Lending Companies (Partnership)
C.E. LENDING INVESTORS CO. LTD.,,Philippines,List of Revoked Lending Companies (Partnership)
"CAA MANDUG LENDING CO., LTD.",,Philippines,List of Revoked Lending Companies (Partnership)
CABALHIN LENDING INVESTORS CO.,,Philippines,List of Revoked Lending Companies (Partnership)
CABANATUAN LENDING INSTITUTION CO.,,Philippines,List of Revoked Lending Companies (Partnership)
CADELINA-FELLIZAR LENDING INVESTORS CO.,,Philippines,List of Revoked Lending Companies (Partnership)
CALIFORNIA PACIFIC LENDING INVESTOR CO.,,Philippines,List of Revoked Lending Companies (Partnership)
CAMARINES LENDING & TRADING CO.,,Philippines,List of Revoked Lending Companies (Partnership)
CAMEO LENDING INVESTORS CO.,,Philippines,List of Revoked Lending Companies (Partnership)
CARIZON & SINGH LENDING INVESTOR CO.,,Philippines,List of Revoked Lending Companies (Partnership)
CARMONA LENDING INVESTOR CO.,,Philippines,List of Revoked Lending Companies (Partnership)
CASANAS LENDING CO.,,Philippines,List of Revoked Lending Companies (Partnership)
CASANAYAN LENDING CO.,,Philippines,List of Revoked Lending Companies (Partnership)
CASHOUSE LENDING CO.,,Philippines,List of Revoked Lending Companies (Partnership)
CASTLE LENDING ENTERPRISES CO.,,Philippines,List of Revoked Lending Companies (Partnership)
CEAZAR PACIFIC MONEY LENDING CO. LTD.,,Philippines,List of Revoked Lending Companies (Partnership)
CEBU TEACHERS LENDING INVESTORS CO.,,Philippines,List of Revoked Lending Companies (Partnership)
CEDARAPH LENDING CO.,,Philippines,List of Revoked Lending Companies (Partnership)
CEFERINO’S CREDIT & LENDING (CCLC) COMPANY,,Philippines,List of Revoked Lending Companies (Partnership)
CELCRICHA NZ LENDING INVESTOR CO. LTD.,,Philippines,List of Revoked Lending Companies (Partnership)
CENTERLINE LENDING CO.,,Philippines,List of Revoked Lending Companies (Partnership)
CENTRUM CREDIT AND LENDING INVESTORS CO.,,Philippines,List of Revoked Lending Companies (Partnership)
CGH LENDING INVESTOR COMPANY,,Philippines,List of Revoked Lending Companies (Partnership)
CHAHAIL LENDING CO.,,Philippines,List of Revoked Lending Companies (Partnership)
CHAHAL LENDING INVESTOR & TRADING CO.,,Philippines,List of Revoked Lending Companies (Partnership)
CHAMDAL LENDING INVESTOR CO.,,Philippines,List of Revoked Lending Companies (Partnership)
CHAND LENDING CO.,,Philippines,List of Revoked Lending Companies (Partnership)
CHANNU WALA LENDING & TRADING CO.,,Philippines,List of Revoked Lending Companies (Partnership)
CHARLENE CREDIT RESOURCES CO.,,Philippines,List of Revoked Lending Companies (Partnership)
CHEEMA LENDING CO.,,Philippines,List of Revoked Lending Companies (Partnership)
CHI LENDING INVESTORS & CO.,,Philippines,List of Revoked Lending Companies (Partnership)
CHOONG TIGER FORCE LENDING INVESTOR & TRADING CO.,,Philippines,List of Revoked Lending Companies (Partnership)
CITIZEN LENDING RESOURCES CO.,,Philippines,List of Revoked Lending Companies (Partnership)
CJ LENDING CO.,,Philippines,List of Revoked Lending Companies (Partnership)
COMPACT CREDIT CO.,,Philippines,List of Revoked Lending Companies (Partnership)
CORDILLERA LENDING & ALLIED SVCS. (CLAS) CO.,,Philippines,List of Revoked Lending Companies (Partnership)
COUNTRYWIDE LENDERS GROUP CO.,,Philippines,List of Revoked Lending Companies (Partnership)
CPC LENDING CO.,,Philippines,List of Revoked Lending Companies (Partnership)
CRISTAL LENDING INVESTOR CO.,,Philippines,List of Revoked Lending Companies (Partnership)
CRITERION LENDING INVESTORS CO.,,Philippines,List of Revoked Lending Companies (Partnership)
CSL LENDING INVESTOR CO.,,Philippines,List of Revoked Lending Companies (Partnership)
CYN & SONS LENDING CO.,,Philippines,List of Revoked Lending Companies (Partnership)
D&B LENDING LTD. CO.,,Philippines,List of Revoked Lending Companies (Partnership)
D&D LENDING INVESTORS CO.,,Philippines,List of Revoked Lending Companies (Partnership)
D.S.P. LENDING & ENT. CO.,,Philippines,List of Revoked Lending Companies (Partnership)
DAA LOANS & CREDIT HOUSE CO.,,Philippines,List of Revoked Lending Companies (Partnership)
DARK HORSE CO.,,Philippines,List of Revoked Lending Companies (Partnership)
DARSHAN LENDING CO.,,Philippines,List of Revoked Lending Companies (Partnership)
DASHMES LENDING CO.,,Philippines,List of Revoked Lending Companies (Partnership)
DASS & TALWAR LENDING & TRADING CO.,,Philippines,List of Revoked Lending Companies (Partnership)
DAVIMART LENDING CO.,,Philippines,List of Revoked Lending Companies (Partnership)
DAWNERS CREDIT INTERNATIONAL (DCI) CO.,,Philippines,List of Revoked Lending Companies (Partnership)
DAYOT LENDING CO.,,Philippines,List of Revoked Lending Companies (Partnership)
DAYSTAR LENDING INVESTOR CO.,,Philippines,List of Revoked Lending Companies (Partnership)
DE GUZMAN – MENDOZA LUCKY LENDING INVESTOR CO.,,Philippines,List of Revoked Lending Companies (Partnership)
DE GUZMAN & GRANADOS LENDING INVESTOR CO.,,Philippines,List of Revoked Lending Companies (Partnership)
DELA CRUZ & DOLE LENDING INVESTOR & GEN. MDSE. CO.,,Philippines,List of Revoked Lending Companies (Partnership)
DEMS LENDING INVESTORS LTD. CO.,,Philippines,List of Revoked Lending Companies (Partnership)
DEOL-BAINS LENDING & TRADING CO.,,Philippines,List of Revoked Lending Companies (Partnership)
DEPENDABLE LENDING CO.,,Philippines,List of Revoked Lending Companies (Partnership)
DEV LENDING CO.,,Philippines,List of Revoked Lending Companies (Partnership)
DG PENSION LENDING COMPANY,,Philippines,List of Revoked Lending Companies (Partnership)
DHADWAL LENDING CO.,,Philippines,List of Revoked Lending Companies (Partnership)
DHALIWAL & RAI LENDING & DRY GOODS WHOLESALER CO.,,Philippines,List of Revoked Lending Companies (Partnership)
DHALIWAL LENDING & TRADING CO.,,Philippines,List of Revoked Lending Companies (Partnership)
DHAN DHAN SHRI GURU NANAK DEVI JI CREDIT RESOURCES CO.,,Philippines,List of Revoked Lending Companies (Partnership)
DHANESAR LENDING INVESTOR & TRADING CO.,,Philippines,List of Revoked Lending Companies (Partnership)
DHATT-SANDHU LENDING & TRADING CO.,,Philippines,List of Revoked Lending Companies (Partnership)
DHEVHI LENDING INVESTOR CO.,,Philippines,List of Revoked Lending Companies (Partnership)
DIAMOND ANGELES SAN LUIS LENDING SVCS. CO.,,Philippines,List of Revoked Lending Companies (Partnership)
DICK & TREVOR LENDING & ENTS. CO.,,Philippines,List of Revoked Lending Companies (Partnership)
DINAR LENDING INVESTOR & TRADING CO.,,Philippines,List of Revoked Lending Companies (Partnership)
DINGLE (ILOILO) LENDING CO.,,Philippines,List of Revoked Lending Companies (Partnership)
DIPOLOG GEEM LENDING INVESTOR CO.,,Philippines,List of Revoked Lending Companies (Partnership)
DIPPA & GUIZARA LENDING & TRADING CO.,,Philippines,List of Revoked Lending Companies (Partnership)
DNL LENDING COMPANY,,Philippines,List of Revoked Lending Companies (Partnership)
DOABA LENDING INVESTOR & TRADING CO.,,Philippines,List of Revoked Lending Companies (Partnership)
DOBABA LENDING & TRADING CO.,,Philippines,List of Revoked Lending Companies (Partnership)
DOL CREDIT SVCS. CO. LTD.,,Philippines,List of Revoked Lending Companies (Partnership)
DOLL LENDING & TRADING CO.,,Philippines,List of Revoked Lending Companies (Partnership)
DOOL LENDING & TRADING CO.,,Philippines,List of Revoked Lending Companies (Partnership)
DOUBLE D LENDING INVESTOR CO.,,Philippines,List of Revoked Lending Companies (Partnership)
DOUBLE NC LENDING INVESTOR CO.,,Philippines,List of Revoked Lending Companies (Partnership)
DOUGHS & QUIDS LENDING INVESTOR CO.,,Philippines,List of Revoked Lending Companies (Partnership)
DPM LENDING CO.,,Philippines,List of Revoked Lending Companies (Partnership)
DULAY LENDING INVESTOR CO.,,Philippines,List of Revoked Lending Companies (Partnership)
DURANS PARTNERSHIP CO.,,Philippines,List of Revoked Lending Companies (Partnership)
DYNAMIC ASSETS LENDING CO.,,Philippines,List of Revoked Lending Companies (Partnership)
DYQUIANGCO LENDING INVESTOR (DLI) CO.,,Philippines,List of Revoked Lending Companies (Partnership)
E&E LENDING INVESTORS CO.,,Philippines,List of Revoked Lending Companies (Partnership)
EAGLE_8_LENDING INVESTORS CO.,,Philippines,List of Revoked Lending Companies (Partnership)
EAI LENDING INVESTORS CO.,,Philippines,List of Revoked Lending Companies (Partnership)
EARLY LENDING CO.,,Philippines,List of Revoked Lending Companies (Partnership)
ECKARDIAS CHANG LENDING INVESTORS LTD. CO.,,Philippines,List of Revoked Lending Companies (Partnership)
EFTEVE LENDING INVESTOR CO.,,Philippines,List of Revoked Lending Companies (Partnership)
EGK METRO LENDING INVESTOR LTD. CO.,,Philippines,List of Revoked Lending Companies (Partnership)
EIB LENDING INVESTOR CO.,,Philippines,List of Revoked Lending Companies (Partnership)
ELR LENDING CO.,,Philippines,List of Revoked Lending Companies (Partnership)
EM-CON LENDING INVESTOR CO.,,Philippines,List of Revoked Lending Companies (Partnership)
EMILIO AND LIGAYA PAMISA’S FAMILY LENDIN S CO. (ELPELICO),,Philippines,List of Revoked Lending Companies (Partnership)
EMILIZ LENDING INVESTORS LTD. CO.,,Philippines,List of Revoked Lending Companies (Partnership)
ENIGMA LENDING & TRADING CO. LTD.,,Philippines,List of Revoked Lending Companies (Partnership)
ENZED LENDING PARTNERS CO.,,Philippines,List of Revoked Lending Companies (Partnership)
ERICOY LENDING INVESTORS CO.,,Philippines,List of Revoked Lending Companies (Partnership)
ERNESTOR LENDING CO.,,Philippines,List of Revoked Lending Companies (Partnership)
ERRO LENDING COMPANY,,Philippines,List of Revoked Lending Companies (Partnership)
ESGUERRAS LENDING INVESTORS CO.,,Philippines,List of Revoked Lending Companies (Partnership)
ESPY LENDING CO.,,Philippines,List of Revoked Lending Companies (Partnership)
F. JOHN MARTIN LENDING INVESTOR CO.,,Philippines,List of Revoked Lending Companies (Partnership)
F.R.D. LENDING CO.,,Philippines,List of Revoked Lending Companies (Partnership)
FAIR & SQUARE LENDING INVESTOR CO.,,Philippines,List of Revoked Lending Companies (Partnership)
FAMED R-NET CO.,,Philippines,List of Revoked Lending Companies (Partnership)
FAMOUS LENDING INVESTOR CO.,,Philippines,List of Revoked Lending Companies (Partnership)
FAP LENDING INVESTOR CO.,,Philippines,List of Revoked Lending Companies (Partnership)
FB LENDING CO.,,Philippines,List of Revoked Lending Companies (Partnership)
FIL LADIES LENDING CO.,,Philippines,List of Revoked Lending Companies (Partnership)
FIRST CABUYAO LENDING INVESTOR CO.,,Philippines,List of Revoked Lending Companies (Partnership)
FIRST ISABELA LENDING INVESTORS CO.,,Philippines,List of Revoked Lending Companies (Partnership)
FIRST LOS BANOS KABAYAN LENDING CO.,,Philippines,List of Revoked Lending Companies (Partnership)
FIRST MAHARLIKA LENDING INVESTOR CO. LTD.,,Philippines,List of Revoked Lending Companies (Partnership)
FIRST MUNTINLUPA LENDING INVESTORS CO.,,Philippines,List of Revoked Lending Companies (Partnership)
FIRST OASIS LOAN CO.,,Philippines,List of Revoked Lending Companies (Partnership)
FMBJ LENDING CO.,,Philippines,List of Revoked Lending Companies (Partnership)
FORT LENDING INVESTOR CO.,,Philippines,List of Revoked Lending Companies (Partnership)
FRANZILYN LENDING INVESTOR CO.,,Philippines,List of Revoked Lending Companies (Partnership)
FRIENDS FINEST LENDING CO. LTD.,,Philippines,List of Revoked Lending Companies (Partnership)
FRONTDOOR LENDING & TRADING CO. LTD.,,Philippines,List of Revoked Lending Companies (Partnership)
FUND AID LENDING INVESTORS CO.,,Philippines,List of Revoked Lending Companies (Partnership)
G&C LENDING CO.,,Philippines,List of Revoked Lending Companies (Partnership)
G&G LENDING CO.,,Philippines,List of Revoked Lending Companies (Partnership)
G.R.E. LENDING CO. LTD.,,Philippines,List of Revoked Lending Companies (Partnership)
GAGAN TRADING & LENDING CO.,,Philippines,List of Revoked Lending Companies (Partnership)
GALANG & BUNAG & ASSO. LENDING CO.,,Philippines,List of Revoked Lending Companies (Partnership)
GAMDEV LENDING CO.,,Philippines,List of Revoked Lending Companies (Partnership)
GANDHI LENDING INVESTOR LTD. CO.,,Philippines,List of Revoked Lending Companies (Partnership)
GANDRA LENDING & TRADING CO. LTD.,,Philippines,List of Revoked Lending Companies (Partnership)
GANESH LENDING CO.,,Philippines,List of Revoked Lending Companies (Partnership)
GANGOTRE BROS. LENDING INVESTOR & TRADING CO.,,Philippines,List of Revoked Lending Companies (Partnership)
GARNES LENDING CO.,,Philippines,List of Revoked Lending Companies (Partnership)
GATCHBECK LENDING COMPANY,,Philippines,List of Revoked Lending Companies (Partnership)
GDS LENDING & TRADING CO.,,Philippines,List of Revoked Lending Companies (Partnership)
GE LENDING INVESTORS CO.,,Philippines,List of Revoked Lending Companies (Partnership)
GEAVER LENDING INVESTOR CO.,,Philippines,List of Revoked Lending Companies (Partnership)
GEM LOANS & CREDIT CO.,,Philippines,List of Revoked Lending Companies (Partnership)
GEMANTI LENDING INVESTOR CO.,,Philippines,List of Revoked Lending Companies (Partnership)
GEMLINK LENDING VENTURES CO.,,Philippines,List of Revoked Lending Companies (Partnership)
GERRY B. LENDING INVESTOR CO.,,Philippines,List of Revoked Lending Companies (Partnership)
GESSNEC LENDING INVESTOR CO.,,Philippines,List of Revoked Lending Companies (Partnership)
GGH LENDING INVESTOR CO.,,Philippines,List of Revoked Lending Companies (Partnership)
GGL LENDING CO. LTD.,,Philippines,List of Revoked Lending Companies (Partnership)
GHUMAN LENDING CO.,,Philippines,List of Revoked Lending Companies (Partnership)
GIAN LENDING INVESTOR CO.,,Philippines,List of Revoked Lending Companies (Partnership)
GILL & FRIENDS LENDING CO.,,Philippines,List of Revoked Lending Companies (Partnership)
GILL & SIDHU EASY LOAN CO.,,Philippines,List of Revoked Lending Companies (Partnership)
GLR LENDING INVESTOR & TRADING CO. LTD.,,Philippines,List of Revoked Lending Companies (Partnership)
GMR LENDING & TRADING CO.,,Philippines,List of Revoked Lending Companies (Partnership)
GOBIND LENDING INVESTOR CO.,,Philippines,List of Revoked Lending Companies (Partnership)
GOLDEN GATE EXPRESS LOANS CO. LTD.,,Philippines,List of Revoked Lending Companies (Partnership)
GOLDEN MINE CREDIT & LENDING CO. LTD.,,Philippines,List of Revoked Lending Companies (Partnership)
GOLDEN TEMPLE CREDIT & RESOURCES LTD. CO.,,Philippines,List of Revoked Lending Companies (Partnership)
GOLDEN TEMPLE LENDING INVESTOR LTD. CO.,,Philippines,List of Revoked Lending Companies (Partnership)
GOLDENEYE LENDING INVESTORS CO.,,Philippines,List of Revoked Lending Companies (Partnership)
GOLDLAND LENDING & CREDIT CO.,,Philippines,List of Revoked Lending Companies (Partnership)
GOLDLUCK LENDING INVESTORS CO.,,Philippines,List of Revoked Lending Companies (Partnership)
GOLDY LENDING & TRADING CO.,,Philippines,List of Revoked Lending Companies (Partnership)
GOODWILL FUNDS INVESTORS CO.,,Philippines,List of Revoked Lending Companies (Partnership)
GOPAL LENDING & ENTS. CO.,,Philippines,List of Revoked Lending Companies (Partnership)
GREEN VIEW LENDING INVESTOR CO.,,Philippines,List of Revoked Lending Companies (Partnership)
GREWAL LENDING CO.,,Philippines,List of Revoked Lending Companies (Partnership)
GROUPE LENDING CO.,,Philippines,List of Revoked Lending Companies (Partnership)
GSJP & PARTNERS LENDING SERVICES CO. LTD.,,Philippines,List of Revoked Lending Companies (Partnership)
G-TEN TRADING & LENDING INVESTOR CO.,,Philippines,List of Revoked Lending Companies (Partnership)
GUJJERWALL LENDING & TRADING CO.,,Philippines,List of Revoked Lending Companies (Partnership)
GURA LENDING & TRADING CO.,,Philippines,List of Revoked Lending Companies (Partnership)
GURMAIL & NOEMI PARTNERSHIP CO.,,Philippines,List of Revoked Lending Companies (Partnership)
GURPASAD LENDING INVESTOR CO.,,Philippines,List of Revoked Lending Companies (Partnership)
GURTI LENDING INVESTOR & TRADING CO.,,Philippines,List of Revoked Lending Companies (Partnership)
GURU ARJAN LENDING CO.,,Philippines,List of Revoked Lending Companies (Partnership)
GURU GOVIND SINGH LENDING & TRADING CO.,,Philippines,List of Revoked Lending Companies (Partnership)
GURU NANAK LENDING & TRADING CO.,,Philippines,List of Revoked Lending Companies (Partnership)
GUZEL LENDING & TRADING CO. LTD.,,Philippines,List of Revoked Lending Companies (Partnership)
GVN CREDIT CO.,,Philippines,List of Revoked Lending Companies (Partnership)
H&J LENDING LTD. CO.,,Philippines,List of Revoked Lending Companies (Partnership)
H.B. DEL ROSARIO LENDING INVESTMENT LTD. CO.,,Philippines,List of Revoked Lending Companies (Partnership)
H.L.C. LENDING INVESTOR CO.,,Philippines,List of Revoked Lending Companies (Partnership)
HAFALLA & PAL LENDING INVESTOR & GEN. MDSE. CO.,,Philippines,List of Revoked Lending Companies (Partnership)
HAMKUNT LENDING INVESTORS CO.,,Philippines,List of Revoked Lending Companies (Partnership)
HANAKO LENDING CO. LTD.,,Philippines,List of Revoked Lending Companies (Partnership)
HANNA AMPARO LENDING INVESTOR CO.,,Philippines,List of Revoked Lending Companies (Partnership)
HANNA EDCE LENDING INVESTOR CO.,,Philippines,List of Revoked Lending Companies (Partnership)
HARGARNES LENDING CO.,,Philippines,List of Revoked Lending Companies (Partnership)
HAR-GILL LENDING & TRADING CO.,,Philippines,List of Revoked Lending Companies (Partnership)
HARJOT LENDING & TRADING CO.,,Philippines,List of Revoked Lending Companies (Partnership)
HARSH ATTI LENDING & TRADING CO.,,Philippines,List of Revoked Lending Companies (Partnership)
HASHBROWN LENDING & TRADING CO. LTD.,,Philippines,List of Revoked Lending Companies (Partnership)
HEENA LENDING & TRADING CO. LTD.,,Philippines,List of Revoked Lending Companies (Partnership)
HEERA LENDING & TRADING CO. LTD.,,Philippines,List of Revoked Lending Companies (Partnership)
HIGASHI LENDING SVCS. CO.,,Philippines,List of Revoked Lending Companies (Partnership)
HRM LENDING INVESTOR CO.,,Philippines,List of Revoked Lending Companies (Partnership)
HYPER LENDING COMPANY,,Philippines,List of Revoked Lending Companies (Partnership)
IAY LENDING CO.,,Philippines,List of Revoked Lending Companies (Partnership)
ICELAND LENDING INVESTOR & TRADING CO.,,Philippines,List of Revoked Lending Companies (Partnership)
ICM CREDIT & LENDING INVESTORS CO.,,Philippines,List of Revoked Lending Companies (Partnership)
IFS LENDING CO.,,Philippines,List of Revoked Lending Companies (Partnership)
ILMS LENDING INVESTOS CO.,,Philippines,List of Revoked Lending Companies (Partnership)
INDERZOIL LENDING & TRADING CO.,,Philippines,List of Revoked Lending Companies (Partnership)
INDIAN LENDING INVESTOR & TRADING CO.,,Philippines,List of Revoked Lending Companies (Partnership)
INDIVIDUAL LENDING INVESTOR & TRADING CO.,,Philippines,List of Revoked Lending Companies (Partnership)
INTERACT LENDING INVESTOR CO.,,Philippines,List of Revoked Lending Companies (Partnership)
ISAJOHN LENDING INVESTOR CO.,,Philippines,List of Revoked Lending Companies (Partnership)
ISHER LENDING INVESTOR & TRADING CO.,,Philippines,List of Revoked Lending Companies (Partnership)
J&E LENDING INVESTOR CO.,,Philippines,List of Revoked Lending Companies (Partnership)
J&I LENDING CO.,,Philippines,List of Revoked Lending Companies (Partnership)
J&R LENDING INVESTOR CO.,,Philippines,List of Revoked Lending Companies (Partnership)
J.B. LENDING INVESTOR CO.,,Philippines,List of Revoked Lending Companies (Partnership)
JAE LENDING INVESTOR CO.,,Philippines,List of Revoked Lending Companies (Partnership)
JAGRHA LENDING & TRADING CO.,,Philippines,List of Revoked Lending Companies (Partnership)
JAGTAR SINGH & DARBARA SINGH LENDING CO. LTD.,,Philippines,List of Revoked Lending Companies (Partnership)
JAI DURGA MAA LENDING & TRADING CO.,,Philippines,List of Revoked Lending Companies (Partnership)
JAI LAXMI JI LENDING & TRADING CO.,,Philippines,List of Revoked Lending Companies (Partnership)
JAIDEEP LENDING & TRADING CO.,,Philippines,List of Revoked Lending Companies (Partnership)
JAKIMPUR LENDING & TRADING CO. LTD.,,Philippines,List of Revoked Lending Companies (Partnership)
JALLANDAR LENDING INVESTOR CO.,,Philippines,List of Revoked Lending Companies (Partnership)
JAMDAGAN LENDING & TRADING CO.,,Philippines,List of Revoked Lending Companies (Partnership)
JAN MAYE LENDING INVESTOR CO.,,Philippines,List of Revoked Lending Companies (Partnership)
JANA LENDING INVESTOR CO.,,Philippines,List of Revoked Lending Companies (Partnership)
JANU LENDING INVESTOR CO.,,Philippines,List of Revoked Lending Companies (Partnership)
JARO EXPRESS LENDING CO.,,Philippines,List of Revoked Lending Companies (Partnership)
JAS LENDING & TRADING CO.,,Philippines,List of Revoked Lending Companies (Partnership)
JASSJIT LENDING CO.,,Philippines,List of Revoked Lending Companies (Partnership)
JASWANT & GROUP LENDING & TRADING CO.,,Philippines,List of Revoked Lending Companies (Partnership)
JAWANDA LENDING & TRADING CO.,,Philippines,List of Revoked Lending Companies (Partnership)
JBH INVESTOR & TRADING CO.,,Philippines,List of Revoked Lending Companies (Partnership)
JBL LENDING SERVICE COMPANY,,Philippines,List of Revoked Lending Companies (Partnership)
JBLL LENDING CO.,,Philippines,List of Revoked Lending Companies (Partnership)
JBN LENDING & TRADING ENTS. LTD. CO.,,Philippines,List of Revoked Lending Companies (Partnership)
JEERH HAYER LENDING CO. LTD.,,Philippines,List of Revoked Lending Companies (Partnership)
JEERH SOGY LENDING CO.,,Philippines,List of Revoked Lending Companies (Partnership)
JEHAR LENDING INVESTOR COMPANY,,Philippines,List of Revoked Lending Companies (Partnership)
JEJE MONEY CHANGER LENDING & TRADING LTD. CO.,,Philippines,List of Revoked Lending Companies (Partnership)
JEL-STAR LENDING CO.,,Philippines,List of Revoked Lending Companies (Partnership)
JEM & JOEL CREDIT LINES CO.,,Philippines,List of Revoked Lending Companies (Partnership)
JET LENDING SVCS. CO.,,Philippines,List of Revoked Lending Companies (Partnership)
JETEENDER ENTS. LTD. CO.,,Philippines,List of Revoked Lending Companies (Partnership)
JEVI LENDING INVESTOR CO.,,Philippines,List of Revoked Lending Companies (Partnership)
JHIM AND BHEC LENDING CO.,,Philippines,List of Revoked Lending Companies (Partnership)
JHW LENDING INVESTOR & TRADING CO.,,Philippines,List of Revoked Lending Companies (Partnership)
JILL LENDING ASSISTANCE CO.,,Philippines,List of Revoked Lending Companies (Partnership)
JIMMA LENDING CO.,,Philippines,List of Revoked Lending Companies (Partnership)
JINSEI LENDING CO.,,Philippines,List of Revoked Lending Companies (Partnership)
JK LENDING & TRADING CO.,,Philippines,List of Revoked Lending Companies (Partnership)
JKL LENDING CO.,,Philippines,List of Revoked Lending Companies (Partnership)
JLA CREDIT CO.,,Philippines,List of Revoked Lending Companies (Partnership)
J-LEX LENDING INVESTORS & CO.,,Philippines,List of Revoked Lending Companies (Partnership)
JLM LENDING INVESTORS CO.,,Philippines,List of Revoked Lending Companies (Partnership)
JM INTL. LENDING INVESTORS CO.,,Philippines,List of Revoked Lending Companies (Partnership)
JMJ CREDIT LOAN CO.,,Philippines,List of Revoked Lending Companies (Partnership)
JN LENDING INVESOTRS & CO.,,Philippines,List of Revoked Lending Companies (Partnership)
JOBEC LENDING CO.,,Philippines,List of Revoked Lending Companies (Partnership)
JOCON LENDING SERVICE COMPANY,,Philippines,List of Revoked Lending Companies (Partnership)
JOEL LENDING INVESTOR CO.,,Philippines,List of Revoked Lending Companies (Partnership)
JOHNNY LENDING CO.,,Philippines,List of Revoked Lending Companies (Partnership)
JOHNSON LENDING INVESTORS CO.,,Philippines,List of Revoked Lending Companies (Partnership)
JOSSET MRKTG. & LENDING INVESTORS CO.,,Philippines,List of Revoked Lending Companies (Partnership)
JOVAN PREET LENDING CO. LTD.,,Philippines,List of Revoked Lending Companies (Partnership)
JOWA LENDING & TRADING CO. LTD.,,Philippines,List of Revoked Lending Companies (Partnership)
JRC LENDING INVESTORS CO.,,Philippines,List of Revoked Lending Companies (Partnership)
JRH LENDING & TRADING CO. LTD.,,Philippines,List of Revoked Lending Companies (Partnership)
JVCM LUCKY & LENDING CO.,,Philippines,List of Revoked Lending Companies (Partnership)
K&K CREDIT RESOURCES CO. LTD.,,Philippines,List of Revoked Lending Companies (Partnership)
K.M. CREDIT & LENDING CO.,,Philippines,List of Revoked Lending Companies (Partnership)
K.S. BRAR-WRING CREDIT RESOURCES & TRADING CO.,,Philippines,List of Revoked Lending Companies (Partnership)
K.S. LENDING LTD. CO.,,Philippines,List of Revoked Lending Companies (Partnership)
KAAGAPAY SA KAUNLARAN CO.,,Philippines,List of Revoked Lending Companies (Partnership)
KABALIKAT LENDING INVESTOR (CAVITE) CO.,,Philippines,List of Revoked Lending Companies (Partnership)
KABAYAN LENDING INVESTORS CO.,,Philippines,List of Revoked Lending Companies (Partnership)
KAIBIGAN LENDING CO.,,Philippines,List of Revoked Lending Companies (Partnership)
KAIRA LENDING & TRADING CO. LTD.,,Philippines,List of Revoked Lending Companies (Partnership)
KAKTAR TRADING & LENDING INVESTOR CO.,,Philippines,List of Revoked Lending Companies (Partnership)
KALER LENDING & TRADING CO.,,Philippines,List of Revoked Lending Companies (Partnership)
KAR LENDING LTD. CO.,,Philippines,List of Revoked Lending Companies (Partnership)
KAVITA LENDING CO. LTD.,,Philippines,List of Revoked Lending Companies (Partnership)
KCK LENDING INVESTOR CO.,,Philippines,List of Revoked Lending Companies (Partnership)
KEJAB LENDING CO.,,Philippines,List of Revoked Lending Companies (Partnership)
KENNETH 5 LENDING INVESTOR CO.,,Philippines,List of Revoked Lending Companies (Partnership)
KESTREL LENDING EXPRESS CO.,,Philippines,List of Revoked Lending Companies (Partnership)
KHALSA QUICK CASH CO. LTD.,,Philippines,List of Revoked Lending Companies (Partnership)
KHOSA LENDING INVESTOR & TRADING CO.,,Philippines,List of Revoked Lending Companies (Partnership)
KING OF KINGS LENDING INVESTORS CO.,,Philippines,List of Revoked Lending Companies (Partnership)
KKP TRADING & LENDING CO.,,Philippines,List of Revoked Lending Companies (Partnership)
KLEBER LENDING INVESTOR CO.,,Philippines,List of Revoked Lending Companies (Partnership)
KMC LENDING INVESTOR CO.,,Philippines,List of Revoked Lending Companies (Partnership)
KME LENDING CO.,,Philippines,List of Revoked Lending Companies (Partnership)
KNC LENDING INVESTOR CO.,,Philippines,List of Revoked Lending Companies (Partnership)
KOKRI LENDING & TRADING CO.,,Philippines,List of Revoked Lending Companies (Partnership)
KOR-PHIL LENDING INVESTOR CO. LTD.,,Philippines,List of Revoked Lending Companies (Partnership)
KOTKAPURA LENDING CO.,,Philippines,List of Revoked Lending Companies (Partnership)
KRISHAN LENDING INVESTOR CO.,,Philippines,List of Revoked Lending Companies (Partnership)
KRISHNA LENDING INVESTOR CO.,,Philippines,List of Revoked Lending Companies (Partnership)
KRISS LINO LENDING INVESTOR CO.,,Philippines,List of Revoked Lending Companies (Partnership)
KULAR LENDING & TRADING CO. LTD.,,Philippines,List of Revoked Lending Companies (Partnership)
KWIKAZ LENDING & TRADING CO. LTD.,,Philippines,List of Revoked Lending Companies (Partnership)
L&B LENDING INVESTOR & MONEY CHANGER CO.,,Philippines,List of Revoked Lending Companies (Partnership)
L&J LENDING INVESTOR CO.,,Philippines,List of Revoked Lending Companies (Partnership)
L.P.E. LENDING INVESTOR CO.,,Philippines,List of Revoked Lending Companies (Partnership)
LA MILAGROSA CREDIT CO.,,Philippines,List of Revoked Lending Companies (Partnership)
LACKVIN LENDING CO. LTD.,,Philippines,List of Revoked Lending Companies (Partnership)
LAKHY LENDING & TRADING CO.,,Philippines,List of Revoked Lending Companies (Partnership)
LAL LENDING & MARKETING CO.,,Philippines,List of Revoked Lending Companies (Partnership)
LALI LENDING & TRADING CO.,,Philippines,List of Revoked Lending Companies (Partnership)
LALIRAJAN LENDING CO.,,Philippines,List of Revoked Lending Companies (Partnership)
LAMBER-ANUJ CREDIT RESOURCES & TRADING CO.,,Philippines,List of Revoked Lending Companies (Partnership)
LANA-MAY LENDING INVESTOR CO.,,Philippines,List of Revoked Lending Companies (Partnership)
LCSM LENDING INVESTORS CO.,,Philippines,List of Revoked Lending Companies (Partnership)
LEMVA LENDING CO.,,Philippines,List of Revoked Lending Companies (Partnership)
LIDYCO LENDING INVESTORS CO.,,Philippines,List of Revoked Lending Companies (Partnership)
LIFE MGT. LENDING RESOURCES CO.,,Philippines,List of Revoked Lending Companies (Partnership)
LIFELINE LENDING & TRADING CO. LTD.,,Philippines,List of Revoked Lending Companies (Partnership)
LINGAP LENDING CO.,,Philippines,List of Revoked Lending Companies (Partnership)
LINGSAT LENDING INVESTOR CO.,,Philippines,List of Revoked Lending Companies (Partnership)
LINUZ LENDING CO.,,Philippines,List of Revoked Lending Companies (Partnership)
LJ LOPEZ PARTNERSHIP CO.,,Philippines,List of Revoked Lending Companies (Partnership)
LMC LENDING INVESTOR CO.,,Philippines,List of Revoked Lending Companies (Partnership)
LMT CONSULTANCY RESEARCH LENDING & SVCS. LTD. CO.,,Philippines,List of Revoked Lending Companies (Partnership)
LOISLANE LENDING INVESTORS CO.,,Philippines,List of Revoked Lending Companies (Partnership)
LONE STAR LENDING INVESTORS CO.,,Philippines,List of Revoked Lending Companies (Partnership)
LOREMAR LENDING LTD. CO.,,Philippines,List of Revoked Lending Companies (Partnership)
LOTUS LENDING INVESTOR LTD. CO.,,Philippines,List of Revoked Lending Companies (Partnership)
LOUEL LENDING CO. LTD.,,Philippines,List of Revoked Lending Companies (Partnership)
LOVPRIT LENDING & TRADING CO.,,Philippines,List of Revoked Lending Companies (Partnership)
LRJ LENDING INVESTOR CO.,,Philippines,List of Revoked Lending Companies (Partnership)
LUKSOR LENDING INVESTOR CO.,,Philippines,List of Revoked Lending Companies (Partnership)
LUXOR LENDING INVESTOR CO.,,Philippines,List of Revoked Lending Companies (Partnership)
LUXXOR LENDING INVESTOR CO.,,Philippines,List of Revoked Lending Companies (Partnership)
LYZ LAGSON LENDING COMPANY,,Philippines,List of Revoked Lending Companies (Partnership)
M.A.M. LENDING INVESTOR CO. LTD.,,Philippines,List of Revoked Lending Companies (Partnership)
M.G.A. LENDING CO.,,Philippines,List of Revoked Lending Companies (Partnership)
M.L. SOLOMON & ASSO. LENDING INVESTORS CO. LTD.,,Philippines,List of Revoked Lending Companies (Partnership)
M.V. LENDING LTD. CO.,,Philippines,List of Revoked Lending Companies (Partnership)
MAC RAE LENDING INVESTOR CO.,,Philippines,List of Revoked Lending Companies (Partnership)
MAGGI . COM LENDING COMPANY,,Philippines,List of Revoked Lending Companies (Partnership)
MAGINHAWA LENDING INVESTOR CO.,,Philippines,List of Revoked Lending Companies (Partnership)
"MAGNANAO, MASILOG, GARILLOS MARKETING AND LENDING (MMG) CO.",,Philippines,List of Revoked Lending Companies (Partnership)
MAHAL LENDING INVESTOR & TRADING CO.,,Philippines,List of Revoked Lending Companies (Partnership)
MAHARAJA CREDIT RESOURCES & TRADING CO.,,Philippines,List of Revoked Lending Companies (Partnership)
MAHARANI LENDING & TRADING CO. LTD.,,Philippines,List of Revoked Lending Companies (Partnership)
MAJ LENDING INVESTORS CO.,,Philippines,List of Revoked Lending Companies (Partnership)
MALASIQUI LENDING ASSISTANCE CO.,,Philippines,List of Revoked Lending Companies (Partnership)
MALHI LENDING & TRADING CO. LTD.,,Philippines,List of Revoked Lending Companies (Partnership)
MALJOS LENDING COMPANY,,Philippines,List of Revoked Lending Companies (Partnership)
MALLAH LENDING & TRADING CO.,,Philippines,List of Revoked Lending Companies (Partnership)
MALY EL NINO LENDING INVESTOR CO.,,Philippines,List of Revoked Lending Companies (Partnership)
MANAWAN LENDING & TRADING CO.,,Philippines,List of Revoked Lending Companies (Partnership)
MANCHESTER CREDIT CO.,,Philippines,List of Revoked Lending Companies (Partnership)
MANDEEP SANDHU LENDING & TRADING CO.,,Philippines,List of Revoked Lending Companies (Partnership)
MANGALDAN SUPREME LENDING INVESTOR ENT. LTD.,,Philippines,List of Revoked Lending Companies (Partnership)
MANJIT SOHAL LENDING INVESTOR CO.,,Philippines,List of Revoked Lending Companies (Partnership)
MANJKI LENDING & TRADING CO.,,Philippines,List of Revoked Lending Companies (Partnership)
MANVIR LENDING & TRADING CO.,,Philippines,List of Revoked Lending Companies (Partnership)
MAR & FRED LENDING INVESTOR CO.,,Philippines,List of Revoked Lending Companies (Partnership)
MARCJACQ LENDING CO.,,Philippines,List of Revoked Lending Companies (Partnership)
MARGA LENDING & CREDIT CO.,,Philippines,List of Revoked Lending Companies (Partnership)
MARGA LENDING AND CREDIT CO.,,Philippines,List of Revoked Lending Companies (Partnership)
MARICO LENDING HOUSE CO.,,Philippines,List of Revoked Lending Companies (Partnership)
MARK LENDING INVESTOR CO.,,Philippines,List of Revoked Lending Companies (Partnership)
MARON MAC-J LENDING CO.,,Philippines,List of Revoked Lending Companies (Partnership)
MARPHIL LENDING CO.,,Philippines,List of Revoked Lending Companies (Partnership)
MARS CREDIT SVCS. CO.,,Philippines,List of Revoked Lending Companies (Partnership)
MARVIS LENDING INVESTOR CO.,,Philippines,List of Revoked Lending Companies (Partnership)
MARYANA LENDING CO.,,Philippines,List of Revoked Lending Companies (Partnership)
MASTANA LENDING & TRADING CO.,,Philippines,List of Revoked Lending Companies (Partnership)
MBA LENDING INVESTOR CO.,,Philippines,List of Revoked Lending Companies (Partnership)
MCSJ LENDING INVESTORS LTD. CO.,,Philippines,List of Revoked Lending Companies (Partnership)
MEAR LENDING INVESTORS CO.,,Philippines,List of Revoked Lending Companies (Partnership)
MECA FAIRBRIGHT LENDING INVESTOR CO.,,Philippines,List of Revoked Lending Companies (Partnership)
MEGA DE LUXE LENDING CENTER CO.,,Philippines,List of Revoked Lending Companies (Partnership)
MEGASTAR QUICK LOANS CO.,,Philippines,List of Revoked Lending Companies (Partnership)
MEL LENDING INVESTORS CO.,,Philippines,List of Revoked Lending Companies (Partnership)
MEQ LENDING INVESTORS CO.,,Philippines,List of Revoked Lending Companies (Partnership)
MH LENDING INVESTOR CO.,,Philippines,List of Revoked Lending Companies (Partnership)
MIAGAO PROGRESSIVE LENDING CO.,,Philippines,List of Revoked Lending Companies (Partnership)
MIDWAY LENDING CO.,,Philippines,List of Revoked Lending Companies (Partnership)
MIKA LENDING INVESTOR CO.,,Philippines,List of Revoked Lending Companies (Partnership)
MILYNNA LENDING CO.,,Philippines,List of Revoked Lending Companies (Partnership)
MINHAS CREDIT RESOURCES CO.,,Philippines,List of Revoked Lending Companies (Partnership)
MIRCEL LENDING INVESTOR CO.,,Philippines,List of Revoked Lending Companies (Partnership)
MITA LENDING INVESTOR CO.,,Philippines,List of Revoked Lending Companies (Partnership)
MJB LIFELINE CREDIT CO.,,Philippines,List of Revoked Lending Companies (Partnership)
MJL LENDING & TRADING CO.,,Philippines,List of Revoked Lending Companies (Partnership)
MKAG LENDING CO.,,Philippines,List of Revoked Lending Companies (Partnership)
MM & N LENDING PARTNERSHIP,,Philippines,List of Revoked Lending Companies (Partnership)
MM QUICK LOANS CO.,,Philippines,List of Revoked Lending Companies (Partnership)
MN LENDING INVESTORS CO.,,Philippines,List of Revoked Lending Companies (Partnership)
MOGA LENDING & TRADING CO.,,Philippines,List of Revoked Lending Companies (Partnership)
MONEY GO ROUND LENDING INVESTOR CO.,,Philippines,List of Revoked Lending Companies (Partnership)
MONEYTHON LENDING CO.,,Philippines,List of Revoked Lending Companies (Partnership)
MONIES LENDING INVESTOR CO.,,Philippines,List of Revoked Lending Companies (Partnership)
MONTANEZ DIONISIO CREDIT ENT. CO.,,Philippines,List of Revoked Lending Companies (Partnership)
MOONLIGHT LENDING INVESTOR & TRADING CO.,,Philippines,List of Revoked Lending Companies (Partnership)
MORNING STAR LENDING INVESTOR CO.,,Philippines,List of Revoked Lending Companies (Partnership)
MORNING SUNSHINE LENDING INVESTORS CO.,,Philippines,List of Revoked Lending Companies (Partnership)
MOVELA LENDING INVESTOR LTD. CO.,,Philippines,List of Revoked Lending Companies (Partnership)
MOVERS LENDING INVESTORS CO.,,Philippines,List of Revoked Lending Companies (Partnership)
MPJJ LENDING CO.,,Philippines,List of Revoked Lending Companies (Partnership)
MR. MABINI LENDING INVESTORS CO.,,Philippines,List of Revoked Lending Companies (Partnership)
MSJK LENDING CO.,,Philippines,List of Revoked Lending Companies (Partnership)
MVN LENDING & TRADING CO.,,Philippines,List of Revoked Lending Companies (Partnership)
MYRRH LENDING CO.,,Philippines,List of Revoked Lending Companies (Partnership)
MYSORE LENDING & TRADING CO. LTD.,,Philippines,List of Revoked Lending Companies (Partnership)
NARANA LENDING INVESTORS LTD.,,Philippines,List of Revoked Lending Companies (Partnership)
NARINDER LENDING & TRADING CO.,,Philippines,List of Revoked Lending Companies (Partnership)
NASIB LENDING & TRADING CO.,,Philippines,List of Revoked Lending Companies (Partnership)
NAVJIT LENDING LTD. CO.,,Philippines,List of Revoked Lending Companies (Partnership)
NAW LENDING INVESTORS CO.,,Philippines,List of Revoked Lending Companies (Partnership)
NBAL LENDING CO.,,Philippines,List of Revoked Lending Companies (Partnership)
NEGROS SAFE LENDING CO.,,Philippines,List of Revoked Lending Companies (Partnership)
NEPA LENDING & TRADING CO.,,Philippines,List of Revoked Lending Companies (Partnership)
NEW DEOL LENDING INVESTOR & TRADING CO.,,Philippines,List of Revoked Lending Companies (Partnership)
NEW MOON LENDING & TRADING CO.,,Philippines,List of Revoked Lending Companies (Partnership)
NEW POOJA LENDING INVESTOR & TRADING LTD. CO.,,Philippines,List of Revoked Lending Companies (Partnership)
NEW RURKEE LENDING INVESTOR CO.,,Philippines,List of Revoked Lending Companies (Partnership)
NEW WORLD LENDING INVESTOR PARTNERSHIP LTD.,,Philippines,List of Revoked Lending Companies (Partnership)
NEXUS LENDING SVCS. CO.,,Philippines,List of Revoked Lending Companies (Partnership)
NGR LENDING INVESTOR CO.,,Philippines,List of Revoked Lending Companies (Partnership)
NIRANKAR LENDING & ENT. CO.,,Philippines,List of Revoked Lending Companies (Partnership)
NIRMAL KUMAR LENDING INVESTOR LTD. CO.,,Philippines,List of Revoked Lending Companies (Partnership)
NIRMAL LENDING & MDSG. CO.,,Philippines,List of Revoked Lending Companies (Partnership)
NITIN CREDIT & LENDING CO. LTD.,,Philippines,List of Revoked Lending Companies (Partnership)
NJ RELIANCE LENDING COMPANY,,Philippines,List of Revoked Lending Companies (Partnership)
NNRC LENDING CO.,,Philippines,List of Revoked Lending Companies (Partnership)
NOR-HAN FAMILY LENDING CO.,,Philippines,List of Revoked Lending Companies (Partnership)
NORTH BAY LENDING INVESTOR CO.,,Philippines,List of Revoked Lending Companies (Partnership)
NORTH INDIES TRADING & LENDING CO.,,Philippines,List of Revoked Lending Companies (Partnership)
NORTH PEARL LENDING & TRADING CO. LTD.,,Philippines,List of Revoked Lending Companies (Partnership)
NORTHRIDGE CREDIT CO.,,Philippines,List of Revoked Lending Companies (Partnership)
NORZAGARAY FIRST INTEGRATED LENDING INVESTORS CO.,,Philippines,List of Revoked Lending Companies (Partnership)
NRJ AND SONS LENDING INVESTOR CO.,,Philippines,List of Revoked Lending Companies (Partnership)
OBANDO FIRST INTEGRATED LENDING INVESTORS CO.,,Philippines,List of Revoked Lending Companies (Partnership)
ODRAN LENDING & TRADING CO. LTD.,,Philippines,List of Revoked Lending Companies (Partnership)
OFC LENDING INVESTOR CO.,,Philippines,List of Revoked Lending Companies (Partnership)
OMAR LENDING INVESTOR CO.,,Philippines,List of Revoked Lending Companies (Partnership)
OM-SHIVA LENDING LTD. CO.,,Philippines,List of Revoked Lending Companies (Partnership)
OPINDER & FRIENDS LENDING & TRADING CO.,,Philippines,List of Revoked Lending Companies (Partnership)
OSLEDIM LENDING & TRADING CO. LTD.,,Philippines,List of Revoked Lending Companies (Partnership)
OUR LADY OF LOURDES LENDING PARTNERS CO.,,Philippines,List of Revoked Lending Companies (Partnership)
OUTDOOR LENDING & TRADING CO. LTD.,,Philippines,List of Revoked Lending Companies (Partnership)
OUTREACH LENDING INVESTOR CO.,,Philippines,List of Revoked Lending Companies (Partnership)
P JEG LENDING INVESTORS CO.,,Philippines,List of Revoked Lending Companies (Partnership)
P&B LENDING INVESTORS & TRADING CO.,,Philippines,List of Revoked Lending Companies (Partnership)
P.R. CALLANTA VILLAFLORES CO.,,Philippines,List of Revoked Lending Companies (Partnership)
PALACIO VALDEZ AND SOLIS LENDING INVESTOR CO.,,Philippines,List of Revoked Lending Companies (Partnership)
PALM LENDING CO.,,Philippines,List of Revoked Lending Companies (Partnership)
PALM LENDING INVESTOR & TRADING CO.,,Philippines,List of Revoked Lending Companies (Partnership)
PANJAB LENDING LTD. CO.,,Philippines,List of Revoked Lending Companies (Partnership)
PARADISE COMET LENDING CO.,,Philippines,List of Revoked Lending Companies (Partnership)
PARTNER IN PROGRESS LENDING CO.,,Philippines,List of Revoked Lending Companies (Partnership)
PAVETAR LENDING & TRADING CO. LTD.,,Philippines,List of Revoked Lending Companies (Partnership)
PAVONIA LENDING & TRADING CO.,,Philippines,List of Revoked Lending Companies (Partnership)
PAYLIGHT LENDING & TRADING CO. LTD.,,Philippines,List of Revoked Lending Companies (Partnership)
PB CREDIT LTD. CO.,,Philippines,List of Revoked Lending Companies (Partnership)
PBA & PARTNERS LENDING CO.,,Philippines,List of Revoked Lending Companies (Partnership)
PEOPLES HOPE LENDING INVESTORS CO.,,Philippines,List of Revoked Lending Companies (Partnership)
PERCEPTION LENDING INVESTOR CO.,,Philippines,List of Revoked Lending Companies (Partnership)
PETER PAUL LENDING CO.,,Philippines,List of Revoked Lending Companies (Partnership)
PG INHERITORS LENDING SHOP CO.,,Philippines,List of Revoked Lending Companies (Partnership)
PHALS STAR LENDING LTD. CO.,,Philippines,List of Revoked Lending Companies (Partnership)
PHIL. GILEK LENDING INVESTOR LTD. CO.,,Philippines,List of Revoked Lending Companies (Partnership)
PHIL. HERYAN CREDIT CO.,,Philippines,List of Revoked Lending Companies (Partnership)
PIARA & SONS LENDING CO.,,Philippines,List of Revoked Lending Companies (Partnership)
PINAMALAYAN FIRST LENDING INVESTORS CO.,,Philippines,List of Revoked Lending Companies (Partnership)
PINES LENDING INVESTOR CO.,,Philippines,List of Revoked Lending Companies (Partnership)
PINOY KREDIT CO.,,Philippines,List of Revoked Lending Companies (Partnership)
PIONEER LENDING INVESTOR CO.,,Philippines,List of Revoked Lending Companies (Partnership)
PLATINUM LENDING INVESTORS CO.,,Philippines,List of Revoked Lending Companies (Partnership)
PONA BROS. LENDING & TRADING CO.,,Philippines,List of Revoked Lending Companies (Partnership)
PONDO NG BUHAY LTD. CO.,,Philippines,List of Revoked Lending Companies (Partnership)
PRADE LENDING INVESTOR CO.,,Philippines,List of Revoked Lending Companies (Partnership)
PRAISE LENDING SVCS. CO.,,Philippines,List of Revoked Lending Companies (Partnership)
PREM & FRIENDS LENDING INVESTOR CO.,,Philippines,List of Revoked Lending Companies (Partnership)
PRIMEWAY LENDING & TRADING CO. LTD.,,Philippines,List of Revoked Lending Companies (Partnership)
PRIMIERA CLASSE LENDING CO.,,Philippines,List of Revoked Lending Companies (Partnership)
PUERTO PRINCESA LENDING CO.,,Philippines,List of Revoked Lending Companies (Partnership)
PULONG BUHANGIN LENDING INVESTOR CO.,,Philippines,List of Revoked Lending Companies (Partnership)
PUNJAB LENDING LTD.CO.,,Philippines,List of Revoked Lending Companies (Partnership)
PUNJABI LENDING INVESTOR & TRADING CO.,,Philippines,List of Revoked Lending Companies (Partnership)
PUREWALL LENDING & TRADING CO.,,Philippines,List of Revoked Lending Companies (Partnership)
PYRAMID LENDING INVESTORS CO.,,Philippines,List of Revoked Lending Companies (Partnership)
QUARIES LENDING CO.,,Philippines,List of Revoked Lending Companies (Partnership)
QUATRO HERMANAS LENDING INVS. CO.,,Philippines,List of Revoked Lending Companies (Partnership)
QUICK LINK CREDIT COMPANY,,Philippines,List of Revoked Lending Companies (Partnership)
QUICKLEND COMPANY,,Philippines,List of Revoked Lending Companies (Partnership)
R&G LENDING CO.,,Philippines,List of Revoked Lending Companies (Partnership)
R&R LENDING INVESTOR CO.,,Philippines,List of Revoked Lending Companies (Partnership)
R&R LENDING INVESTOR LTD. CO.,,Philippines,List of Revoked Lending Companies (Partnership)
R.A. CREDIT RESOURCES CO.,,Philippines,List of Revoked Lending Companies (Partnership)
R.J. ENTS. CO.,,Philippines,List of Revoked Lending Companies (Partnership)
R.P. SANGAR LENDING & TRADING CO.,,Philippines,List of Revoked Lending Companies (Partnership)
R.R.D.M. LENDING CO.,,Philippines,List of Revoked Lending Companies (Partnership)
R-A CREDIT RESOURCES CO.,,Philippines,List of Revoked Lending Companies (Partnership)
RADIAL LENDING CO.,,Philippines,List of Revoked Lending Companies (Partnership)
RAHMAN LENDING INVESTORS CO.,,Philippines,List of Revoked Lending Companies (Partnership)
RAHUL-KAPISH LENDING & TRADING CO.,,Philippines,List of Revoked Lending Companies (Partnership)
RAJU LENDING CO.,,Philippines,List of Revoked Lending Companies (Partnership)
RALD LENDING SVCS. CO.,,Philippines,List of Revoked Lending Companies (Partnership)
RAMANS LENDING INVESTOR & TRADING CO.,,Philippines,List of Revoked Lending Companies (Partnership)
RAMNEEK CREDIT RESOURCES & ENTS. LTD. CO.,,Philippines,List of Revoked Lending Companies (Partnership)
RANA LENDING INVESTOR CO.,,Philippines,List of Revoked Lending Companies (Partnership)
RANNO & CO.,,Philippines,List of Revoked Lending Companies (Partnership)
RANU LENDING & TRADING CO.,,Philippines,List of Revoked Lending Companies (Partnership)
RAPU-RAPONHON LENDING CO.,,Philippines,List of Revoked Lending Companies (Partnership)
RAQUEL LENDING INVESTORS CO.,,Philippines,List of Revoked Lending Companies (Partnership)
RASHPAL & FRIENDS CREDIT RESOURCES & TRADING CO.,,Philippines,List of Revoked Lending Companies (Partnership)
RASHPAL SINGH & SANDEEP SINGH LENDING CO. LTD.,,Philippines,List of Revoked Lending Companies (Partnership)
RATTAN LENDING INVESTOR & TRADING CO.,,Philippines,List of Revoked Lending Companies (Partnership)
RAVI-DEEP LENDING & TRADING CO.,,Philippines,List of Revoked Lending Companies (Partnership)
RAVINA LENDING INVESTORS CO.,,Philippines,List of Revoked Lending Companies (Partnership)
RCE LENDERS LTD. CO.,,Philippines,List of Revoked Lending Companies (Partnership)
RE TALWAR LENDING LTD. CO.,,Philippines,List of Revoked Lending Companies (Partnership)
REFCON LENDING INVESTOR CO.,,Philippines,List of Revoked Lending Companies (Partnership)
REGAZ LENDING INVESTORS CO.,,Philippines,List of Revoked Lending Companies (Partnership)
RESORT LENDING & CREDIT CO.,,Philippines,List of Revoked Lending Companies (Partnership)
"RESPONSIBLE ACTION TOWARDS COMMUNITY EMPOWERMENT (RACE), CO.",,Philippines,List of Revoked Lending Companies (Partnership)
RFA 2000 LENDING INVESTOR CO. LTD.,,Philippines,List of Revoked Lending Companies (Partnership)
RGT LENDING INVESTOR CO.,,Philippines,List of Revoked Lending Companies (Partnership)
RHG TRADING & LENDING INVESTOR CO.,,Philippines,List of Revoked Lending Companies (Partnership)
RICHMOND LENDING INVESTOR CO.,,Philippines,List of Revoked Lending Companies (Partnership)
RIGHT DEAL LOANS & CREDIT CO.,,Philippines,List of Revoked Lending Companies (Partnership)
RINDI TRADING & LENDING CO.,,Philippines,List of Revoked Lending Companies (Partnership)
RISING SUN CREDIT & LENDING CO.,,Philippines,List of Revoked Lending Companies (Partnership)
RIZAL MONEY ENCHANMENT LENDING CO.,,Philippines,List of Revoked Lending Companies (Partnership)
RJ EXPRESS LENDING INVESTOR CO.,,Philippines,List of Revoked Lending Companies (Partnership)
RJ UNASIN CREDIT CO.,,Philippines,List of Revoked Lending Companies (Partnership)
RODIL & MARERO LENDING INVESTORS CO.,,Philippines,List of Revoked Lending Companies (Partnership)
ROMERCAPHILS LENDING COMPANY,,Philippines,List of Revoked Lending Companies (Partnership)
ROMYLYN LENDING INVESTOR CO.,,Philippines,List of Revoked Lending Companies (Partnership)
RONAGE LENDING INVESTOR CO.,,Philippines,List of Revoked Lending Companies (Partnership)
RONMARIE LENDING SVCS.,,Philippines,List of Revoked Lending Companies (Partnership)
ROSA JOY LENDING SERVICES CO.,,Philippines,List of Revoked Lending Companies (Partnership)
ROSEBELL LENDING & INVESTORS CO.,,Philippines,List of Revoked Lending Companies (Partnership)
ROSICAR LENDING INVESTOR CO.,,Philippines,List of Revoked Lending Companies (Partnership)
ROVE LENDING INVESTORS CO.,,Philippines,List of Revoked Lending Companies (Partnership)
ROXAS CITY EXPRESS CREDIT CO.,,Philippines,List of Revoked Lending Companies (Partnership)
ROYAL HARVEST LENDING CO.,,Philippines,List of Revoked Lending Companies (Partnership)
RSBM CREDIT & TRADE LTD. CO.,,Philippines,List of Revoked Lending Companies (Partnership)
RTAG LENDING & TRADING LTD. CO.,,Philippines,List of Revoked Lending Companies (Partnership)
RUCHENDER LENDING CO.,,Philippines,List of Revoked Lending Companies (Partnership)
RUPEE LENDING & TRADING CO.,,Philippines,List of Revoked Lending Companies (Partnership)
RVZ LENDING INVESTOR CO.,,Philippines,List of Revoked Lending Companies (Partnership)
RZJEMLENDING CO.,,Philippines,List of Revoked Lending Companies (Partnership)
S.L. WONG & ASSO. CO.,,Philippines,List of Revoked Lending Companies (Partnership)
S.N. DASHMESH LENDING & TRADING CO.,,Philippines,List of Revoked Lending Companies (Partnership)
SABANG MONEY LENDING INVESTORS (SMCL) CO.,,Philippines,List of Revoked Lending Companies (Partnership)
SACHA CHODA LENDING INVESTOR CO.,,Philippines,List of Revoked Lending Companies (Partnership)
SAGGITARIUS LENDING COMPANY,,Philippines,List of Revoked Lending Companies (Partnership)
SAINI LENDING & TRADING CO.,,Philippines,List of Revoked Lending Companies (Partnership)
SAN MATEO LOANS LENDING INVESTOR CO.,,Philippines,List of Revoked Lending Companies (Partnership)
SAN VICENTE LENDING CO.,,Philippines,List of Revoked Lending Companies (Partnership)
SANDHU-PREM LENDING INVESTOR CO.,,Philippines,List of Revoked Lending Companies (Partnership)
SANGAM & CO.,,Philippines,List of Revoked Lending Companies (Partnership)
SANGAT PURA LENDING & TRADING CO.,,Philippines,List of Revoked Lending Companies (Partnership)
SANGERS LENDING LTD. CO.,,Philippines,List of Revoked Lending Companies (Partnership)
SANGHA-RANDHAWA LENDING INVESTOR CO.,,Philippines,List of Revoked Lending Companies (Partnership)
SANGHU LENDING & TRADING CO.,,Philippines,List of Revoked Lending Companies (Partnership)
SANGITAN LENDING INVESTOR CO.,,Philippines,List of Revoked Lending Companies (Partnership)
SARDAR LENDING & TRADING CO.,,Philippines,List of Revoked Lending Companies (Partnership)
SARDEGNA LENDING INVESTOR LTD. CO.,,Philippines,List of Revoked Lending Companies (Partnership)
SARUP & FRIENDS LENDING & TRADING CO.,,Philippines,List of Revoked Lending Companies (Partnership)
SARWAN SINGH LENDING INVESTORS LTD. CO.,,Philippines,List of Revoked Lending Companies (Partnership)
SATNAM CREDIT RESOURCES CO.,,Philippines,List of Revoked Lending Companies (Partnership)
SATSANG LENDING INVESTOR & TRADING CO.,,Philippines,List of Revoked Lending Companies (Partnership)
SAVERS HAVEN LENDING & TRADING CO. LTD.,,Philippines,List of Revoked Lending Companies (Partnership)
SAYSON LENDING CO.,,Philippines,List of Revoked Lending Companies (Partnership)
SBMO LENDING INVESTOR CO.,,Philippines,List of Revoked Lending Companies (Partnership)
SCC LINEAGE CREDIT COMPANY,,Philippines,List of Revoked Lending Companies (Partnership)
SECOND MILLENIUM LENDING CO.,,Philippines,List of Revoked Lending Companies (Partnership)
SEETAR LENDING & TRADING CO.,,Philippines,List of Revoked Lending Companies (Partnership)
SEKHON LENDING INVESTOR & TRADING CO.,,Philippines,List of Revoked Lending Companies (Partnership)
SENGEHRA LENDING & TRADING CO.,,Philippines,List of Revoked Lending Companies (Partnership)
SETHI LENDING & TRADING CO.,,Philippines,List of Revoked Lending Companies (Partnership)
"SEVEN FOLDS LENDING SERVICES, CO.",,Philippines,List of Revoked Lending Companies (Partnership)
SHAHJI LENDING INVESTORS CO.,,Philippines,List of Revoked Lending Companies (Partnership)
SHALOM TRIPLE J LENDING INVESTOR CO.,,Philippines,List of Revoked Lending Companies (Partnership)
SHAMSHER LENDING & TRADING CO.,,Philippines,List of Revoked Lending Companies (Partnership)
SHARE & CARE LENDING INVESTOR CO.,,Philippines,List of Revoked Lending Companies (Partnership)
SHASAM LENDING CO.,,Philippines,List of Revoked Lending Companies (Partnership)
SHEIK FARID CREDIT RESOURCES & TRADING CO.,,Philippines,List of Revoked Lending Companies (Partnership)
SHERE PUNJAB LENDING CO.,,Philippines,List of Revoked Lending Companies (Partnership)
SHIMBA LENDING INVESTOR & TRADING CO.,,Philippines,List of Revoked Lending Companies (Partnership)
SHINE LENDING INVESTORS CO.,,Philippines,List of Revoked Lending Companies (Partnership)
SHIPPERS LENDING CO.,,Philippines,List of Revoked Lending Companies (Partnership)
SHITAK & BHOPAL LENDING & TRADING CO.,,Philippines,List of Revoked Lending Companies (Partnership)
SHIVAM CREDIT RESOURCES & TRADING CO.,,Philippines,List of Revoked Lending Companies (Partnership)
SHIWANI CREDIT RESOURCES & TRADING CO.,,Philippines,List of Revoked Lending Companies (Partnership)
SHO LENDING CO.,,Philippines,List of Revoked Lending Companies (Partnership)
SHOPPERS LENDING CO.,,Philippines,List of Revoked Lending Companies (Partnership)
SIDHI GILL LENDING CO.,,Philippines,List of Revoked Lending Companies (Partnership)
SINGH LENDING INV. & TRADING & CO. LTD.,,Philippines,List of Revoked Lending Companies (Partnership)
SINGH LENDING LTD. CO.,,Philippines,List of Revoked Lending Companies (Partnership)
SKYLINK LENDING INVESTORS CO.,,Philippines,List of Revoked Lending Companies (Partnership)
SM LENDING INVESTORS CO.,,Philippines,List of Revoked Lending Companies (Partnership)
SMART MONEY LENDING INVESTORS CO.,,Philippines,List of Revoked Lending Companies (Partnership)
SOHAIL-SURRINDER LENDING & TRADING CO.,,Philippines,List of Revoked Lending Companies (Partnership)
SOHAL LENDING & TRADING CO.,,Philippines,List of Revoked Lending Companies (Partnership)
SOLAR LENDING CO.,,Philippines,List of Revoked Lending Companies (Partnership)
SOLID NINE CREDIT CO.,,Philippines,List of Revoked Lending Companies (Partnership)
SPACY LENDING & TRADING CO. LTD.,,Philippines,List of Revoked Lending Companies (Partnership)
SPENDWISELY COMPANY,,Philippines,List of Revoked Lending Companies (Partnership)
SRAN LENDING CO.,,Philippines,List of Revoked Lending Companies (Partnership)
SRV LENDING INVESTOR CO.,,Philippines,List of Revoked Lending Companies (Partnership)
SSJ MERGING PROGRESS CO.,,Philippines,List of Revoked Lending Companies (Partnership)
ST. MATHEW LENDING CO.,,Philippines,List of Revoked Lending Companies (Partnership)
STA. ELENA MARIKINA LENDING CO.,,Philippines,List of Revoked Lending Companies (Partnership)
STALLION LENDING INVESTORS CO.,,Philippines,List of Revoked Lending Companies (Partnership)
STANDARD LOANS & CREDIT CO.,,Philippines,List of Revoked Lending Companies (Partnership)
STARBIRD LENDING INVESTOR CO.,,Philippines,List of Revoked Lending Companies (Partnership)
STARBRIGHT CO.,,Philippines,List of Revoked Lending Companies (Partnership)
STARSTONE LENDING INTL. CO.,,Philippines,List of Revoked Lending Companies (Partnership)
STIYORUM LENDING & TRADING CO. LTD.,,Philippines,List of Revoked Lending Companies (Partnership)
SUBURBIA LENDING & TRADING CO. LTD.,,Philippines,List of Revoked Lending Companies (Partnership)
SUKHDEV LENDING CO.,,Philippines,List of Revoked Lending Companies (Partnership)
SUKHINDAR LENDING & TRADING CO.,,Philippines,List of Revoked Lending Companies (Partnership)
SUMEER LENDING CO.,,Philippines,List of Revoked Lending Companies (Partnership)
SUNRISE INDIA LENDING & TRADING CO.,,Philippines,List of Revoked Lending Companies (Partnership)
SUNSURE LENDING INVESTOR CO.,,Philippines,List of Revoked Lending Companies (Partnership)
SUPERB LENDING INVESTOR & TRADING CO.,,Philippines,List of Revoked Lending Companies (Partnership)
SURE LENDING INVESTORS CO.,,Philippines,List of Revoked Lending Companies (Partnership)
SURELUCK CREDIT CO.,,Philippines,List of Revoked Lending Companies (Partnership)
SURIGAO ISLAND GARDEN LENDING CO.,,Philippines,List of Revoked Lending Companies (Partnership)
SUSAN MIRANDA CABADING LENDING CO.,,Philippines,List of Revoked Lending Companies (Partnership)
SUTLUJ LENDING & TRADING LTD. CO.,,Philippines,List of Revoked Lending Companies (Partnership)
SV STAR LENDING CO.,,Philippines,List of Revoked Lending Companies (Partnership)
SVT LENDING CO.,,Philippines,List of Revoked Lending Companies (Partnership)
SWAMI LENDING INVESTOR & TRADING CO.,,Philippines,List of Revoked Lending Companies (Partnership)
T.N.C. LENDING INVESTOR CO.,,Philippines,List of Revoked Lending Companies (Partnership)
TAJPUR LENDING INVESTOR & TRADING CO.,,Philippines,List of Revoked Lending Companies (Partnership)
TAKHAR LENDING INVESTOR CO.,,Philippines,List of Revoked Lending Companies (Partnership)
TALAN FLORES PERALTA & ASSO. CO.,,Philippines,List of Revoked Lending Companies (Partnership)
TAMBER LENDING & TRADING CO.,,Philippines,List of Revoked Lending Companies (Partnership)
TANZA PRIME LENDING CO.,,Philippines,List of Revoked Lending Companies (Partnership)
TAREWALA LENDING CO.,,Philippines,List of Revoked Lending Companies (Partnership)
TEAMMATE LENDING & GEN. SVCS. CO.,,Philippines,List of Revoked Lending Companies (Partnership)
TEG BAHADUR LENDING & TRADING CO.,,Philippines,List of Revoked Lending Companies (Partnership)
THE FIRST DITA LENDING INVESTOR CO.,,Philippines,List of Revoked Lending Companies (Partnership)
THE GOOD SHEPHERD LENDING INVESTORS CO.,,Philippines,List of Revoked Lending Companies (Partnership)
THREE J LENDING INVESTOR & TRADING CO.,,Philippines,List of Revoked Lending Companies (Partnership)
THREE KINGS LENDING CO.,,Philippines,List of Revoked Lending Companies (Partnership)
TL SUN MOON CO.,,Philippines,List of Revoked Lending Companies (Partnership)
TM LENDING INVESTOR CO.,,Philippines,List of Revoked Lending Companies (Partnership)
TMNB LENDING CO.,,Philippines,List of Revoked Lending Companies (Partnership)
TOOR LENDING & TRADING CO.,,Philippines,List of Revoked Lending Companies (Partnership)
TRES AMIGOS LENDING INVESTOR CO.,,Philippines,List of Revoked Lending Companies (Partnership)
TRI G LENDING COMPANY,,Philippines,List of Revoked Lending Companies (Partnership)
TRIPLE 8 CO.,,Philippines,List of Revoked Lending Companies (Partnership)
TRIPLE J SOBERANO LENDING INVESTOR CO.,,Philippines,List of Revoked Lending Companies (Partnership)
TRISKELION RJR LENDING INVESTOR CO.,,Philippines,List of Revoked Lending Companies (Partnership)
TRIVIA LENDING & TRADING CO. LTD.,,Philippines,List of Revoked Lending Companies (Partnership)
TSC LENDING INVESTORS CO.,,Philippines,List of Revoked Lending Companies (Partnership)
TSM CREDIT FACILITIES CO.,,Philippines,List of Revoked Lending Companies (Partnership)
TWENTY FIVE OF JULY EXPRESS CREDIT CO.,,Philippines,List of Revoked Lending Companies (Partnership)
TWENTY-FOUR MONEY LENDING SERVICES CO.,,Philippines,List of Revoked Lending Companies (Partnership)
TWINS LENDING SAMA-SAMA MAGTULUNGAN CO.,,Philippines,List of Revoked Lending Companies (Partnership)
TWO WHITE DOVES LENDING CO.,,Philippines,List of Revoked Lending Companies (Partnership)
U&G LENDING INVESTOR CO.,,Philippines,List of Revoked Lending Companies (Partnership)
U.J.I. COML. CREDIT & LENDING INVESTOR CO.,,Philippines,List of Revoked Lending Companies (Partnership)
U-GAIN LENDING INVESTORS CO.,,Philippines,List of Revoked Lending Companies (Partnership)
ULTRA LOANS CO.,,Philippines,List of Revoked Lending Companies (Partnership)
UNITED TRUST LENDING INVESTOR & CO.,,Philippines,List of Revoked Lending Companies (Partnership)
UNIVERSAL PLATINUM CAR LOAN & LENDING INVESTORS CO.,,Philippines,List of Revoked Lending Companies (Partnership)
UPLINE CREDIT CO.,,Philippines,List of Revoked Lending Companies (Partnership)
V DOUBLE L LENDING CO.,,Philippines,List of Revoked Lending Companies (Partnership)
VALLEYGOLD LENDING CO. LTD.,,Philippines,List of Revoked Lending Companies (Partnership)
VANCOUVER LENDING & TRADING CO.,,Philippines,List of Revoked Lending Companies (Partnership)
VEER BORS. LENDING & TRADING CO.,,Philippines,List of Revoked Lending Companies (Partnership)
VERIN LENDERS CO.,,Philippines,List of Revoked Lending Companies (Partnership)
VES TALAVERA LENDING INVESTOR CO.,,Philippines,List of Revoked Lending Companies (Partnership)
VICTORIAL LENDING INVESTOR CO.,,Philippines,List of Revoked Lending Companies (Partnership)
VIMAFLO LENDING COMPANY,,Philippines,List of Revoked Lending Companies (Partnership)
VINEYARD LENDING INVESTOR COMPANY,,Philippines,List of Revoked Lending Companies (Partnership)
VIRDI & FRIENDS LENDING & TRADING CO.,,Philippines,List of Revoked Lending Companies (Partnership)
VISHAWKARMA LENDING & TRADING CO.,,Philippines,List of Revoked Lending Companies (Partnership)
VM SMALL BUSINESS CREDIT SVCS. CO.,,Philippines,List of Revoked Lending Companies (Partnership)
VMGM LENDING COMPANY,,Philippines,List of Revoked Lending Companies (Partnership)
WALIA LENDING & TRADING CO.,,Philippines,List of Revoked Lending Companies (Partnership)
WEALTH AND PERSONAL DEVELOPMENT (CS201424643-CA No. 1674),,Philippines,List of Revoked Lending Companies (Partnership)
WESTBRIDGE LENDING INVESTOR ACTIVITIES COMPANY,,Philippines,List of Revoked Lending Companies (Partnership)
WESTERN LEYTE LENDING INVESTORS CO.,,Philippines,List of Revoked Lending Companies (Partnership)
WINDY CITY LENDING INVESTOR CO.,,Philippines,List of Revoked Lending Companies (Partnership)
X-TREME LOANS CO.,,Philippines,List of Revoked Lending Companies (Partnership)
XYZ LENDING LTD. CO.,,Philippines,List of Revoked Lending Companies (Partnership)
YELLOW VILLAGE LENDING CO.,,Philippines,List of Revoked Lending Companies (Partnership)
Z.P.R. LENDING & GENERAL TRADING CO.,,Philippines,List of Revoked Lending Companies (Partnership)
ZAMBOANGA CITY EASY CREDIT SVCS. CO.,,Philippines,List of Revoked Lending Companies (Partnership)
ZEITGEBER CREDIT BROKERS LTD. CO.,,Philippines,List of Revoked Lending Companies (Partnership)
ZKNY LENDING CO.,,Philippines,List of Revoked Lending Companies (Partnership)
ZOGEN LENDING INVESTOR CO.,,Philippines,List of Revoked Lending Companies (Partnership)
ZONALINK LENDING INVESTOR COMPANY,,Philippines,List of Revoked Lending Companies (Partnership)
ZONNEL INVESTOR LTD. CO.,,Philippines,List of Revoked Lending Companies (Partnership)
A.P. LENDING CO.,,Philippines,List of Revoked Lending Companies (Partnership)
BUSINESSMATE LENDING INVESTOR CO.,,Philippines,List of Revoked Lending Companies (Partnership)
ESTS LENDING INVESTOR CO.,,Philippines,List of Revoked Lending Companies (Partnership)
FABCONN LENDING & COLLECTION CO.,,Philippines,List of Revoked Lending Companies (Partnership)
FUJI LENDING INVESTOR LTD. CO.,,Philippines,List of Revoked Lending Companies (Partnership)
G R R LENDING & TRADING CO.,,Philippines,List of Revoked Lending Companies (Partnership)
JAY ANNE LENDING INVESTORS & MRKTG. CO.,,Philippines,List of Revoked Lending Companies (Partnership)
L AND K CREDIT PARTNERSHIP,,Philippines,List of Revoked Lending Companies (Partnership)
LUCKY JEWEL LENDING CO.,,Philippines,List of Revoked Lending Companies (Partnership)
NITRAM LENDING & TRADING CO. LTD.,,Philippines,List of Revoked Lending Companies (Partnership)
PARGAT LENDING & TRADING CO.,,Philippines,List of Revoked Lending Companies (Partnership)
"SATRAM LENDING & LENDING CO., LTD.",,Philippines,List of Revoked Lending Companies (Partnership)
SIKH LENDING & TRADING CO. LTD.,,Philippines,List of Revoked Lending Companies (Partnership)
SM SONS CREDIT COMPANY,,Philippines,List of Revoked Lending Companies (Partnership)
SUN ACE LENDING CO.,,Philippines,List of Revoked Lending Companies (Partnership)
SWAGAT LENDING & TRADING CO.,,Philippines,List of Revoked Lending Companies (Partnership)
UNI-LOANS LENDING CO.,,Philippines,List of Revoked Lending Companies (Partnership)
VIL STAR LENDING INVESTOR CO,,Philippines,List of Revoked Lending Companies (Partnership)
WILLIAM K. LENDING COMPANY,,Philippines,List of Revoked Lending Companies (Partnership)
FESL Lending Investor Corp.,,Philippines,Lending Companies (LCs) and Financing Company (FC) and their Online Lending Platforms with Cease and Desist Orders
Populus Lending Corporation,,Philippines,Lending Companies (LCs) and Financing Company (FC) and their Online Lending Platforms with Cease and Desist Orders
Creditable Lending Corporation,,Philippines,Lending Companies (LCs) and Financing Company (FC) and their Online Lending Platforms with Cease and Desist Orders
