name,registry_id,hq,extra
043 LENDING SERVICES CORP.,L-22-0238-36,Philippines,
0487 ATM CREDIT CORPORATION,1453,Philippines,
1 2 3 LENDING CORPORATION,CEO-240,Philippines,
1 LOYALTY LENDING INVESTOR CORP.,3446,Philippines,
1-PENTAGON CREDIT AND LENDING CORPORATION,3367,Philippines,
10.22 MICRO LENDING INC.,2105,Philippines,
1008 CREDIT CORPORATION,1665,Philippines,
101 INFINITY LENDING PHILS. CORP,1754,Philippines,
1060 LENDING CORP.,1246,Philippines,
1177 CREDIT CORPORATION,1614,Philippines,
125 CASH-CREDIT LENDING SUPPORT CORP.,2722,Philippines,
1420 LENDING CORP.,L-22-0262-16,Philippines,
168 LENDING INVESTOR INC.,449,Philippines,
1828 CREDIT EXPRESS LENDING CORPORATION,L-22-0201-75,Philippines,
1ASIA FAMILY LENDING INVESTORS INCORPORATED,2751,Philippines,
1B Access Lending Corp.,3074,Philippines,
1FAMILIA LENDING CORPORATION,2137,Philippines,
1Second Lending Corp.,3098,Philippines,
1STPRESTIGE CREDIT CORPORATION,1002,Philippines,
2022 AMMI-HAN Lending Solutions Inc.,L-22-0305-17,Philippines,
24K LENDING INVESTOR CORPORATION,013,Philippines,
2A&P LENDING SERVICES CORPORATION,2138,Philippines,
2D's LENDING CORPORATION,2793,Philippines,
2HELP CREDIT INC .,1824,Philippines,
2ND MANILA UNI CAPITAL CORPORATION,924,Philippines,
2P'S GLM LENDING CORP.,L-23-0423-66,Philippines,
2PM LENDING INVESTOR CORP.,2015,Philippines,
3 BROTHERS LENDING CORPORATION,230,Philippines,
3 BUGTE LENDING CORPORATION,2992,Philippines,
312 DKNE LENDING Corporation Doing business under the name and style of 312 DKNE LENDING,3145,Philippines,
321 LENDING CORPORATION,2372,Philippines,
360 ALLIED LENDING CORPORATION,2726,Philippines,
3B'S TOPCASH LENDING CORPORATION,3090,Philippines,
3E AND 4R LENDING INVESTOR CORP.,3484,Philippines,
3J CASHARE CREDIT CORPORATION,1369,Philippines,
3J Credit and Lending Inc.,L-23-0367-44,Philippines,
3J's ALL IN LENDING CORPORATION,3488,Philippines,
3MR OPTIMUS CREDIT CORP.,1374,Philippines,
3PC LENDING CORPORATION,L-23-0448-78,Philippines,
4 KNOTS LENDING ENTERPRISES Corporation,3033,Philippines,
4B1G LENDING INVESTORS INC.,2193,Philippines,
4GIVES LENDING SERVICES CORP.,3423,Philippines,
"4J CITY LINK LENDING, INC.",590,Philippines,
4KB Lending Corporation,L-23-0349-79,Philippines,
"4M DILAG LENDING INVESTORS, INC.",116,Philippines,
4SYT CREDIT CORP.,1422,Philippines,
5 STARS TRIPLE M'S LENDING CORPORATION,676,Philippines,
"5-J.S. STARS LENDING INVESTORS, INC.",057,Philippines,
522 CALACA LENDING CORP.,2732,Philippines,
555 MONEY LENDING INVESTOR INC.,2067,Philippines,
5779 MLINE LENDING CORPORATION,3217,Philippines,
5E MICRO LENDING CORP.,L-23-0402-57,Philippines,
5R'S EMPIRE MICRO LENDING CORPORATION,1616,Philippines,
5STAR EXPRESS LENDING CORP.,164,Philippines,
605 MAPLE AGRO LENDING CORP.,2053,Philippines,
618 SMART LENDING INC.,2909,Philippines,
7-STARWIN PHILIPPINES LENDING CORP. DOING BUSINESS UNDER 7-STARWIN LENDING INVESTOR AND STARWIN LENDING INVESTOR,3188,Philippines,
70x7 CASH SOLUTIONS LENDING CORP.,L-21-0006-37,Philippines,
73 DIAMOND LENDING CORP.,1367,Philippines,
768 LENDING INVESTOR CORP.,1923,Philippines,
786 MONEYLENDING CORPORATION,L-23-0341-54,Philippines,
7EVEN CCB LENDING CORPORATION,2575,Philippines,
8 CARAT CASH AND CREDIT INC.,1695,Philippines,
8 FUNDING CIRCLE LENDING CORP.,3497,Philippines,
8 LUCKY GOLD DRAGONS CREDIT CORP.,1958,Philippines,
8-INFINITY LENDING NETWORK CORP.,2607,Philippines,
"811 MONEY LENDING, INC.",911,Philippines,
"815 CREDIT SERVICES, INC.",671,Philippines,
828 Synergy Lending Corporation,3315,Philippines,
88 INFINITY LENDING POOL INC.,1687,Philippines,
88 Prime Ventures Lending Corporation,L-23-0329-65,Philippines,
888 UNIFIED TRIO LENDING CORPORATION,2884,Philippines,
888PROSPERITY LENDING CORPORATION,1971,Philippines,
8J BUSINESS LENDING CORP.,3179,Philippines,
8R GROUP CREDIT CORP.,1000,Philippines,
915 LENDING SERVICES CORP.,085,Philippines,
928 Credit Concept Lenidng Investor Corporation,3247,Philippines,
99HELP LENDING CORPORATION,1940,Philippines,
9F LENDING PHILIPPINES INCORPORATED,2916,Philippines,
9M LENDING INVESTOR INC.,2148,Philippines,
A & 4M'S LENDING CORPORATION,L-22-0183-40,Philippines,
A & B LENDING INC.,L-23-0431-37,Philippines,
"A & S VENTUREPRENEUR LENDING CORPORATION (FORMERLY: ALYAM & SONS LENDING, INC.)",1732,Philippines,
A AND J LENDING AND FINANCIAL SERVICES CORPORATION,3229,Philippines,
A AND L 3PLITS LENDING INVESTOR CORPORATION,3465,Philippines,
A and P - Lending Machine Corporation Doing Business under the names and styles of The Lending Machine,2960,Philippines,
A BRIGHT STAR LENDING CORPORATION,2777,Philippines,
A_&_K LENDING SOLUTIONS INC.,1187,Philippines,
A-FUND LENDING CORP.,638,Philippines,
A-FUND LENDING CORPORATION,638,Philippines,
A. PASAMONTE LENDING CORP.,2164,Philippines,
A.C. CALAHI LENDING CORP.,491,Philippines,
A.C. QUIZON LENDING INC.,226,Philippines,
A.C. RABAGO LENDING CORP.,1587,Philippines,
"A.D.R.R. MICRO LENDING INVESTORS, INC.",3303,Philippines,
A.J. PARAISO LENDING CORPORATION,2340,Philippines,
A.N.R. LENDING CORPORATION,1392,Philippines,
A'S LENDING CORPORATION,3403,Philippines,
A+PGS CREDIT SERVICES INC.,CEO-066,Philippines,
A1 GOLDEN AGE CREDIT CORP.,068,Philippines,
AA PALAWAN CREDIT & LOANS CORPORATION,1079,Philippines,
AAH BANSAL LENDING AND TRADING CORP.,2483,Philippines,
AAJE SOLID SILVER LENDING INC.,2520,Philippines,
"AAL'S MICRO LOANS & FINANCIAL SERVICES, INC.",020,Philippines,
AARUSH LENDING CORPORATION,2209,Philippines,
AB's Lending Services Corporation,L-23-0496-71,Philippines,
ABANTE! KABAYAN CREDIT CORP.,1778,Philippines,
ABARQUEZ LENDING INVESTORS CORPORATION,2963,Philippines,
ABC ADVANCE BENEFITS CREDIT LENDING INVESTOR INC.,630,Philippines,
ABC QUERIDO SISTERS LENDING CORPORATION,2166,Philippines,
ABECEDE RELIANCE LENDING CORPORATION,1039,Philippines,
ABELLA LENDING INVESTORS CORPORATION,1612,Philippines,
ABHI AND JANVI LENDING INC.,2555,Philippines,
ABHOL BROTHER'S LENDING CORP.,2418,Philippines,
ABI TAJ LENDING CORP.,2017,Philippines,
ABICHUELA BLESSFUL LENDING CORP.,1759,Philippines,
ABICORE LENDING INC.,1135,Philippines,
ABL LENDING INVESTORS Corporation,3255,Philippines,
ABOT LENDING CORPORTION,L-21-0101-25,Philippines,
ABOT-KAMAY KAAGAPAY LENDING CORP.,3071,Philippines,
ABUBOT LENDING CORPORATION,447,Philippines,
Abundant Credit Services and Lending Corporation,3207,Philippines,
AC FAMILY LENDING CORPORATION,169,Philippines,
Access and Liberty (A and L) Lending Inc.,3142,Philippines,
Access Cash Lending INC,3192,Philippines,
ACCESS TO MONETARY LENDING SERVICES CORP.,2801,Philippines,
ACCESSIBLE INTEGRATED BORROWERS (AIB) LENDING CORP.,2467,Philippines,
ACCESSIBLE MICROLENDING AND CREDIT CORPORATION,1543,Philippines,
"ACCESSUS LENDING COMPANY, INC.",1994,Philippines,
ACCORD LOANS INCORPORATED,L-22-0130-85,Philippines,
ACCORDION LENDING INVESTOR CORP.,1793,Philippines,
ACCUTRUST LENDING CORP.,2434,Philippines,
ACE Financial Lending Corporation,3147,Philippines,
"ACEBANK CREDIT, INC.",1194,Philippines,
ACEDRIVE CREDIT CORPORATION,1786,Philippines,
ACER_LENDING INVESTORS INC.,210,Philippines,
ACES CREDIT EXPERTS AND SOLUTIONS INC.,2667,Philippines,
ACES LINKS LENDING CORP.,3408,Philippines,
ACEWORKS CREDIT CORPORATION,1689,Philippines,
ACEZY LENDING CORPORATION,3019,Philippines,
ACGALVEZ AND PTGONZALES LENDING CORP,2532,Philippines,
ACIS and HAVEN LENDING CORPORATION,3024,Philippines,
ACOINS LENDING CORP.,2034,Philippines,
ACQUIRE LENDING AND TRADING CORP.,2144,Philippines,
ACREDITAR LENDING CORP.,1436,Philippines,
ACT AND HARVEST LENDING CORPORATION,2895,Philippines,
"ACTIVE TOWERS CREDIT CO., INC.",155,Philippines,
ACYQ MICROLENDING INC.,2225,Philippines,
ADDCAF LENDING CORPORATION,489,Philippines,
Additional Line Lending Corporation,2819,Philippines,
ADDMORE POWER LENDING CORP.,1166,Philippines,
ADELPOS WESTERN WALL LENDING CORP.,1764,Philippines,
ADVANCE CREDIT CORPORATION,540,Philippines,
ADVANCE PAYDAY LENDING CORPORATION,3368,Philippines,
ADVANCE TECH LENDING INC.,2765,Philippines,
ADVANCED MERCHANT PAYMENTS (AMP) LENDING CORPORATION,1160,Philippines,
ADVANTAGE FORTUNE LENDING INC.,2727,Philippines,
Advantage Lending Corp.,2936,Philippines,
ADX LENDING INVESTOR CORPORATION,1287,Philippines,
AEABEST LENDING CORPORATION,2676,Philippines,
Aegis Solutions Lending Corporation,L-23-0368-93,Philippines,
AELLACREDIT LENDING CORP.,2831,Philippines,
AEROASIA CREDIT CORPORATION,2544,Philippines,
AESIC MICROLENDING CORP.,2158,Philippines,
AESIR LENDING COMPANY INC.,1256,Philippines,
"AFCA TRI-R LENDING, INC.",2006,Philippines,
AFFIRMATIVE LENDING CORPORATION,L-23-0429-96,Philippines,
AFFORDABLE LENDING CORP.,1803,Philippines,
AFIANZAR LENDING CORPORATION DOING BUSINESS UNDER THE NAME & STYLE OF MIGO LENDERS,1405,Philippines,
AFK LENDING PHILIPPINES INC.,2671,Philippines,
AFORTUNATO LENDING CORPORATION,1251,Philippines,
AFREE N' JEMS LENDING CORP.,1583,Philippines,
AfterPay PH Lending Corporation,L-23-0530-15,Philippines,
AFTERWEST MICROLOANS INC.,1718,Philippines,
AGIE'S LENDING CORPORATION,1060,Philippines,
AGILE LENDING CORPORATION,L-23-0376-82,Philippines,
AGK CLOVER LENDING COMPANY INC.,3422,Philippines,
AGM TRUSTWORTHY LENDING SERVICES INC.,1399,Philippines,
AGRICOM CREDIT CORPORATION (FORMERLY: AGRICOM RURAL BANK INCORPORATED),2804,Philippines,
AGS SANDHU LENDING COMPANY INC.,,Philippines,
AGUA LENDING INVESTOR CORP.,551,Philippines,
AGUIRRE LOAN AND LENDING SERVICES INC.,1640,Philippines,
AGUSTINEZ LENDING INVESTORS CORP.,L-23-0413-18,Philippines,
AHJ OPULENT LENDING CORP.,1645,Philippines,
AHP Lending Services Corporation,L-22-0308-78,Philippines,
AILETONE LENDING INVESTOR CORP.,2058,Philippines,
Air Fish Lending Corporation,3082,Philippines,
AISETAN LENDING CORPORATION,,Philippines,
AJA MICROLENDING CORP.,2202,Philippines,
AJB LENDING CORP.,L-22-0288-88,Philippines,
AKAL TAKHT LENDING CORPORATION,2254,Philippines,
AKAP LENDING INVESTOR CORPORATION,1308,Philippines,
AKF LENDING CORPORATION,L-22-0284-83,Philippines,
AKHEELA LENDING INVESTORS CORPORATION,1176,Philippines,
AKISADA LENDING CORPORATION,755,Philippines,
AKKUN Lending Corporation,2762,Philippines,
AKLIA LENDING INVESTOR AND TRADING CORP.,2545,Philippines,
AKM LENDING CORP.,2810,Philippines,
AKR SINGH LENDING INVESTOR INC.,2588,Philippines,
"AKRAM LENDING SERVICES, INC.",615,Philippines,
AKSYON AGAD CREDIT & LENDING INC.,1978,Philippines,
AKUESH LENDING CORPORATION,2515,Philippines,
AL-RITZ CREDIT & LOAN CORPORATION,796,Philippines,
ALA LENDING INVESTOR CORP.,1516,Philippines,
Alalay sa Bayan Lending Corporation doing business under the name and style of ASB Lending Corporation,L-22-0241-39,Philippines,
ALANO & SONS CREDIT CORPORATION,567,Philippines,
ALAY PUSO LENDING CORP.,252,Philippines,
Albonia FastBank Lending Inc.,3081,Philippines,
ALBRY LENDING INVESTORS INC.,2562,Philippines,
ALBYNA'S LENDING CORPORATION,2211,Philippines,
ALCORE LENDING INVESTOR CORPORATION,979,Philippines,
ALDERWOD LENDING CORPORATION,2672,Philippines,
"ALECANCHU LENDING CO., INC.",1651,Philippines,
ALENSON LENDING INVESTOR INC.,1477,Philippines,
Alexandrei 18 Lending Incorporated,L-22-0291-42,Philippines,
ALFRED BONOSTRO RECOSOSA LENDING INCORPORATED,3151,Philippines,
ALICDAN LENDING CORPORATION,163,Philippines,
"ALIWAL LENDING COMPANY, INC.",2170,Philippines,
"ALL ABOUT CASH, INC.",620,Philippines,
ALL WOMEN LENDING INVESTORS INC.,1792,Philippines,
ALLAN & LOVELY CREDIT & LOANS CORP.,1709,Philippines,
ALLTRUST LENDING CORPORATION,795,Philippines,
ALLWAYS D'BEST LENDING CORPORATION,L-23-0399-62,Philippines,
ALMAJEET LENDING AND TRADING INC.,2437,Philippines,
ALMARROSE LENDING CORPORATION,797,Philippines,
"ALMCOX CREDIT SERVICES, INC.",1216,Philippines,
ALON CAPITAL LENDING CORPORATION,L-21-0056-23,Philippines,
ALPAMAYO LEN DING INC.,2925,Philippines,
ALPHA - Q LENDING CORP.,L-23-0430-70,Philippines,
ALPHA BUSINESS LENDING CORPORATION,L-21-0076-31,Philippines,
ALPHA DIAMOND LENDING CORP.,CEO-030,Philippines,
Alpha Source Lending Inc.,2959,Philippines,
ALPHA WAKYO LENDING CORPORATION,1261,Philippines,
Alphage X Micro Lending Corporation,2914,Philippines,
ALPHATRUST LENDING CORPORATION,3240,Philippines,
ALPINE LOAN & CREDIT CORP.,1114,Philippines,
ALSAM LENDING SERVICES INC.,3336,Philippines,
ALSON LENDING CORPORATION,L-23-0408-93,Philippines,
"ALTERNATIVE LENDING SOLUTIONS, INC.",1121,Philippines,
ALTFUND LENDING CORPORATION,2349,Philippines,
ALTIUS CREDIT CORPORATION,3493,Philippines,
ALTON LENDING CO. INC.,1743,Philippines,
ALV Support Lending Corporation,L-22-0258-49,Philippines,
ALVAREZ-DIO LENDING INC.,2063,Philippines,
ALYATTES AND MEDID (AM) LENDIGN CORP.,2746,Philippines,
AMAN DIP LENDING AND TRADING CORPORATION,2135,Philippines,
AMARA LENDING CORPORATION,L-23-0433-75,Philippines,
AMARDAS LENDING CORP.,2504,Philippines,
AMARILLAS MICRO-LENDING CORPORATION,2516,Philippines,
AMAROSA LENDING CORP.,2352,Philippines,
AMAZING LENDING CORP.,L-23-0362-56,Philippines,
AMAZINGSUPPORT LENDING CORPORATION,450,Philippines,
AMBER STAR LENDING CORPORATION,L-21-0046-55,Philippines,
AMECAN LENDING CORPORATION,L-22-0304-15,Philippines,
AMF-NR LENDING CORP.,832,Philippines,
AMICIS LENDING CORP.,L-22-0321-87,Philippines,
AMIHAN LENDING INVESTOR CORP.,1175,Philippines,
AMITASHWAR LENDING & TRADING CORPORATION,315,Philippines,
AMNISH LENDING AND TRADING CORP. (FORMERLY: AMNISH TRADING CORPORATION),3494,Philippines,
AMNNAF LENDING CORPORATION,CEO-109,Philippines,
AMOLIKA-AMAYA PRINCESS LENDING AND TRADING CORP.,2165,Philippines,
AMORACE LENDING CORPORATION,1693,Philippines,
AMOS CHOHAN LENDING CORPORATION,2280,Philippines,
AMPARADO LENDING INC.,2128,Philippines,
AMSONS LENDING AND TRADING CORP.,2270,Philippines,
AMSTEEL MONEY LENDING INC.,2645,Philippines,
"AN-AN, BEBE AND CELIO LENDING Inc.",3107,Philippines,
Anabu Coastal Lending Inc.,2852,Philippines,
ANAYA LENDING INVESTOR CORP.,L-23-0431-37,Philippines,
ANCHORAGE LENDING CORPORATION,3314,Philippines,
ANCHORBAY CREDIT INC.,1781,Philippines,
ANCOR CREDIT AND LOAN CORPORATION,649,Philippines,
"ANCUP LENDING INVESTORS, INC.",669,Philippines,
ANDROMEDA LENDING CORP.,2901,Philippines,
ANECHKA LENDING CORP.,L-22-0131-49,Philippines,
ANGAT KABUHAYAN MICRO LENDING CORPORATION,L-22-0309-98,Philippines,
ANGEL MJ LENDING Corporation,2907,Philippines,
ANGEL'S MIND LENDING SERVICES CORPORATION,782,Philippines,
ANGELES CITY NAVDEEP MALHI LENDING CORP.,1601,Philippines,
"ANGELYN SMALL LOAN, INC.",952,Philippines,
ANIZELS LENDING CORPORATION,,Philippines,
ANKUSH SAGAR TALWAR LENDING AND TRADING INC.,2228,Philippines,
ANMILA LENDING CORPORATION,768,Philippines,
ANMOL BUTTER LENDING AND TRADING CORP.,2454,Philippines,
ANNBIENCE LENDING VENTURES CORP.,2758,Philippines,
ANNECY LENDING CORPORATION,179,Philippines,
ANTONIO SINGSON LENDING COMPANY,L-22-0253-64,Philippines,
Anytime Lending Corporation,,Philippines,
APAJ LENDING INVESTOR CORPORATION,1505,Philippines,
APB LENDING INVESTOR CORP.,1487,Philippines,
APB LOANS AND CREDIT CORPORATION,1172,Philippines,
"APEC LENDING INVESTORS, INC.",935,Philippines,
APH CREDIT LENDING CORPORATION,3487,Philippines,
APLUS LENDING CORPORATION,1019,Philippines,
APOLLO 14 LENDING INC.,3284,Philippines,
APP LOAN CENTER CORPORATION,008,Philippines,
Appex GB Lending Inc.,3187,Philippines,
APPHIA LENDING INVESTORS INC.,1125,Philippines,
"APPROVED LENDING INVESTOR, INC.",1044,Philippines,
APRICOTS LENDING CORPORATION,3204,Philippines,
AQUARIUS SAPHIRE LENDING INC.,866,Philippines,
AQUIBAL LENDING CORPORATION,1780,Philippines,
AQUIGAR CASH LENDING CORP.,1518,Philippines,
AQUILA LINQ LENDING CORPORATION,1457,Philippines,
AQUINO LOAN ASSISTANCE INC.,326,Philippines,
"AR HC LENDING INVESTOR, INC.",3009,Philippines,
ARANA LENDING CORP.,2503,Philippines,
"ARANAS-FELICIANO LENDING INVESTOR, INC.",346,Philippines,
ARANZAZU LENDING INVESTOR CORPORATION,064,Philippines,
ARCHIPELAGO GROUP LENDING CORPORATION,,Philippines,
ARCHVEST LENDING CORP.,1973,Philippines,
ARDENT LENDING INVESTOR CORPORATION,3331,Philippines,
"ARGEM LOANS, INC.",332,Philippines,
ARGENTUM CREDIT CORP.,L-22-0194-69,Philippines,
ARGO GLOBAL LENDING Corporation,3186,Philippines,
ARGO LENDING CORPORATION,561,Philippines,
ARGONAVIS CREDIT CORP.,1831,Philippines,
ARMAAN DHILLON'S LENDING AND TRADING CORP.,2289,Philippines,
ARMIJET LENDING CORPORATION,1915,Philippines,
Armorak Lending Inc.,2988,Philippines,
Artemis Lending Corporation,,Philippines,
ARVEST LENDING INVESTOR INC.,1490,Philippines,
ASCEND PHILS LENDING CORPORATION Doing business under the name/s and style/s of ASCEND LENDING,L-21-0015-23,Philippines,
ASEC LENDING INVESTOR CORPORATION,152,Philippines,
ASENSO-GABOS LENDING CORP.,2873,Philippines,
ASHMEEN AND PRABPREET LENDING INVESTOR AND TRADING CORP.,2452,Philippines,
ASHWANI & GROUP LENDING CORP.,1471,Philippines,
ASIAN BROTHERS FRIENDLY LENDING CORP.,2260,Philippines,
ASIAN LOAN LENDING HUB INC.,2103,Philippines,
ASIAN PENSION LOAN CORP.,1450,Philippines,
ASIANMINES CREDIT & LENDING CORP.,1217,Philippines,
"ASJ LENDING INVESTORS, INC.",440,Philippines,
"ASJE LENDING INVESTOR, INC.",1842,Philippines,
ASL GOLDEN CHI LENDING CORP.,1165,Philippines,
Asmeriaz Lending Corporation,3281,Philippines,
ASPI - ALALAY SA PROGRESO LENDING INC.,L-23-0441-84,Philippines,
ASPIRE CREDIT AND LENDING CORPORATION,3398,Philippines,
ASPIRE LENDING SERVICES INC.,2875,Philippines,
"ASSET LENDING INVESTOR, INC.",111,Philippines,
ASSIDIOUS LENDING CORP.,1961,Philippines,
Assistance for Central Luzon Lending Incorporated,3270,Philippines,
"ASTERIA LENDING, INC. DOING BUISNESS UNDER THE NAME AND STYLE OF CASHBAZAAR",1813,Philippines,
ATC LENDING CORPORATION,765,Philippines,
ATHERET LENDING CORPORATION,933,Philippines,
ATIENZA-RAZON LENDING CORPORATION,112,Philippines,
"ATIMONAN LENDING INVESTORS, INC.",928,Philippines,
ATM LENDING INVESTOR CORPORATION,2894,Philippines,
ATM METRO LENDING CORPORATION,566,Philippines,
ATM ONLINE LENDING CORP.,3065,Philippines,
ATMEH LENDING INC.,2146,Philippines,
ATOM LENDING CLUB CORP. doing business under the name and style of ANXIN LENDING,3180,Philippines,
ATTICA CREDIT AND LENDING CORPORATION,L-23-0506-15,Philippines,
"AUM FASTRACK CREDIT SOLUTIONS, INC.",1684,Philippines,
Aurelio Salapare Lending INc.,3254,Philippines,
AURORA PACIFIC LENDING CORPORATION,L-21-0064-47,Philippines,
AURUM CREDIT CORP.,3402,Philippines,
AUTO CREDIT LENDING INC.,L-21-0032-29,Philippines,
AUTOMATIC LENDING INVESTOR CORPORATION,750,Philippines,
AVA PRIME LENDING INC.,L-22-0295-66,Philippines,
AVABL SOLUTION LENDING CORP.,3267,Philippines,
AVIS LENDING CORPORATION,3396,Philippines,
AVITAJ MONEY LENDING CORP.,2417,Philippines,
"AVIVA CREDIT SERVICES, INC.",338,Philippines,
Awatar Lending Investor Corporation,2942,Philippines,
AYLISH-MANIK-NAMISH LENDING CORP.,2312,Philippines,
AYM START-UP LENDING CORPORATION,1794,Philippines,
AYTAAN LENDING AND TRADING INC.,2332,Philippines,
AZURE TRISTAR VENTURE CREDIT CORPORATION,1335,Philippines,
B AND C HELP HAND LENDING INVESTORS INC.,2002,Philippines,
B. TANYAG CREDIT CORPORATION,785,Philippines,
B.H.S.-M.J. LENDING & TRADING CORP.,914,Philippines,
B.M.G.H. LENDING INVESTOR AND CREDIT CORP.,2167,Philippines,
B.S.S.M.R. LIONS LENDING CORP,1661,Philippines,
B2MIcro LENDING CORPORATION,3231,Philippines,
BABA BALAK NATH JI LENDING INC.,3131,Philippines,
BABA BAWA KHAN LENDING CORPORATION,2849,Philippines,
BABA BISHAN SINGH LENDING INC.,2364,Philippines,
BABA BUDDA LENDING CORP.,1867,Philippines,
BABA CHARAN DAS LENDING & TRADING CORPORATION,1474,Philippines,
BABA FARID LENDING INC.,908,Philippines,
BABA KER SAHIB LENDING AND TRADING PHILS CORP.,2029,Philippines,
BABA MUNSHI LENDING CORPORATION,2282,Philippines,
BABA MURAD SHAH LENDING INVESTOR CORPORATION,2237,Philippines,
BABA NAND SINGH LENDING INVESTOR AND TRADING CORP.,2393,Philippines,
BABA SEVA DAS LENDING AND TRADING CORP.,2334,Philippines,
BABA SONDHI JI LENDING INVESTOR CORP.,2328,Philippines,
BABY LOAN CENTRAL LENDING INC.,2543,Philippines,
BACOLOD ACREDITAR LENDING CORPORATION,1193,Philippines,
BACOLOD GM LENDING CORPORATION,375,Philippines,
BAGABAG SUNSHINE LENDING CORP.,L-22-0234-57,Philippines,
BAGONG PAG-ASA LENDING CORPORATION,253,Philippines,
BAGUIO INTERCARD LENDING CORPORATION,387,Philippines,
BAHLI LENDING AND TRADING PHILS. CORP.,1372,Philippines,
BAI JI LENDING CORPORATION,2772,Philippines,
BAKERMAX LENDING CORP.,L-21-0043-74,Philippines,
BALAK 1008 LENDING AND TRADING INC.,2303,Philippines,
BALANGA CREDITLINE LENDING CORPORATION,2574,Philippines,
BALI LENDING CORPORATION,683,Philippines,
BALLAGAN-GANGOTRE LENDING AND TRADING CORP.,2382,Philippines,
BALUYAN ALEGRIA ROSALES LOAN SERVICES INC.,2278,Philippines,
BAMBRAH LENDING AND TRADING CORPORATION,1998,Philippines,
BANCASIA CAPITAL CORPORATION,760,Philippines,
BANCPH LENDING INC.,2677,Philippines,
BANDILA LENDING CORPORATION,301,Philippines,
BAÑES MICRO LENIDNG CORP.,2120,Philippines,
BANGKAL BROTHER LENDING CORP.,3094,Philippines,
Banhigan Lending Investor Inc.,3097,Philippines,
BANITA INTL. CREDIT CORP.,2890,Philippines,
BARAKAT LENDING INVESTORS CORPORATION,1381,Philippines,
"BARKADAHAN PALAWAN LENDERS, INC.",173,Philippines,
"BARNALA INT'L. LENDING & TRADING, INC.",877,Philippines,
"BARRA DE ORO LENDING, INC.",1094,Philippines,
BART LENDING CORP.,,Philippines,
BASIC RESOURCES MICRO-LENDING (B.R.M.) CORPORATION,1549,Philippines,
BASILEA LENDING CORPORATION,3323,Philippines,
BASSEC LENDING SERVICES CORPORATION,541,Philippines,
BAWA LENDING INVESTOR CORPORATION,2569,Philippines,
BAYANAN CREDIT CORPORATION,793,Philippines,
BAYANI CREDIT CORPORATION,312,Philippines,
BAYAWAN'S PRIDE LENDING CORPORATION,3334,Philippines,
BB & SONS CAPITAL LENDING CORPORATION,1040,Philippines,
BBG LENDING CORP.,1559,Philippines,
BBNK LENDING CORPORATION,L-21-0037-88,Philippines,
BCC CREDIT CORPORATION,932,Philippines,
BDL LENDING INC.,L-22-0123-27,Philippines,
BDPRS LENDING & TRADING CORP.,1275,Philippines,
BE COOL EXPRESS LENDING INVESTOR CORP.,2601,Philippines,
BEAC REL LENDING INVESTOR CORP.,1301,Philippines,
BEATUS FISCUS LENDING CORPORATION,L-22-0314-32,Philippines,
BEEPER LENDING CORPORATION,239,Philippines,
BEGPIPER LENDING CORPORATION,2186,Philippines,
BEISTAND LOAN CORP.,1680,Philippines,
BEJ LENDING INVESTOR CORPORATION,1162,Philippines,
BENI-PAL LENDING AND TRADING CORP.,2408,Philippines,
BENRIO LENDING CORPORATION,1263,Philippines,
BERNAD-SINODIVILA LENDING CORPORATION,542,Philippines,
BEST J-AMD LENDING CORP.,1972,Philippines,
BEST PROVIDER MICRO LENDING CORPORATION,2947,Philippines,
BESTRATE CREDIT CORP.,1274,Philippines,
BESTVALUE CREDIT CORP.,1544,Philippines,
"BETA MICROLENDING CO., INC.",493,Philippines,
BETERAVIA CREDIT CORPORATION,281,Philippines,
BETTER ACHIEVEMENT OF GOALS THROUGH ACCESSIBLE SERVICES (BAGTAS) LENDING INC.,1753,Philippines,
BETTER DEAL LENDING CORP.,1519,Philippines,
"BETTERDAYS LENDING INVESTOR, INC.",946,Philippines,
BEYEL LENDING INC.,1366,Philippines,
BF LENDING INVESTOR INC.,019,Philippines,
BFJ II CREDIT AND LOAN CORPORATION,1678,Philippines,
BFJII LENDING CORPORATION,171,Philippines,
BHAGAT DHANNA LENDING INVESTOR AND TRADING INC.,2635,Philippines,
BHAGAT SINGH LENDING INVESTOR CORP.,2160,Philippines,
BHANA & FRIENDS LENDING INVESTOR CORP.,745,Philippines,
BHANGAL-MANN LENDING CORPORATION,2083,Philippines,
BHANGU MANJOT LENDING INC.,2299,Philippines,
BHARATVIR LENDING & TRADING INC.,1156,Philippines,
BHAURA LENDING CORP.,2286,Philippines,
BHESPREN LENDING CORP.,325,Philippines,
BHILLON LENDING INC.,2567,Philippines,
BHINDER & FRIENDS LENDING & TRADING CORP,1148,Philippines,
BHOSS LENDING INVESTOR CORP.,1140,Philippines,
BICOL AMIGO'S LENDING CORP.,3340,Philippines,
BICOL EASYLOAN LENDING CORP.,2935,Philippines,
Bicol Flexi Fund Lenidng Corporation,2958,Philippines,
BICOL HORLAN LENDING CORPORATION,3389,Philippines,
BIDDO LENDING INVESTORS CORP.,2074,Philippines,
BIEN SUERTE LENDING CORPORATION,1839,Philippines,
BIGTIME CAGAYAN CREDIT & LOANS CORP.,1408,Philippines,
BIJAY KUMAR CREDIT CORP.,2485,Philippines,
BINDERSIDHU LENDING AND TRADING CORPORATION,1440,Philippines,
"BINMALEY LENDING INVESTOR, INC.",544,Philippines,
BINOS LENDING CORPORATION (Formerly: Binos Finance Corporation),DEO-028,Philippines,
BISHOP WAY LENDING CORP.,2354,Philippines,
BISMARK CREDIT AND LOANS CORPORATION,475,Philippines,
Bitnn Lending Corp.,3196,Philippines,
BIZ-MATE LENDING CORPORATION,2518,Philippines,
"BJ CAREN LENDING, INC.",174,Philippines,
BJ KAUNLARAN MICRO LENDING CORP.,3460,Philippines,
BJI LENDING CORPORATION,371,Philippines,
BLAGGAN NANKI LENDING INVESTOR AND TRADING CORP.,2424,Philippines,
BLAGGAN RASMIT SULTAN LENDING AND TRADING CORP.,1334,Philippines,
BLAGGAN SONS CREDIT INC.,998,Philippines,
Blanche Lending Corporation,L-23-03412-68,Philippines,
BLC LENDING Corporation,3001,Philippines,
BLESSED 28 LENDING Inc.,L-22-0207-82,Philippines,
BLISSFUL LOAN LENDING CORPORATION,2902,Philippines,
BLNY LENDING CORP.,483,Philippines,
BLUE COLLAR LENDING INC.,L-23-0437-98,Philippines,
BLUE EAGLE 525 LENDING INVESTOR INC.,844,Philippines,
Blue Fin Lending Asia Inc.,3311,Philippines,
BLUE STAR LENDING INVESTOR CORP.,1205,Philippines,
BLUEBELL LENDING CORPORATION,L-23-0373-69,Philippines,
Bluesea Lending Corp.,2813,Philippines,
Blumentritt Lending Investor Inc.,3168,Philippines,
BLUMEX PLUS CREDIT INVESTOR INC.,1459,Philippines,
BLVING LENDING CORPORATION,265,Philippines,
BM ALBERT LENDING RESOURCES CORP.,1206,Philippines,
BMC LENDING COPRORATION,3043,Philippines,
BMF LENDING INVESTORS CORP.,1713,Philippines,
BMJ GOLDEN LENDING CORP.,2062,Philippines,
BMK MONEY LINE LENDING CORP.,2404,Philippines,
BMW BOOST CREDIT LENDING CORP.,3328,Philippines,
"BMY Lending Investor, Inc. formerly: ANCB FINANCIAL MANAGEMENT SERVICES, INC.",CEO-091,Philippines,
BOB'S EXPRESS LENDING CORPORATION,2787,Philippines,
BODA LENDING CORPORATION,635,Philippines,
BOGO SVF LENDING CORPORATION,3355,Philippines,
BOHOL SEAFARERS LENDING CORPORATION,CEO-115,Philippines,
BOJINAS LENDING CORPORATION,328,Philippines,
BON & DIGNA SORIANO LENDING CORP.,660,Philippines,
BON JIN LENDING INC.,3116,Philippines,
BONGABONG LENDING INVESTOR CORP. Formerly Bongabong Financing Corporation,431,Philippines,
BONVILLE LENDING CORPORATION,249,Philippines,
BooMinG Lending Investors INC.,3248,Philippines,
BOPA-RAI LENDING CORPORATION,1262,Philippines,
BORACAY MMK LENDING CORP.,838,Philippines,
Borrowell Lending Corporation,L-23-0512-15,Philippines,
BORROWER'S BEST CHOICE (BBC) LENDING INC.,2396,Philippines,
BORROWER'S HUB MICROLENDING INC.,2025,Philippines,
Borrowers Alley Lending Corporation,2954,Philippines,
BORROWLANE CREDIT INC.,696,Philippines,
BOSS POWER LENDING CORPORATION,L-21-0107-84,Philippines,
BOSS RITCH LENDING INVESTOR CORP.,1993,Philippines,
BOSTON FLEXI-LENDING CORPORATION,2329,Philippines,
BOUNA FORTUNA LENDING INVESTOR INC.,2213,Philippines,
BOUNTIFULL LENDING CORPORATION,1310,Philippines,
BOY-REC LENDING CORP.,1950,Philippines,
BPC LENDING INC.,2586,Philippines,
BRACE LENDING CORPORATION,206,Philippines,
BRADS CREDIT CORPORATION,1698,Philippines,
BRAR & HANS KALAN LENDING CORP.,1259,Philippines,
BRAR AND TOOR LENDING CORP.,1300,Philippines,
BRAVO ZULO ROMEO LENDING CORPORATION,2774,Philippines,
Bridge Helping Hands Lending Corp.,2881,Philippines,
BRIDGEFUND LENDING INVESTOR INC,LEO-096,Philippines,
BRIDGELINK LENDING CORPORATION,L-23-0366-61,Philippines,
BRIGHT SOLAR LENDING AND TRADING CORP.,2279,Philippines,
BRIGHTCAST LENDING SERVICES INC.,3478,Philippines,
BRIGHTLIVES LENDING PHILS. INC.,2221,Philippines,
BRILLIANT MOSUR LENDING CORP.,2706,Philippines,
BRITTO LENDING CORPORATION,L-23-0370-45,Philippines,
BROADSTREET LENDING CORPORATION,3329,Philippines,
BROTHER PREET LENDING INVESTOR CORP.,2511,Philippines,
BROTHER'S BRO 2018 LENDING AND ENTERPRISE CORP.,2570,Philippines,
BROTHER'S BRO LENDING AND INTERTRADE CORP.,2426,Philippines,
BROTHERS FRESH LENDING CORPORATION,2305,Philippines,
BRV BIG BROTHER MICRO CREDIT CORPORATION,2531,Philippines,
BS AND J LENDING CORP.,2399,Philippines,
BSGK LENDING CORP.,2023,Philippines,
BTM LENDING INVESTOR INC.,1755,Philippines,
BUENO LENDING INVESTOR INC.,942,Philippines,
BUGUIAS LENDING CORP.,1235,Philippines,
"BUHAY AT HANAPBUHAY LENDING, INC.",1579,Philippines,
"BUKIDNON SERVANT COMMUNITIES LENDING INVESTORS, INC.",904,Philippines,
Buklod Lending Ventures Corporation,2956,Philippines,
BULACAN BUSINESS SECURITY LENDING CORPORATION Formerly Asac Bulacan Lending Corporation,420,Philippines,
BULACAN MONEYTRUST LENDING CORPORATION,3113,Philippines,
BULLION CREDIT CORPORATION,426,Philippines,
BURBANK LENDING CORPORATION,010,Philippines,
BUSINESS POINT LENDING INVESTOR CORP.,122,Philippines,
BUTIL NG PAG-ASA LENDING CORP.,1224,Philippines,
BUTTAR LENDING AND TRADING CORP.,2307,Philippines,
BUTUAN PRIME LOANS CORPORATION,619,Philippines,
Bwena Credit and Lending Corp.,2862,Philippines,
BXB MONEY LENDING CORP.,3014,Philippines,
BXC LENDING CORP.,1947,Philippines,
BYMONEY LENDING CORP.,1449,Philippines,
C A S H L I N E LENDING CORPORATION,702,Philippines,
C AND C REACHABLE LENDING CORP.,2101,Philippines,
C-E-N-T-R-A-L INTERNATIONAL LENDING CORPORATION,1104,Philippines,
C.A.K. Lending Services Inc.,3275,Philippines,
C.S.S. EVER LENDING INVESTOR & CO. INC.,956,Philippines,
CAA Empire Lending Corporation,2939,Philippines,
CABANATUAN KWIK-RELIS LENDING (CKRLC) CORP.,1548,Philippines,
CABANISAS CREDIT CORP.,053,Philippines,
CADE GEMINI LENDING CORPORATION,L-23-0409-52,Philippines,
CAGAYAN VALLEY PERPETUAL TRUST LENDING CORPORATION,572,Philippines,
CAISHEN LENDING CORPORATION,L-21-0059-94,Philippines,
CAIXADINERO LENDING CORPORATION,1981,Philippines,
CAL-CAT CREDIT INCORPORATED,1375,Philippines,
CALFER LENDING INVESTOR INC.,323,Philippines,
CALLIGRAPHY LENDING INC.,1790,Philippines,
CALSAN JD-30 LENDING Corporation,2770,Philippines,
Cam Norte Easy Cash Lending Corporation,3200,Philippines,
CAMBA LENDING CORPORATION,632,Philippines,
"CAMBRIA LENDING INVESTOR, INC.",1219,Philippines,
"CAMELA CREDIT SERVICES, INC.",719,Philippines,
"CAMFIN LENDING, INC.",270,Philippines,
CAPACIO LENDING INVESTOR CORPORATION,1220,Philippines,
CAPEX CREDIT CORP.,1668,Philippines,
"CAPEX LENDING GROUP, INC.",2694,Philippines,
CAPILANO LENDING INVESTOR CORPORATION,1604,Philippines,
CAPITAL A'S LENDING CORPORATION,2481,Philippines,
"CAPITAL AIDE BUSINESS LENDING, INC.",177,Philippines,
CAPITAL C3 CREDIT CORPORATION,1677,Philippines,
CAPITAL ELITE LENDING CORPORATION,2757,Philippines,
CAPITALIFE LENDING INC.,1086,Philippines,
"CAPITALUNION LENDING, INC.",1532,Philippines,
CAPSAVE AND SONS LENDING CORPORATION Doing business under the name and style of Jufin Lending Investor,3479,Philippines,
CARDES LENDING CORPORATION,722,Philippines,
CARDINAL CREDIT CORPORATION,503,Philippines,
"CARING HANDS LENDING INVESTOR PHILS., CORP.",1859,Philippines,
CARIÑOSA LENDING INVESTOR INC.,1278,Philippines,
CARMEN CREDIT 888 CORP.,2475,Philippines,
CARRIBEAN LOAN SERVICES CORPORATION,293,Philippines,
CARRLINE LENDING CORPORATION,985,Philippines,
CARSEVA LENDING CORP.,2499,Philippines,
CARTA CONFIANZA LENDING Inc.,2842,Philippines,
Cas Dan LENDING CORPORATION,2834,Philippines,
"CASA VASCA CREDIT & LOANS, INC.",1481,Philippines,
"CASH AID LOAN ONLINE LENDING INC. doing business under the name/s and style/s of fast pera lending, peso online lending and we peso lending",L-21-0044-32,Philippines,
CASH AVENUE LENDING INC.,L-22-0239-72,Philippines,
Cash Grant Lending Inc.,L-22-0269-11,Philippines,
Cash Hub Yvie Lending Corporation,,Philippines,
"CASH LANE LENDING INVESTOR, INCORPORATED",1084,Philippines,
CASH MART ASIA LENDING INC.,1849,Philippines,
CASH on Demand Lending Corp.,L-23-0389-83,Philippines,
"CASH WORLD CREDIT, INC.",031,Philippines,
Cash2U Lending Corporation,3124,Philippines,
CASH8 LENDING CORPORATION,3105,Philippines,
Cashbee Lending Services Inc.,3041,Philippines,
CASHCARE CREDIT CORPORATION,1078,Philippines,
CASHCREDIT CORPORATION,1525,Philippines,
CASHDEPOT CREDIT CORPORATION,246,Philippines,
CASHEXPRESS WORLDWIDE INC.,089,Philippines,
CASHFIX LENDING INVESTOR INC.,2812,Philippines,
Cashflow Lending Corporation,2784,Philippines,
CASHLINK LENDING INVESTOR CORPORATION,L-23-0369-12,Philippines,
CASHMANILA LENDING INVERSTORS INC.,800,Philippines,
CASHMATE CREDIT CORPORATION,2627,Philippines,
CASHMATIC LENDING CORP.,1931,Philippines,
CASHMOTO LENDING INC.,1829,Philippines,
CashMum Lending Investors Corp.,3413,Philippines,
"Cashpedia Lending, Inc.",2945,Philippines,
CASHPORT LENDING INVESTOR CORPORATION,1872,Philippines,
CASHTALK LENDING INVESTORS CORP.,L-21-0017-38,Philippines,
CASHTREND LENDING CORP.,L-22-0214-96,Philippines,
CASHXPRESS LENDING CORPORATION,2595,Philippines,
Cashya Lending Corporation,L-23-0395-31,Philippines,
CASTILLO LENDING INC.,1411,Philippines,
CATCHCASH LENDING INVESTORS CORP.,3093,Philippines,
CATH KAAGAPAY LENDING CORPORATION,2704,Philippines,
CATRIZ DREAM LENDING CORPORATION,2863,Philippines,
CAVICIJA LENDING CORPORATION,1483,Philippines,
"CAVITE APC LENDING COMPANY, INC.",350,Philippines,
"CAVITE TMC LENDING, INC.",1565,Philippines,
CAYANAN-BUNGAY LENDING CORP.,142,Philippines,
Cayinzo Lending Investor Corp.,2903,Philippines,
CBM LENDING INVESTOR CORP.,1112,Philippines,
"CCNTF LENDING INVESTORS, INC.",1598,Philippines,
CDC LENDING INC.,,Philippines,
CDUV LENDING INCORPORATED,290,Philippines,
"CE & BE LENDING INVESTOR, INC.",1264,Philippines,
CEBU PRIME AND EASY LENDING CORPORATION,1420,Philippines,
CEDY CREDIT CORPORATION,1716,Philippines,
CELI LENDING CORPORATION,,Philippines,
CENTRAL LENDING CORP.,L-22-0250-42,Philippines,
CENTRO PULO LENDING CORPORATION,1740,Philippines,
CENTRO UNO LENDING CORPORATION,529,Philippines,
CENTUM CREDIT CORPORATION,1213,Philippines,
CENTURYVINE EXPRESS LENDING CORPORATION,560,Philippines,
CERBITO LENDING CORP.,2820,Philippines,
CERVAS LENDING AND TRADING CORP.,2127,Philippines,
CES E. MASBATE AND LOAN INCORPORATED,2315,Philippines,
CETUS LENDING INCORPORATED,500,Philippines,
CEZMARI-JOCHIREN LENDING CORPORATION,674,Philippines,
CGK'S CREDIT AND LOANS CORPORATION,1026,Philippines,
CGRL LENDING CORPORATION,L-22-0310-39,Philippines,
CHAI JI MICRO LENDING AND TRADING CORPORATION,2310,Philippines,
CHALLENGING LENDING CORPORATION,L-22-0256-20,Philippines,
CHAMBER LENDING CORPORATION FORMERLY: PASIG DYNAMIC CHAMBER FINANCING CORPORATION,1321,Philippines,
CHARDIKLA LENDING CORP.,1960,Philippines,
CHARN KAMAL LENDING AND TRADING CORP.,2214,Philippines,
"CHARUS CREDIT SERVICES, INC.",508,Philippines,
CHAUHAN LENDING CORP.,2378,Philippines,
CHE-CHE LENDING CORPORATION,1065,Philippines,
CHEEMA-SANDHU LENDING INVESTOR CORP.,2162,Philippines,
CHERRY S. HOSALLA LENDING CORPORATION,827,Philippines,
CHILL RELAX UNWIND LENDING INCORPORATED,2318,Philippines,
CHIQU LENDING CORP. doing business under the name/s and style/s of CHIQU LENDING,L-22-0182-16,Philippines,
CHIZ LENDING RESOURCES CORPORATION,1003,Philippines,
CHK COLOURS LENDING INC.,1705,Philippines,
CHOHAN DHUTTY LENDING INVESTOR CORP.,2576,Philippines,
CHOHAN LENDING INVESTOR CORPORATION,511,Philippines,
CHOLIA LENDING AND TRADING CORPORATION,2136,Philippines,
CHRISMAG CREDIT AND LOANING CORP.,1771,Philippines,
"CHRISTIAN AND JAMES VICEO LENDING, INC.",048,Philippines,
CHS EASYLOAN INC.,2187,Philippines,
CIBIC URBAN LENDING CORP.,2068,Philippines,
CINCO DE ORO LOANS CORP.,831,Philippines,
Cinia Lending Inc.,3279,Philippines,
CINOP LENDING CORPORATION,670,Philippines,
CIPAGG CREDIT CORP.,1503,Philippines,
CIPHERTEX LENDING INCORPORATED,3139,Philippines,
CIR - MERCATO LENDING INCORPORATED,1468,Philippines,
"CIRCLE OF FIVE CREDIT OPTIONS, INC.",953,Philippines,
CIRCLE-BUNDAR LENDING CORP.,388,Philippines,
CIRCULUS LENDING CORP.,900,Philippines,
CITI SAVERS LENDING CORP.,L-23-0467-54,Philippines,
CITIGOLD MONEY LENDER CORP.,1524,Philippines,
"CITIGOODWILL LOANS, INC.",478,Philippines,
CITY EXPRESS FILIPINAS LENDING CORPORATION,716,Philippines,
CITY MONEY LENDING CORPORATION,L-23-0462-38,Philippines,
CITY'S BEST CREDIT AND LOANS CORP.,1147,Philippines,
CITYCASH LENDING CORPORATION,1984,Philippines,
CIUDAD DE TAYABAS LOAN CORPORATION,136,Philippines,
CLAADSS LENDING CORP.,401,Philippines,
CLAOD LENDING CORP.,2051,Philippines,
CLEK VICOR LENDING INC.,3134,Philippines,
CLEVERGOLD CREDIT CORPORATION,1838,Philippines,
"CLOUD LENDING INVESTOR, INC.",2126,Philippines,
CLOVER LEAF LENDING CORPORATION,1729,Philippines,
CLOWIE LENDING CORP.,L-22-0248-89,Philippines,
CLR LENDING INVESTOR INC.,3420,Philippines,
CM BUENAS MICROLENDING CORPORATION,2111,Philippines,
CMA-FINEST LENDING SERVICES CORP.,1128,Philippines,
CMS POT OF GOLD LENDING CORP.,1513,Philippines,
Codeblock Lending Inc.,3059,Philippines,
COFFER LENDING CORP.,1267,Philippines,
COGNITIF LENDING INC,2605,Philippines,
COLLWAY LENDING CORP.,L-22-0124-71,Philippines,
COLOSO CREDIT FACILITIES CORPORATION,710,Philippines,
COLSHIELD CREDIT INC.,1944,Philippines,
"COMMODITY LENDING INVESTORS, INC.",157,Philippines,
COMMON WEALTH VISION CREDIT CORPORATION,1092,Philippines,
COMMUNITY ACCESS CREDIT AND LOANS INC.,1384,Philippines,
COMMUNITY CASHPOINT LENDING CORPORATION,565,Philippines,
"COMVAL LOAN MART, INC.",307,Philippines,
CONCEPCION WEST LENDING EXPRESS INC.,039,Philippines,
"CONSTANCIA LENDING INVESTOR, INC.",771,Philippines,
CONTINENTAL I CLOUD LENDING INC.,538,Philippines,
CONVENIENCE CASH LENDING CORP.,3319,Philippines,
"COPPERSTONE LENDING INC. Doing business under the name/s and style/s of QuickLa, PocoCash, Blue Peso, Peso Forrest, Moca Moca, PesoBuffet and Loan Cash",3454,Philippines,
CORAL LENDING CORPORATION,213,Philippines,
CORANVIL CREDIT BUSINESS CORPORATION,2145,Philippines,
CORDIANS CREDIT CORPORATION,1569,Philippines,
CORE MANILA LENDING CORPORATION,L-23-0529-39,Philippines,
CORPFUND LENDING CORPORATION,125,Philippines,
COSMOS LENDING INC.,2715,Philippines,
COUNTRYBOYS LENDING CORP.,1435,Philippines,
COUNTRYSIDE MICRO LOANS CORP.,1379,Philippines,
CPY LOAN AND CREDIT CORPORATION,498,Philippines,
CRA LENDING CORPORATION,349,Philippines,
CRAWFORT MICRO LENDING TECHNOLOGIES PHILIPPINES INC.,2953,Philippines,
CREATIVE CREDIT & LOANS ASISISTANCE SERVICES INC.,1243,Philippines,
CREDEBIT LENDING INVESTOR CORPORATION,2897,Philippines,
CREDEIGHT DE ORO LENDING INVESTOR INC.,1639,Philippines,
CREDENCE LENDING INVESTORS CORPORATION,3439,Philippines,
CREDIT 365 LENDING CORP.,2730,Philippines,
"CREDIT ALLIANCE FOR PROSPERITY, PROGRESS AND SOLIDARITY (CAPPS) LENDING INVESTORS INC.",1945,Philippines,
CREDIT MASTERS & LENDING INVESTORS CORPORATION,427,Philippines,
CREDIT PLUS MICROLENDING INC.,1735,Philippines,
CREDIT PROCESSING AND LENDING VALUATION (CPLV) CORP.,2012,Philippines,
CREDIT RESOURCES UNLIMITED INC.,061,Philippines,
"CREDIT VIBRANT CONCEPTS, INC.",1071,Philippines,
CREDITABLE LENDING CORPORATION,2749,Philippines,
CREDITAS FORTUNE LENDING CORPORATION,1285,Philippines,
CreditHub Lending Investor Inc.,3410,Philippines,
"CREDITNET PHILIPPINES, INC.",678,Philippines,
CREDITPLUS COMPANY INC.,1105,Philippines,
"CreditTrend Lending Company, Inc. Doing business under the names and stlye of Peso-Peso; Pera-Pera; UrPeso; iPera and Pera Flood and Peso Sea.",3223,Philippines,
CREST OF NICE-J LENDING CORPORATION,2952,Philippines,
CREWED LENDING CORP.,178,Philippines,
CRISENDES CREDIT & LOAN CORPORATION,151,Philippines,
CRIXAN ASIA LENDING CORP.,2905,Philippines,
CRJ METRO LENDING & MARKETING CORPORATION Formerly: Metrowide Marketing and Lending Corporation,156,Philippines,
CRN Lending Corp.,,Philippines,
"CROFIL LENDING INVESTORS, INC.",250,Philippines,
"CROWNBEST PHILIPPINES LENDING INC. (FORMERLY: CROWNBEST PHILIPPINES, INC.)",2659,Philippines,
CROWNE REGINA LENDING INVESTOR INC.,1719,Philippines,
CRUGAR LENDING INVESTOR CORPORATION,964,Philippines,
CSFP MALIGAYA LENDING CORP.,1242,Philippines,
CSVC HEISEI LENDING CORPORATION,1752,Philippines,
"CTP FAIR LENDING,INC",124,Philippines,
CTV LENDING INVESTORS CORP.,778,Philippines,
CVG CREDIT & LOAN PHILS. INC.,724,Philippines,
CVJ LENDING CORPORATION,887,Philippines,
CVP FLEXI CREDIT AND LENDING SOLUTIONS INC.,1696,Philippines,
CW-TRUST MONEY LENDER CORPORATION,028,Philippines,
CYBERBIRD LENDING CORPORATION,L-23-0363-35,Philippines,
"CYDRIC LENDING COMPANY, INC.",1377,Philippines,
CYEN II Lending Corp.,3003,Philippines,
CYM LENDING INVESTORS INC.,227,Philippines,
D & P UNILEND CORPORATION,756,Philippines,
D AND E 5-STAR LENDING CORPORATION,3390,Philippines,
D AND H LENDING INVESTOR INCORPORATED,L-23-0538-74,Philippines,
D and L South Lending Corporation,2783,Philippines,
D AND S NEW HOPE MICROLENDING CORP.,1937,Philippines,
D TYCOON LENDING CORPORATION,2734,Philippines,
D. PINGA LENDING CORP.,2157,Philippines,
D.L. SAMOZA LENDING CORP.,1703,Philippines,
D' ADEQUATE LENDING CORPORATION,139,Philippines,
D' LIGHT 1 LENDING INC.,817,Philippines,
D' MAGIC FIVE LENDING CORPORATION,775,Philippines,
D' NHEW LENDING CORPORATION,029,Philippines,
D' ST. PATRICK LENDING SERVICES CORPORATION,021,Philippines,
D'GRAND CHILDREN CREDIT CORPORATION,603,Philippines,
D'K LENDING INVESTORS CORPORATION,2696,Philippines,
D'MINI-CIRCLE LENDING CORPORATION,2240,Philippines,
D'TOPNOTCHERS LENDING ENTERPRISES CORP.,L-23-0380-34,Philippines,
DAAN SINGH LENDING VENTURES INC.,2826,Philippines,
DADA LENDING CORPORATION,L-21-0020-14,Philippines,
"DAG-LINK EXPRESS CREDIT, INC.",552,Philippines,
DAGDAG KABUHAYAN LENDING CORPORATION,1888,Philippines,
DAGDAKS LENDING CORPORATION,1566,Philippines,
DAGUPAN HRC CREDIT CORPORATION,754,Philippines,
DAGUPLO FAST LENDING INC.,2943,Philippines,
DAILY LOANS MICROLENDING INC.,L-23-0395-65,Philippines,
"DAILY PLAN CREDIT, INC.",954,Philippines,
"DAILY SUN LENDING INVESTOR INC,",3387,Philippines,
DALOY LENDING INVESTOR CORP.,1880,Philippines,
DAMODAR LENDING AND TRADING CORPORATION,1905,Philippines,
DAMUSHAH AND COMPANY LENDING INC.,2634,Philippines,
"DANCEPESO LENDING CORPORATION doing business under the name/s and style/s of Easy Peso Lending, Dance Peso Lending, Peso Mall Lending, Peratopia Lending, Ace Cash Lending, Super peso Lending, Smart peso Lending and pautang Lending",L-23-0533-12,Philippines,
DANI MOON LENDING CORP.,1441,Philippines,
DANIEL LORENZO SR (DLS) CREDIT CORPORATION,1688,Philippines,
DANSAN VALUE LENDING INC.,L-23-0356-76,Philippines,
"DAPS LENDING SOLUTIUONS, INC.",2680,Philippines,
Daren Jay Lending Corporation,2847,Philippines,
DARSALAN LENDING INC.,1969,Philippines,
Dash Cash Lendng Inc.,L-22-0271-86,Philippines,
DASHMESH LENDING INVESTOR CORPORATION,1087,Philippines,
DAVAO ACCELERATED FAST LENDING CORPORATION,316,Philippines,
DAVAO CENTURY LENDING CORPORATION,225,Philippines,
DAVAO DMP LENDING CORPORATION,397,Philippines,
DAVAO GOLDWIN LENDING CORPORATION,588,Philippines,
DAVAO MS3 LENDING CORPORATION,2876,Philippines,
"DAYLIGHT LENDING INVESTOR, INC. Formerly: Daylight Financing & Investment Inc.",107,Philippines,
DB & PARTNERS LENDING GROUP CORPORATION,445,Philippines,
"DBMB LENDING INVESTOR, INC.",147,Philippines,
DCB2 CREDIT CORPORATION,729,Philippines,
DCD DEL NACIA LENDING CORP.,1985,Philippines,
DDR KEEPER'S LENDING CORPORATION,3475,Philippines,
DE GUZMAN & LAMPAGO LENDING CORPORATION,738,Philippines,
DE TORRES CREDITORS LENDING CORP.,2796,Philippines,
DEEP DREEMLAND LENDING AND TRADING INC.,2447,Philippines,
"DEEP LENDING COMPANY, INC.",2249,Philippines,
DEEPIKA LENDING INC.,2272,Philippines,
DEEPITA786 LENDING CORPORATION,2419,Philippines,
DEEPTOOR LENDING AND TRADING CORPORATION,1857,Philippines,
DEGRAND CREDIT AND PAYLITE INC.,2106,Philippines,
DELAMO LENDING INVESTOR CORPORATION,1055,Philippines,
DELISHA LENDING INVESTOR & TRADING CORP.,1467,Philippines,
"DELTAPEAK LENDING, INC.",2380,Philippines,
DEN & M.V.O. LENDING CORP.,1410,Philippines,
Denarii Lending Corporation,,Philippines,
"DEOMILES CREDIT LENDING INVESTOR, INC.",L-23-0400-20,Philippines,
DEPENDABLE AND EASY ASSISTANCE LENDING CORPORATION,1820,Philippines,
DESERT FALCON LENDING CORPORATION,3163,Philippines,
DESRAJ LENDING CORP.,2081,Philippines,
"DESTINY LENDFUND, INC.",379,Philippines,
DEVEFUND LENDING CORPORATION,2640,Philippines,
DEVNEY LENDING INC.,1597,Philippines,
DEVONEIH LENDING CORPORATION,2385,Philippines,
DEVSINGH AJIT LENDING CORPORATION,2039,Philippines,
DF Credit Lending Corporation,3244,Philippines,
DFB GLOBAL LENDING CORPORATION operating under the name of DFB LENDING,L-22-0171-16,Philippines,
DFORT EXPRESS LOANS & CREDIT INC.,287,Philippines,
DGF LENDING INVESTOR INC.,2957,Philippines,
DHADHANG LENDING CORPORATION,L-22-0128-87,Philippines,
DHALIWAL MICRO BUSINESS LENDING CORPORATION,2460,Philippines,
DHAN BABA HIRA DASS LENDING CORP.,2458,Philippines,
DHAN DHAN BABA NAND SINGH JI LENDING AND TRADING CORPORATION,2512,Philippines,
DHAN GURU NANAK LENDING INVESTORS CORPORATION,3262,Philippines,
DHANESAR AND SANDHU LENDING CORP.,2172,Philippines,
DHANJAL-MUNDRA LENDING CORP.,2579,Philippines,
DHAR AND SUKHI LENDING AND TRADING CORP.,2471,Philippines,
DHARMINDER AND GURJIT LENDING CORP.,3050,Philippines,
DHENASROYC LENDING CORP.,744,Philippines,
DI Sun Lending Corporation,3156,Philippines,
DIASTARS MICRO-LENDING INVESTORS INC.,1154,Philippines,
DigiSafe Lending Corporation,L-22-0300-76,Philippines,
DIGOS GOODWIN LENDING CORPORATION,264,Philippines,
DIL KARM LOAN CORPORATION,2208,Philippines,
DILDEEP SANDHU LENDING CORPORATION,2459,Philippines,
DINAGAT FASTLANE LENDING CORPORATION,L-22-0208-23,Philippines,
DINAGAT ISLANDS MIGRANT WORKERS LENDING SERVICES (DIMWLS) INC.,L-23-0447-33,Philippines,
DIONYLYN LENDING CORPORATION,2003,Philippines,
"DIOVILLA CREDIT & LOANS, INC.",1067,Philippines,
DIPOLOG ANGELYN LENDING CORPORATION,432,Philippines,
DIPOLOG TOP LENDING CORPORATION,L-21-0073-44,Philippines,
DIPOLOG TRANS-METRO LENDING CORP.,1312,Philippines,
DIPOLOG VINZ LENDING INC.,1083,Philippines,
DIRECT CONSUMERS MICROLENDING INC.,2082,Philippines,
"DIROX LENDING INVESTOR, INC.",416,Philippines,
Discovery Credit Solutions Corp.,3213,Philippines,
DISHAKARAN LENDING AND TRADING CORP.,2409,Philippines,
DIVINE DESERT CREDIT AND LOANS INC.,2095,Philippines,
DIVINE MICRO CREDIT INVESTOR CORP.,2358,Philippines,
DKZ LENDING INVESTOR CORP.,L-22-0168-82,Philippines,
DL Empire Lending Services Incorporated,,Philippines,
DLBB CALUAG CREDIT INCORPORATED,195,Philippines,
DLC LENDING INVESTOR CORPORATION,331,Philippines,
DLDC LENDING CORPORATION operating under the name of ECOPURSE,3486,Philippines,
DM QUICK CASH LENDING INC.,1967,Philippines,
DMAX FUND LENDING INC.,1142,Philippines,
DMF LENDING INVESTORS INC.,1710,Philippines,
DMIX Lending Corporation,L-23-0475-41,Philippines,
DML Lending Corporation,,Philippines,
"DNB LENDING INVESTORS, INC.",297,Philippines,
DOAL LENDING AND TRADING CORP.,3159,Philippines,
"DOC & P CREDIT & LOANS SERVICES, INC.",1137,Philippines,
DOLLY AND SONIA LENDING AND CREDIT CORP.,3444,Philippines,
DOLORES MAKATAO LENDING CORP.,037,Philippines,
"DOLPHIN LENDING INVESTOR INC. DOING BUSINESS UNDER THE NAMES AND STYLES OF PESOGO AND MICROLOAN, AND BEELOAN (Formerly: Dolphin Lending Investor, Inc.)",3037,Philippines,
DON JUAN MONEYLINE CORPORATION,1461,Philippines,
DONBE LENDING SERVICES CORP.,3369,Philippines,
DONICE LENDING CORP.,L-23-0422-25,Philippines,
DONRICK MAJESTIC CREDIT CORPORATION,1099,Philippines,
DOS NINAS FUNDLENDING INC.,662,Philippines,
DOUBLE 8 DIAMOND LENDING CORP.,983,Philippines,
DOUBLE DEAL VENTURE LENDING CORPORATION,799,Philippines,
DOUBLE L LENDING CORP.,L-22-0141-38,Philippines,
DOUBLE M&S FRIENDLY LENDING CORPORATION,2220,Philippines,
DPF Lending Corporation,2904,Philippines,
"DR. CASH EMERGENCY LOAN, INC.",835,Philippines,
DRB Lending Investor Inc.,2840,Philippines,
DREAMLIFE LENDING INVESTORS INC.,1953,Philippines,
DREAMLIFE MICROLOANS LENDING CORPORATION,2662,Philippines,
DREAMS VENTURE LENDING CORPORATION,L-23-0453-95,Philippines,
DRK2 LENDING INVESTOR CORP.,1272,Philippines,
DRMR LENDING CORPORATION,343,Philippines,
DRSM Global Lending Corp.,L-22-0268-90,Philippines,
DS LENDING INVESTORS INCORPORATED,3473,Philippines,
"DSA LOAN AND CREDIT SERVICES, INC.",CEO-092,Philippines,
DSE LENDING INC.,L-23-0509-78,Philippines,
"DSNC LENDING INVESTOR, INC.",362,Philippines,
DTD LENDING INC.,2698,Philippines,
DUARTE CARIÑO LENDING CORP.,2341,Philippines,
DUBB GUREET LENDING AND TRADING CORP.,2008,Philippines,
DW LENDING CORPORATION,2737,Philippines,
DWENDE MICRO CREDIT CORPORATION,2054,Philippines,
DWENESS LENDING CORPORATION,CEO-157,Philippines,
DWISDOM LENDING CORPORATION,341,Philippines,
DYNAMIC AND QUICK LOAN INVESTOR'S INC.,2430,Philippines,
DZR CREDIT AND LENDING CORPORATION,,Philippines,
E & E LENDING CORP.,,Philippines,
E & M CUPANG ST. LENDING CORPORATION,1497,Philippines,
E & M MECHILINA LENDING INC.,237,Philippines,
E S GLOBAL CREDIT CORP.,1158,Philippines,
E-BORROW LENDING CORP.,3333,Philippines,
"e-Generation Lending Corporation Operating under the name of Pesopay Lending, Cash-here Lending, Snappy Cash Lending, MyWallet Lending, Mr.Cash Lending, PesoBox Lending and LoanUp Lending",L-21-0036-70,Philippines,
E-RICH SHIFTON MICROLENDING INC.,2171,Philippines,
E-TRIL LENDING INC.,078,Philippines,
"E-Z LENDING PHILS, INC.",1145,Philippines,
E.C. PROVIDER PENSION LOANS CORP.,965,Philippines,
E.C.L.M. LENDING CORP.,2313,Philippines,
E.G.C. LENDING CORP.,2093,Philippines,
E.J.R.S. EASY LOAN INC.,1394,Philippines,
E.L. CREDIT CORPORATION,637,Philippines,
E.M. RESOURCE LENDING COMPANY INC.,2013,Philippines,
E.P.S. LENDING INVESTOR INC.,1507,Philippines,
"E.R. LENDING, INC.",395,Philippines,
E.T. INGCO LENDING CORP.,3395,Philippines,
E.Y Lending Corporation,,Philippines,
E1B1 FIRST LENDING INC.,1828,Philippines,
E23 CAPITAL LENDING CORP.,1047,Philippines,
E3F LENDING INVESTOR INC.,1606,Philippines,
EAGLE LENDING INVESTOR INC.,3302,Philippines,
EAGLE LOVE NATURE LENDING CORP.,2466,Philippines,
"EAGLESIGHT LENDING COMPANY, INC.",1413,Philippines,
EARK CREDIT AND LENDING CORP.,2703,Philippines,
EARNEST SMALL EMPLOYEES LENDING INC.,2441,Philippines,
EASE LENDING CORP.,3495,Philippines,
EAST 112 LENDING Corp.,L-23-0343-63,Philippines,
EAST COAST LENDING INVESTOR INC.,2686,Philippines,
EAST INDIA LENDING CORP.,1387,Philippines,
EAST MANILA CREDIT CORPORATION,,Philippines,
EASTASIA LENDING CORP.,1724,Philippines,
EASTCASH LENDING CORPORATION,L-21-0010-95,Philippines,
"EASTERN AISLE CREDIT SOLUTIONS, INC.",686,Philippines,
EASTERN CAPITAL EXPRESS LENDING CORPORATION,903,Philippines,
"EASTERN CREDIT ENTERPRISE, INC.",086,Philippines,
EASTERN MICRO LOANS INC.,419,Philippines,
EASTERN PANAY CREDIT CORPORATION,352,Philippines,
EASTERN VISAYAS LENDING INVESTOR CORP.,1833,Philippines,
EASTFRASER LENDING CORP.,1634,Philippines,
EASTWEST CREDIT LINK CORP.,1177,Philippines,
EASY FUND LENDING AND CREDIT CORP.,2198,Philippines,
EASY LINK LENDING CORPORATION,622,Philippines,
EASY MEGA LOAN LENDING INVESTOR CORP.,3260,Philippines,
EASY N READY MICROLENDING SERVICES INC. Formerly: Fast Cash Microlending Inc.,251,Philippines,
EASY SAN ANDRES SAMONTE LENDING INC.,783,Philippines,
EASY8 CASH LENDING CORP.,3085,Philippines,
EASYCASH LENDING COMPANY INC.,640,Philippines,
EASYCASH LENDING CORPORATION,CEO-003,Philippines,
EASYCASH LENDING INVESTOR CORP.,2490,Philippines,
EASYCASH LOAN LENDING CORPORATION,1037,Philippines,
EASYFUND LENDING INVESTOR CORP.,2030,Philippines,
EASYGO LENDING CORPORATION,L-22-0270-81,Philippines,
EASYLEND GLOBAL COMPANY INC.,2598,Philippines,
EASYLIFE LENDING INC.,L-22-0225-23,Philippines,
EASYPAY FUNDS LENDING CORPORATION,L-22-0139-95,Philippines,
EASYPLUS LENDING CORP.,L-21-0038-85,Philippines,
EASYPLUS MZJ LENDING COMPANY INC.,3383,Philippines,
EAZY CREDIT LENDING CORPORATION,1270,Philippines,
Ebanani Lending Corp.,2741,Philippines,
EBC LENDING INC.,2674,Philippines,
EBUSINESS LENDING PHILS. CORP.,1036,Philippines,
EC2JC3C LENDING CORPORATION,1593,Philippines,
ECG SQUARE LENDING CORP.,1655,Philippines,
ECI LENDING CORPORATION,140,Philippines,
ECOFUND LENDING CORPORATION,1446,Philippines,
ECOLENDING CORP.,926,Philippines,
ECONOMIC LENDING CORPORATION,374,Philippines,
eCorp Lending Investors Corporation Doing business under thenam/s and style/s of eCorp Lending Investors,2983,Philippines,
ECOSEED LENDING CORPORATION,2435,Philippines,
EDC LENDING CORPORATION,222,Philippines,
EDEECA LENDING CORPORATION,IEO-L214,Philippines,
Edge Access Lending Corporation,2853,Philippines,
EDGIE LENDING INVESTOR INC.,042,Philippines,
EDLUE-LINK LENDING CORPORATION,854,Philippines,
EDUC4ALL LENDING INC. (FORMERLY: EDVESTMENT INC.,2714,Philippines,
EF Lending Solutions Inc.,3096,Philippines,
EFDF Lending Corp.,3000,Philippines,
EFORTUNE EXPRESS LENDING CORPORATION,1733,Philippines,
EGELL LENDING INVESTOR CORPORATION,966,Philippines,
EGV UNILEND CORP.,1288,Philippines,
EIC CASH LENDING INC.,2647,Philippines,
EIFL LENDING CORPORATION,L-22-0232-19,Philippines,
EIGHT GREEN DRAGON LENDING CORP.,2946,Philippines,
EIGHT START LENDING CORP.,L-22-01585-39,Philippines,
EIHCIR LENDING CORP.,2505,Philippines,
EJI BAMS EXPRESS LENDING INC.,1685,Philippines,
EJL LENDING SERVICES INC.,3342,Philippines,
EL CYED Lending Corporation,2955,Philippines,
EL PISU FAM LENDING CORPORATION,L-22-0322-50,Philippines,
ELARKAY LENDING CORPORATION,1009,Philippines,
ELCE JB LENDING CORPORATION,480,Philippines,
ELECTRA LENDING CORP.,087,Philippines,
ELEMAR 8 OF HEART LENDING INC.,2224,Philippines,
"ELENA LOAN & CREDIT CO., INC.",945,Philippines,
ELENDING LENDING INC. DOING BUSINESS UNDER THE NAME AND STYLE OF POCKETCASH (Formerly: Elending Lending Inc.),3044,Philippines,
ELEVEN TOWERS LENDING CORPORATION,2861,Philippines,
Elijah Lending Investors Inc.,2972,Philippines,
ELISAN CREDIT CORPORATION,1123,Philippines,
EliteHands Lending Investor Corporation,3198,Philippines,
ELIZABETH RAE LENDING SPECIALIST INC.,2670,Philippines,
Eljay Laurence 88 Lending Corporation,L-22-0247-53,Philippines,
ELJIE CIGAN LENDING INC.,2100,Philippines,
ELMASO LENDING CORPORATION,L-22-0220-27,Philippines,
"ELNIDO LENDING INVESTOR, INC.",1226,Philippines,
Eloan Lending Investors Corp.,2867,Philippines,
ELPIDIO ALVAREZ LENDING CORPORATION,1917,Philippines,
ELRAMZKIE CEBU LENDING INC.,3320,Philippines,
ELSALVADOR LENDING CORPORATION,CEO-064,Philippines,
EM BATAC LENDING CORP.,L-23-0439-98,Philippines,
"EM JURALBAL MICRO-LENDING PHILIPPINES, INC.",L-23-0502-97,Philippines,
EM-A CAPITAL CORPORATION,922,Philippines,
EM-B CAPITAL LENDING CORPORATION Formerly: EM-B Capital Finance Corporation,396,Philippines,
EM-EM SPOT CASH LENDING CORP.,3092,Philippines,
EM-P CREDIT CORPORATION,235,Philippines,
EMA PRIME VALUE CREDIT CORPORATION,886,Philippines,
EMAC LENDING INVESTORS INC.,2097,Philippines,
EME LENDING CORPORATION,L-23-0401-76,Philippines,
EMJEN LENDING INC.,1127,Philippines,
EMMARSU LENDING CORPORATION,L-22-0254-70,Philippines,
Empire Peak Lending Investors Inc.,3191,Philippines,
EMPOWER BUSINESS LENDING CORPORATION,3492,Philippines,
EMPOWERING ZONE (E-Z) LENDING SOLUTIONS Corporation,3115,Philippines,
"EMPYREAN LENDING, INC.",094,Philippines,
EmzLyn LENDING CORPORATION,2693,Philippines,
ENCORE LENDING CORP.,2969,Philippines,
ENDRINAL CERVANCIA LENDING CORP.,1133,Philippines,
Energy 101 Lending Inc.,3239,Philippines,
ENFINITY LENDING SERVICES CORPORATION,L-22-0237-18,Philippines,
ENIMBUS LENDING INC.,1475,Philippines,
ENITX CREDIT CORPORATION,217,Philippines,
ENKASTMENT LENDING CORP.,2091,Philippines,
ENOC TAPIA BITALAS (ETB) LENDING CORPORATION,3440,Philippines,
ENSURE LENDING CORP.,161,Philippines,
ENTREPNEGOSYO LENDING CORPORATION,1482,Philippines,
ENZO AMOR LENDING CORP.,1451,Philippines,
ENZSUM LENDING CORP.,2622,Philippines,
EPCL GLOBAL LENDING CORPORATION,1157,Philippines,
EPRI LENDING EAST CORP. Doing business under EPRI Lending East,3485,Philippines,
EQFQ CREDIT CORP.,1093,Philippines,
EQGRANT LENDING CORP. doing business under the name and style of EQGRANT,1632,Philippines,
EQLITE LENDING INC.,1442,Philippines,
EQUAL CASH CREDIT88 LENDING CORP.,3421,Philippines,
EQUAL CREDIT ACCESS LENDING INC.,1904,Philippines,
EQUAL LENDING INVESTOR CORPORATION,377,Philippines,
"EQUATION LENDING COMPANY, INC.",2547,Philippines,
"EQUITABLE ACCESS LENDING SERVICES, INC.",1717,Philippines,
EQUITABLE CREDIT MANAGEMENT (ECM) LENDING CORPORATION,2391,Philippines,
EQUITRUST LENDING CORP.,3063,Philippines,
ERMANO LENDING CORPORATION,L-22-0267-73,Philippines,
ERMELITA LENDING Corporation,3252,Philippines,
ERNESTO EASY LEND CORP.,1344,Philippines,
ESA MICRO LENDING CORP.,3171,Philippines,
"ESTEEM LOANS, INC.",218,Philippines,
ET LENDING CORPORATION,321,Philippines,
ETH LENDING SERVICES INC.,3108,Philippines,
EURO MICRO CREDIT CORP.,1832,Philippines,
EURO-PHIL CREDIT AND SERVICES CORP.,CEO-164,Philippines,
EVEREST LENDING CORP.,3195,Philippines,
EVERFIRST LOANS CORP.,1113,Philippines,
EVERYDAY LENDING CORPORATION,451,Philippines,
EVERYDAY LENDING INVESTOR CORP.,2893,Philippines,
EXCELLENT ERA LENDING SERVICE CORP.,3056,Philippines,
EXCELLENT PEAK LENDING CORPORATION,3278,Philippines,
EXCELLENT TWIN LENDING VENTURES CORP.,2226,Philippines,
EXCELON ASIA LENDING CORPORATION,677,Philippines,
"EXCELSUS PRIMUS LENDING INVESTOR, INC.",096,Philippines,
EXCLUSIVE CREDIT LENDING INVESTOR CORPORATION Formerly: Exclusive Credit Financing Coporation,100,Philippines,
"EXCLUSIVO LENDING, INC.",631,Philippines,
"EXECUTIVE EMINENT LOANS & CREDIT, INC.",145,Philippines,
EXECUTIVE MULTINATIONAL LENDING CORP.,1136,Philippines,
EXEM CREDIT AND LENDING COMPANY INC.,3483,Philippines,
EXPONENT LENDING INVESTORS CORPORATION,1247,Philippines,
EXPRESS CREDIT ANNUITY SOLUTIONS & HEDGING (ECASH) INC.,1846,Philippines,
Express Provider Lending Services Corp.,2805,Philippines,
EXPRESSCASH INC.,176,Philippines,
EXTENDEDLINE CREDIT CORPORATION,1774,Philippines,
EXTREME CREDIT AND LENDING INVESTOR CORP.,1388,Philippines,
EZ CASH SERVICES AND LENDING CORPORATION DOING BUSINESS UNDER THE NAME AND STYLE OF EZ CASH SERVICES AND LENDING,3222,Philippines,
EZ IDEAL LENDING ASSISTANCE CORP.,1670,Philippines,
EZ888 LENDING SERVICES INC.,1928,Philippines,
EZADVANCE CONSUMER LENDING INC.,1808,Philippines,
EZCREDIT CORPORATION,1032,Philippines,
EZLEND INC.,2215,Philippines,
EZLoans Lending Company Incorporated,,Philippines,
EzRate Lending Corp.,L-22-0259-24,Philippines,
EZYDEL LENDING CORPORATION,,Philippines,
"EZYEST LENDING, INC.",1493,Philippines,
F I G LENDING INVESTOR CORPORATION,1286,Philippines,
F Mars Lending Investors Inc.,L-23-0469-16,Philippines,
F. ALUMIA LENDING INC.,1049,Philippines,
FACIL LENDING CORP.,901,Philippines,
FACTORS LENDING CORPORATION,579,Philippines,
FAIRFIELD CREDIT AND LOAN INC.,1230,Philippines,
FAIRTRADE CREDIT CORPORATION,1354,Philippines,
FAIRVALUE LENDING PHILS. INC.,1427,Philippines,
"FAKAR BABA DAMU SHAH, JI LENDING & TRADING CORP.",1478,Philippines,
FAM TOWERS LENDING CORPORATION,3456,Philippines,
FAM-SAN KABALIKAT (FSK) LENDING CORPORATION,2489,Philippines,
FAMILY 3 MICROLENDING INC.,1779,Philippines,
FAR VIEW WORLD LENDING CORP.,1922,Philippines,
FAR WEST LENDING INVESTOR & DEVELOPMENT INC.,829,Philippines,
FARIDKOT LENDING CORP.,1058,Philippines,
FARMASSIST LENDING CORPORATION,1734,Philippines,
FARMVILLE LENDING INVESTOR INCORPORATED,L-23-0497-31,Philippines,
Fast & EZ Short-Term Cash Lending Corporation,,Philippines,
Fast 5000 Lending Corp.,3049,Philippines,
Fast and Easy Dependable Lending Corporation,3102,Philippines,
"FAST FORWARD CAPITAL LENDERS, INC.",776,Philippines,
FASTCASH BUSINESS CREDIT LINE CORP.,1906,Philippines,
FASTCASH LENDING CORPORATION,484,Philippines,
FASTCASH VENTURE CAPITAL INC.,CEO-019,Philippines,
FASTFUND CREDIT INC.,906,Philippines,
Fasthever Lending Corporation,2989,Philippines,
FastLD Lending Corporation,3099,Philippines,
FASTLOAN LENDING INVESTOR CORP.,1686,Philippines,
FASTPRIME CREDIT INC.,1924,Philippines,
FASTRACK LENDING INVESTOR CORPORATION,490,Philippines,
FATELO MICRO LENDING CORPORATION,2699,Philippines,
FC STARS MICRO LENDING CORP.,3091,Philippines,
FCASH GLOBAL LENDING INC.,2653,Philippines,
FCM LENDING INVESTOR Corporation,2740,Philippines,
FE GONZALES LENDING CORP.,2139,Philippines,
"FEDERAL CREDIT, INC.",283,Philippines,
FEDERLEND INC.,1414,Philippines,
Felco Lending Investor Inc.,3235,Philippines,
FERBAN-RMN LENDING CORPORATION,1875,Philippines,
FERMAL LENDING CORPORATION,261,Philippines,
FESL LENDING INVESTOR CORP.,3271,Philippines,
FETALUSO LENDING INVESTOR INC.,595,Philippines,
FEXWIL CREDIT CORPORATION,2773,Philippines,
FGB LENDING CORP.,CEO-196,Philippines,
FGV LENDING SOLUTIONS INC.,1853,Philippines,
FIDES ALLIANCE LENDING CORP.,2756,Philippines,
FIDOPH LENDING CORPORATION,2832,Philippines,
"FIGS Lending, Inc. (Formerly: FIGS Inc.)",3212,Philippines,
FIL-GLOBAL LENDING SERVICES CORPORATION,L-22-0117-27,Philippines,
FILCASH LENDING CORPORATION,248,Philippines,
"FILIPINA CREDIT AND LOANS, INC.",870,Philippines,
FILIPINO HOMECREDIT INC.,3384,Philippines,
FILIPINO LOAN AND CREDIT CORPORATION,1198,Philippines,
FILIPINO-PUNJAB LENDING CORP.,2522,Philippines,
"FILMALAY CREDIT SERVICES, INC.",1515,Philippines,
FINANCIAL RESPONDENTS FOR SOCIO-ECONOMIC TRANSFORMATION A CREDIT CORP.,1269,Philippines,
"FINANCIERS' LENDING INVESTORS, INC.",1463,Philippines,
FINASWIDE CREDIT CORPORATION,1307,Philippines,
FINCO CREDIT INC.,805,Philippines,
FINCRES Lending Corporation,3069,Philippines,
"FINCREST LENDING, INC.",3087,Philippines,
FINE GOLD LENDER INC.,3417,Philippines,
FINE TOUCH LENDING AND TRADING CORP.,1097,Philippines,
FINECASH LENDING CORP,672,Philippines,
FINEFECTIVO LENDING CORPORATION,1370,Philippines,
FINESTDEAL LENDING CORP.,1432,Philippines,
FINGERTIP LENDING CORP.,3298,Philippines,
FINLEND INC.,2453,Philippines,
"FinShell Lending, Inc.",3053,Philippines,
FINTELCO LENDING INC.,363,Philippines,
FINTOPIA LENDING INC.,2938,Philippines,
"Fintouch Lending , Inc.",3051,Philippines,
FINUPP LENDING INC.,3088,Philippines,
FIRMUS LENDING CORPORATION,1761,Philippines,
FIRST AIM EXPRESS LOANS CORPORATION,2185,Philippines,
First Alphainfinity Lending Inc.,L-22-0277-15,Philippines,
FIRST AMATU CREDIT CORPORATION,1809,Philippines,
FIRST CARAM LENDING RESOURCES CORPORATION,3243,Philippines,
"FIRST CIVIC LENDING COMPANY, INC. (formerly: First Civic Financing Company, Inc.)",150,Philippines,
FIRST CRCK LENDING CORP.,1418,Philippines,
"FIRST D & E LENDING GROUP, INC.",330,Philippines,
FIRST DIAMOND MASTER LENDING AND CREDITS COMPANY INC.,L-23-0425-35,Philippines,
FIRST DLCT LENDING Inc.,3117,Philippines,
FIRST EMA WEST CREDIT CORPORATION,912,Philippines,
FIRST GILAS CREDIT AND LENDING CORPORATION,3464,Philippines,
FIRST GLOBAL LENDING MONEY PARTNER CORPORATION,3018,Philippines,
FIRST GOLDHEART LENDING CORP.,717,Philippines,
FIRST GOOD HANDS LENDING CORPORATION,1970,Philippines,
FIRST GREAT VENTURES LOANS INC.,1201,Philippines,
FIRST HAJM LENDING CORPORATION,1089,Philippines,
FIRST INNER TRADE CREDIT CORPORATION,848,Philippines,
"FIRST JSN CREDITS, INC.",1496,Philippines,
"FIRST KAISA SOLID LENDING VENTURES, INC.",977,Philippines,
FIRST MARITIME CREDIT CORP.,715,Philippines,
FIRST MFI NETWORK LENDING CORP.,1173,Philippines,
FIRST NORTHSTAR PRIME CREDIT (ISABELA) CORP.,1851,Philippines,
"FIRST ORIENT FUNDING GROUP, INC.",400,Philippines,
First Papaya Lending Incorporated,2823,Philippines,
FIRST PARTIDO LENDING CORP.,1769,Philippines,
FIRST POLILLIAN LENDING INVESTORS INC.,1373,Philippines,
FIRST POWERLINK CREDIT CORP.,2183,Philippines,
FIRST STOP CREDITGRANTING INC.,2664,Philippines,
FIRST VIKINGS LENDING INVESTOR CORP.,2668,Philippines,
FIRST VLS LENDING AGENCY CORPORATION,1424,Philippines,
FIRST ZUES CAPITAL LENDING CORPORATION,274,Philippines,
FirstTrust Lending Investor Corporation,3374,Philippines,
FIRSTZONE TRUSTED LENDING INC.,1737,Philippines,
FLASH CASH 101 LENDING CORP. DOING BUSINESS UNDER FLASH CASH LENDING,3083,Philippines,
FLEXI CASH MICRO CREDIT CORP.,1912,Philippines,
FLEXI FUND CREDIT CORP.,3268,Philippines,
FLEXIBLE CASHBOX LENDING INC.,2649,Philippines,
"FLEXICREDIT , INC.",1607,Philippines,
FLORENZ-MARLO LENDING CORP.,971,Philippines,
FLORIDABLANCA ASAHI LENDING CORPORATION,1229,Philippines,
FLORMARIFLOR LENDING CORP.,2123,Philippines,
FLOUIRISH LENDING CORPORATION,3306,Philippines,
FLYING BEAR LENDING CORP. DOING BUSINESS UNDER FLYING BEAR LENDING AND FLYING BEAR LENDING INVESTORS,3190,Philippines,
FMB LENDING INVESTOR CORP.,1122,Philippines,
"FMP CREDIT LINE, INC.",1547,Philippines,
Forbes Lending Solutions Corp.,3022,Philippines,
FORD888 LENDING COMPANY INC.,1008,Philippines,
FOREST CREDIT CORPORATION,1641,Philippines,
FOREVER JAAP AND TURIA LENDING AND TRADING INCORPORATED,2620,Philippines,
FORTUNATE CREDIT AND LOANS CORPORATION,443,Philippines,
FORTUNE 2868 LENDING CORPORATION,2276,Philippines,
Fortune 4J Lending Corp.,3272,Philippines,
FORTUNE CASHMINE 168 LENDING INVESTORS INCORPORATED,532,Philippines,
FORTUNE STAR LENDING CORP.,L-23-0494-53,Philippines,
"FORTUNE STAR LENDING INVESTOR, INC.",128,Philippines,
FORTUNE TRADERS MONEYLENDING CORPORATION,1622,Philippines,
FOUR ACES SPEED LOANS & CREDIT CORP.,354,Philippines,
FOUR SEASON EASY LENDING INVESTOR INC.,1775,Philippines,
FOURSQUARE MONEY LENDER & INVESTOR INC.,1352,Philippines,
FRANCES LOAN SERVICES INC.,479,Philippines,
FREADS LENDING CORP.,1016,Philippines,
FREEWILL LENDING CORP.,1766,Philippines,
FRIENDLY AND EASY WAY LENDING INC.,2275,Philippines,
Front Source Lending Corporation,2865,Philippines,
FT LENDING MASTER PHILIPPINES CORP.,3025,Philippines,
"FUEGO LENDING INC. doing business under the name and style of FastPeso Lending, PesoRocket Lending, pesotachio Lending and PesoBag Lending",L-22-0249-57,Philippines,
FUERTE LENDING CORPORATION,1196,Philippines,
FULLTRADE LENDING INVESTOR INC.,1042,Philippines,
"FUND LINK CREDIT & LOANS, INC.",1539,Philippines,
FUND NOW LENDING INC.,L-21-0078-47,Philippines,
FUND ONE LENDING CORP.,2885,Philippines,
FUND QUEST LENDING SERVICES CORPORATION,3436,Philippines,
"FUNDasyon Lending, Inc.",3052,Philippines,
FUNDCARE LENDING CORPORATION,802,Philippines,
FUNDEX CREDIT LENDING INC.,3182,Philippines,
FUNDING FORCE LENDING CORPORATION,3199,Philippines,
FundoTruck Lending Services INCORPORATED,2022110074239-67,Philippines,
FUNDPRO CREIDT CORP.,2766,Philippines,
"FUNDSEAST CREDIT CO., INC.",1795,Philippines,
FUNDSECURE MICROLENDING INC.,2521,Philippines,
FUNDSOURCE LENDING CORPORATION,1682,Philippines,
FUNDWELL LENDING CORPORATION,1283,Philippines,
"FUSE LENDING, INC.",1897,Philippines,
FutureSure Lending Services Corporation,L-22-0275-46,Philippines,
FUWEI LENDING CORPORATION,2962,Philippines,
FYLAKAS ANGELOS LENDING CORPORATION,3457,Philippines,
FYS FAST AND EASY LENDING CORPORATION,1681,Philippines,
G & D LAR LENDING INCORPORATED,1517,Philippines,
G & J LENDING CORPORATION,CEO-027,Philippines,
g Plus Micro Lending Corporation,3264,Philippines,
"G-HIVE LENDING EXPRESS, CORP.",468,Philippines,
G-RACKS LENDING INVESTORS CORP.,3205,Philippines,
G-STAR CREDITLINE CORPORATION,1255,Philippines,
"G-THREE LENDING AND CREDIT, INC.",286,Philippines,
G-TOP CREDIT & LENDING CORPORATION,774,Philippines,
G-ZAMP LENDING CORPORATION,3357,Philippines,
"G. CITRINE LENDING, INC.",960,Philippines,
G. CREST DIAMOND LENDING CORPORATION,1169,Philippines,
G. PRIME LENDING INC.,3305,Philippines,
G.& H. LENDING CORPORATION,992,Philippines,
"G.A. MERCADO LENDING INVESTOR, INC.",687,Philippines,
G.A. OROBIA LENDING CORP.,3035,Philippines,
G.A.A. LENDING CORPORATION,3414,Philippines,
G.A.D.E. LENDING CORPORATION,,Philippines,
G.H.G. LENDING AND TRADING CORPORATION,2007,Philippines,
G.P. JUGUILON LENDING INC.,2200,Philippines,
"G.S. BRAR CREDIT, INC.",228,Philippines,
G.T. MICRO LENDING CORPORATION,2818,Philippines,
G3 88 LENDING CORPORATION,3234,Philippines,
GABAY ALAY CREDIT INC.,917,Philippines,
GABAY AT LINGKOD LENDING INVESTOR INC.,1021,Philippines,
GABNAZDEL FARMERS LENDING CORP.,1556,Philippines,
GALAXY MASTER LENDING AND GENERAL MERCHANDISING CORP.,2311,Philippines,
GALLARDO CREDIT AND LOANS CORP.,2155,Philippines,
GAMBARU LUZDAN LIMITED LENDING CORPORATION,2177,Philippines,
GANPATI GANESH LENDING CORP.,2112,Philippines,
GANPATI LENDING CORPORATION,2479,Philippines,
"GARCIA LENDING INVESTOR, INC.",609,Philippines,
"Gatchalian Micro Lending, Inc.",L-23-0486-54,Philippines,
GATE AND SAJE LENDING CORPORATION,403,Philippines,
GATEWAY CREDIT ASSISTANCE CORPORATION,3504,Philippines,
GATEWAY MICRO LOAN ASSISTANCE CORPORATION,1458,Philippines,
GAVEY KULRAJ LENDING AND TRADING CORP.,1995,Philippines,
"Gawad at Gabay sa Pamilya Lending, Inc. doing business under the name and style of GGP",L-23-0449-31,Philippines,
GBCI LENDING INVESTOR CORP.,348,Philippines,
GBT LENDING INVESTOR INC.,874,Philippines,
GCASH AM'Z LENDING INVESTOR CORPORATION,1417,Philippines,
GCJ Lending Investors Corporation,2748,Philippines,
GDL LENDING INVESTORS CORP.,3386,Philippines,
GECP LENDING CORPORATION,268,Philippines,
Gelden Lending Inc.,2833,Philippines,
GEMISHE LOAN SERVICE INC.,1265,Philippines,
GEN-LIYAH MICRO LENDING CORP.,1952,Philippines,
"GENERALE LENDING INVESTOR, INC.",996,Philippines,
GENERHOD Lending Corporation,L-23-0446-26,Philippines,
Genevieve Lending Investors Inc.,2975,Philippines,
GENRO LENDING INC.,2190,Philippines,
GENSAN CONSUMERS CREDIT AND LENDING CORPORATION,320,Philippines,
GENWEALTH LENDING CORPORATION operating under the name of Genwealth Lending,L-22-0246-15,Philippines,
GENWORTH PREMIUM LENDING CORP.,3296,Philippines,
GEOBUL LENDING SOLUTIONS Corporation,3064,Philippines,
GFAR GROwWELL LENDING CORP.,2928,Philippines,
GFC LENDING SERVICES INC.,L-21-0089-81,Philippines,
GGB LENDING INVESTORS CORPORATION,1757,Philippines,
GGRS LENDING & TRADING CORP.,840,Philippines,
GGTLB LENDING CORPORATION,1302,Philippines,
GIGI YAP MICRO LENDING CORPORATION,1447,Philippines,
GIIL-S.G. AND FRIENDS LENDING AND TRADING CORP.,2508,Philippines,
GIJ LENDING CORPORATION,L-23-0468-72,Philippines,
GILL BOPARAI LENDING AND TRADING CORP.,1462,Philippines,
GILL MALHI LENDING AND TRADING CORPORATION,2548,Philippines,
GINTONG KALUPI LENDING CORPORATION,2182,Philippines,
GIRIRAJ CREDIT INVESTORS CORPORATION,2415,Philippines,
GIRNS LENDING CORPORATION,871,Philippines,
"GIZANNETH LENDING INVESTOR, INC.",337,Philippines,
"GJ TALAVERA LENDING, INC.",1268,Philippines,
GK CASH LENDING CORP.,808,Philippines,
GLADZ WORTH LENDING CORP.,2573,Philippines,
GLAMP Lending Corp.,,Philippines,
GLB CREDIT AND LENDING CORPORATION,2802,Philippines,
"GLENJAO LENDING INVESTORS, INC.",1900,Philippines,
GLiMMS Credit Inc.,3021,Philippines,
GLOBAL CREDITPROS CORPORATION,1890,Philippines,
"GLOBAL CROSS LENDING INVESTOR, INC.",531,Philippines,
GLOBAL EMRICH LENDING INC.,1704,Philippines,
GLOBAL MATE FAST CASH LENDING INC.,2961,Philippines,
"GLOBAL RESOURCES CREDIT CO., INC.",208,Philippines,
GLOBALWIDE CREDIT RESOURCES INC.,2377,Philippines,
GLOBELINE CREDIT & LENDING CORP.,215,Philippines,
"GLOBEX CREDIT GROUP, INC.",599,Philippines,
GLORIOUS AMIRKYAL LENDING CORP.,2557,Philippines,
GM JANDA LENDING & TRADING CORP.,747,Philippines,
GMB LENDING CORPORATION,547,Philippines,
GN MEGA GOLDEN LENDING CORPORATION,390,Philippines,
GNRC LENDING CORPORATION,1797,Philippines,
"GO CASH LENDING INVESTOR, INC.",244,Philippines,
GO EASY PAYLITE LENDING CORP.,2604,Philippines,
GOAL AND PROGRESS (GAP) ACHIEVER'S LENDING CORPORATION,2685,Philippines,
GOCHUBUGE LENDING AND TRADING CORPORATION,2388,Philippines,
GOD'S GRACE PINAMALAYAN LENDING INC.,2061,Philippines,
Gofish.com Mktg Lending Svcs Inc. Doing business under Gofish.com Mktg Lending Svcs,3391,Philippines,
GOGO SHAMAN LENDING CORPORATION,2941,Philippines,
GOLD ACCGEM LENDING CORPORATION,602,Philippines,
GOLD COINWAY LENDING CORP.,2628,Philippines,
GOLD CREDIT LENDING CORPORATION,,Philippines,
GOLD DIGGER CREDIT AND COLLECTION SERVICES CORP.,1347,Philippines,
GOLD ONE VICTORY LENDING CORPORATION,L-23-0483-42,Philippines,
GOLD-J VENTURES LENDING CORP.,518,Philippines,
GOLDARROW LENDING CORP.,1613,Philippines,
GOLDCHAMP CREDIT INC,2597,Philippines,
GOLDCOIN LENDING CORPORATION,857,Philippines,
GOLDEN 8 LENDING CORPORATION,194,Philippines,
GOLDEN ALLIANCE CREDIT CORPORATION,3046,Philippines,
GOLDEN AVIATORS MICROLENDING CORPORATION,2359,Philippines,
GOLDEN BALAOAN LENDING INVESTOR CORPORATION,1365,Philippines,
GOLDEN CITY QUICK LOANS INC.,1126,Philippines,
GOLDEN COIN CENTS LENDING CORP.,939,Philippines,
GOLDEN COIN CENTS STA. RITA LENDING CORP.,1168,Philippines,
GOLDEN DRC MONEY LENDING CORPORATION,2252,Philippines,
GOLDEN EAGLE DOOR TO DOOR LENDING CORP.,2265,Philippines,
GOLDEN EXPRESS 888 CREDIT CORP.,2474,Philippines,
GOLDEN GREATEST VENTURE LENDING CORPORATION,1988,Philippines,
GOLDEN HAMIR LENDING AND TRADING CORP.,2384,Philippines,
GOLDEN HORIZON LENDING CORPORATION,L-23-0463-99,Philippines,
GOLDEN ISHER LENDING CORP.,2702,Philippines,
GOLDEN JATEE LENDING CORPORATION,1231,Philippines,
"Golden Koi Lending Tech corp. doing business under the name/s and style/s of Rushkey, magic purse, Mecha pocket, StaLoan, GoPera and Lenda",L-22-0219-15,Philippines,
"GOLDEN MAXINNE LENDING, INC.",987,Philippines,
GOLDEN MERV CREDIT CORPORATION,2631,Philippines,
GOLDEN PIONEER LENDING CORP.,2971,Philippines,
GOLDEN PROGRESS LENDING AND CREDIT SOLUTIONS INC.,2646,Philippines,
GOLDEN PTCO - BULACAN LENDING CORP.,1788,Philippines,
GOLDEN PTCO LENDING CORP.,1723,Philippines,
GOLDEN RIGHT PAYLITE LENDING INC.,881,Philippines,
"GOLDEN STAR CREDIT RESOURCES, INC.",594,Philippines,
GOLDEN TREASURE LENDING INVESTORS CORP.,1052,Philippines,
GOLDEN WOOD TIGER LENDING CORPORATION,1199,Philippines,
GOLDENBAY LENDING INVESTOR INC.,2948,Philippines,
GOLDENCENT CREDIT CORPORATION,1013,Philippines,
GOLDENCREST LENDING CORPORATION,947,Philippines,
GOLDENSMILE LENDING CORPORATION,L-23-0521-36,Philippines,
GOLDENSTRINGS CREDIT CORPORATION,1742,Philippines,
GOLDIE PLUS LENDERS INC.,353,Philippines,
GOLDQUEST LENDING INC.,L-22-0206-81,Philippines,
GOLDSERVE LENDING CORP.,1297,Philippines,
GOLDSKY CREDIT CORPORATION,994,Philippines,
GOLDSTAR BEST LENDING COMPANY CORP.,2610,Philippines,
GOLDSTAR LENDING INVESTOR INC.,1095,Philippines,
"GOLOCEDO LENDING SERVICES, INC.",878,Philippines,
GOLUCKY LENDING SERVICES INC.,1785,Philippines,
GONEGOSYO MICROLENDING INC.,1789,Philippines,
GOOD FUTURE LENDING PHILS. CORP.,1697,Philippines,
GOOD GRACE LENDING INVESTOR INC.,3346,Philippines,
GOOD HOPE LENDING CORPORATION,1290,Philippines,
Good Merchants Lending Corporation,2742,Philippines,
GOOD REACH LOAN ASSISTANCE COMPANY CORP.,2611,Philippines,
GOODLIFE MICROLENDING INCORPORATED,1939,Philippines,
GOODLOAN LENDING INVESTOR CORP.,1595,Philippines,
"GOODLOANS LENDING, INC.",1339,Philippines,
GOODWILL STAR LENDING PHILS. CORP.,1460,Philippines,
GORA MALHI LENDING CORP.,2107,Philippines,
GORAYA LENDING CORP.,2400,Philippines,
GOT MONEY LENDING CORP.,378,Philippines,
"Got-It Lending Inc. Doing business under the names and styles of PERA U BAG, EAGLE WALLET, AND PERA BAG (Formerly: Got-It Lending Inc.)",3006,Philippines,
GOYO LENDING CORP.,L-22-0181-65,Philippines,
GP EXPRESS LENDING CORPORATION,,Philippines,
GPENRIQUEZ LENDING CORPORATION,2536,Philippines,
"GR88T 1 LENDING INVESTOR, INC.",2564,Philippines,
GRACE 4 U LENDING CORPORATION,804,Philippines,
GRACE LOYALTY LENDING INC.,L-22-0115-18,Philippines,
GRACEFUL LOANS AND MICRO LENDING INC.,1741,Philippines,
GRACELAND INTERNATIONAL LOANS AND CREDIT CORP.,853,Philippines,
GRACIOUS GROUP LENDING PHILS. CORP.,172,Philippines,
GRAM LENDING CORP.,1600,Philippines,
Grand ExcelPrime Lending Corporation,,Philippines,
GRAND MERS LENDING AND CREDIT CORP.,L-21-0016-41,Philippines,
GRANDUKE LENDING CORPORATION,109,Philippines,
GRANTH SAHIB LENDING AND TRADING CORP.,2583,Philippines,
GRANTPHIL LENDING CORPORATION,1383,Philippines,
GRATALI MIMOSA MICROLENDING CORPORATION,L-23-0420-93,Philippines,
GRATIAN TENDAI LENDING INC.,2043,Philippines,
"GREAT A'S LENDING , INC.",1228,Philippines,
"GREAT EAGLE MARK LENDING INVESTORS, INC.",1188,Philippines,
Great Holy Shepherd Lending Inc.,L-22-0303-40,Philippines,
GREAT J OASIS LENDING INCORPORATED,591,Philippines,
GREAT LUCKY PEARL LENDING SERVICES INC.,1845,Philippines,
GREAT MORTGAGE ALLIANCE CREDIT (GMAC) CORPORATION,890,Philippines,
GREAT PASARGD LENDING CORPORATION,3067,Philippines,
GREATWAY LENDING INVESTOR CORPORATION,1675,Philippines,
GREEN CASH CREDIT AND LOANS CORPORATION,289,Philippines,
GREEN MONEY TREE LENDING CORP.,2343,Philippines,
GREEN OLIVES LENDING CORP.,1999,Philippines,
"GREEN POCKET LENDING INC. DOING BUSINESS UNDER THE NAME/S AND STYLE/S OF TOPART LENDING, SMARTRICH LENDING, GESHINE LENDING, YESCOM LENDING, FLYCASH LENDING, PKLOAN LENDING, GOODPAY LENDING, STARX LENDING AND TSTAR LENDING",L-230414-76,Philippines,
GREEN SOURCE LENDING INVESTORS CORPORATION,081,Philippines,
"GREEN VALLEY LENDING INVESTORS, INC. Formerly: Green Valley Finance Incorporated",515,Philippines,
GREENDOOR LENDING COMPANY INC.,2612,Philippines,
GREENHAND LENDING FIRM INC.,919,Philippines,
GREENLAND LENDING CORPORATION,295,Philippines,
GREENRICH LENDING INVESTOR INC.,442,Philippines,
GREENSHINE88 LENDING INVESTOR INC.,661,Philippines,
GREENTOP VENTURES & LENDING CORPORATION,1181,Philippines,
Greenway Infinity Lending Inc.,3153,Philippines,
GREMEL PLC LENDING CORP.,1161,Philippines,
GRETESTO CREDIT ENTERPRISES INC.,115,Philippines,
GRIZ CREDIT AND LOANS CORP.,041,Philippines,
GROUP 8 MICROCREDIT CORPORATION,1318,Philippines,
GROWISE LENDING CORP.,L-22-0325-25,Philippines,
GROWTHFUND LENDING CORP.,1816,Philippines,
"GRRAIPS - GANDANG BUHAY LENDING, INC.",2073,Philippines,
GS RANDHAWA LENDING AND TRADING CORP.,1609,Philippines,
GSTAR MICROLENDING CORPORATION,1933,Philippines,
"GUAMOS ANTONIO ADRIANO LENDING INVESTORS, INC.",1758,Philippines,
GUIDE SEAL LENDING CORP.,2464,Philippines,
GUILLER & LIWAY LENDING CORP.,1124,Philippines,
GUIUAN LENDING CORPORATION,277,Philippines,
GUL-ZARA LENDING INVESTOR CORP.,587,Philippines,
GULANE LENDING INVESTOR INCORPORATED,1271,Philippines,
GULD'S-R LENDING CORPORATION,L-22-0320-51,Philippines,
GULF DESERT LENDING PHILS. INC.,488,Philippines,
GULNOR LENDING CORPORATION,2692,Philippines,
GURINDER MATTU LENDING CORPORATION,2077,Philippines,
GURJINDER SINGH'S LENDING CORPORATION,2577,Philippines,
GURJOT VISHAL LENDING INC.,2431,Philippines,
GURKIRPA AND FRIENDS LENDING AND TRADING CORP.,2462,Philippines,
GURMAIL SOGI LENDING INVESTOR AND TRADING CORP.,2495,Philippines,
GURNOOR LENDING AND TRADING CORP.,1400,Philippines,
GURSIMAR LENDING INVESTOR INC.,2261,Philippines,
GURTAJ LENDING CORP.,2381,Philippines,
GURU AMAR DAS LENDING CORP.,1345,Philippines,
GURU KIRPA LENDING CORP.,2324,Philippines,
GURU NANAK 1313 LENDING AND TRADING INC.,2150,Philippines,
GURU NANAK DEV JI LENDING CORP.,1080,Philippines,
GURU RAM DAS LENDING AND TRADING INC.,2345,Philippines,
GURU TEJ BAHUDAR LENDING INC.,2314,Philippines,
GURU-JAT-CHIND LENDING CORP.,2204,Philippines,
GURUNANAK LENDING INVESTOR AND TRADING CORP.,1359,Philippines,
GWR Lend-It Lending Corp.,3211,Philippines,
H & N LENDING CORPORATION,L-23-0541-88,Philippines,
H AND S LENDING INVESTOR CORPORATION,2258,Philippines,
H-GINIA LENDING SERVICES CORPORATION,1419,Philippines,
H.T.A.K. BROTHERS LENDING INVESTOR CORP.,2027,Philippines,
H1 ORMOCANA Lending Corp.,3164,Philippines,
HAAJ LENDING CORPORATION,1546,Philippines,
HAD LENDING CORPORATION,L-23-0393-21,Philippines,
Halina Micro Livelifund and Lending Inc.,2878,Philippines,
"HALLOHALLO SKYLARK LENDING CORP. NEW NAME: HALLOHALLO SKYLARK LENDING CORP. doing business under the name and style of ""CASHA""",1870,Philippines,
HAND2HAND LENDING INC.,1577,Philippines,
Happy Customer Lending Corporation,3226,Philippines,
HAPPY GO LENDING INVESTOR INC.,1281,Philippines,
HAPPY LENDING CORPORATION,624,Philippines,
"HAPPY WOMEN'S NETWORK LENDING INVESTOR, INC.",1708,Philippines,
HappyHand lending services Inc.,L-22-0279-86,Philippines,
"HAPPYLIFE LENDING INVESTOR, INC.",564,Philippines,
HAR G LENDING AND MARKETING CORP. (Formerly: HAR G MARKETING CORP.),3431,Philippines,
HAR JAS LENDING INC.,2259,Philippines,
HARBHAJEET LENDING AND TRADING CORP.,1215,Philippines,
HAREVE LENDING CORPORATION,2268,Philippines,
HARGOBIND JI LENDING CORP.,2888,Philippines,
HARING LAWIN LENDING CORPORATION,266,Philippines,
HARKEWALJIT LENDING AND TRADING CORP.,1326,Philippines,
HARLEEN LENDING SERVICES CORPORATION,2807,Philippines,
"HARMANPREET BAINS LENDING INVESTOR, INC.",2024,Philippines,
HARMONY PHILIPPINES LENDING INC.,3352,Philippines,
"HARU ACCESS LOAN, INC.",823,Philippines,
HARVEST CREDIT CORPORATION,625,Philippines,
HARY ANA LENDING & GEN. MERCHANDISE CORP.,1304,Philippines,
HASHIMITA LENDING INVESTOR INC.,2491,Philippines,
HATHAWEALTH LENDING CORPORATION,1575,Philippines,
"HAWAK KAMAY CREDIT & LENDING, INC.",633,Philippines,
HAZUR SAHIB LENDING CORPORATION,1328,Philippines,
HCCB Solidarity Lending Corp.,3312,Philippines,
"HDM LENDING INVESTOR, INC.",920,Philippines,
HEADWAY CREDIT & LOANS CORPORATION,095,Philippines,
HEAVEN'S PATHWAY LENDING INC.,1144,Philippines,
HEAVENLY ANGELS SENT LENDING INC.,1132,Philippines,
HEBREWS SHALOM LENDING CORP.,2669,Philippines,
HEERAM CREDIT SERVICES CORP.,748,Philippines,
HELDAN'S LENDING CORPORATION,1222,Philippines,
HELPER LENDING CORPORATION,2761,Philippines,
HELPING HANDS EASY LOANS LENDING CORPORATION,2728,Philippines,
"HER.MATES CREDIT, INC.",1746,Philippines,
HERCOR LENDING CORPORATION Formerly: Hercor Finance Corporation,504,Philippines,
HERITAGE 888 LENDING CORPORATION,L-23-0445-74,Philippines,
HERRERA HI5 LENDING INC.,2087,Philippines,
HERUPU LENDING (HLI) INC.,L-22-0264-33,Philippines,
HGRTC LENDING CORPORATION,1007,Philippines,
HHV SINGH CREDIT INVESTORS INC.,2319,Philippines,
Hi-Fin Lending Inc.,3027,Philippines,
Hibaysparktech PH Lending Inc.,3228,Philippines,
HIGHVALUE LENDERS CORP.,899,Philippines,
HILNOR LENDING CORPORATION,198,Philippines,
HIM LENDING SOLUTIONS INC.,2977,Philippines,
HIMALAY LENDING CORPORATION,383,Philippines,
HINDU-CHINE LENDING INVESTOR CORP.,3451,Philippines,
HJT QUICK LENDING CORP.,1430,Philippines,
HK DHILLON LENDING INC.,2465,Philippines,
HLFBK LENDING CORP.,L-21-0067-96,Philippines,
HOLGERSON LENDING CORPORATION,2018,Philippines,
HOLLY LENDING CORP.,1557,Philippines,
"HOMENEEDS CREDIT AND LOANS, INC.",875,Philippines,
Homobono Lending Corp.,3121,Philippines,
HONEST PESO LENDING CORPORATION,L-23-0398-18,Philippines,
Honest V Lending Inc.,3177,Philippines,
HOPE 88 LENDING CORP.,L-22-0189-48,Philippines,
HOPECREDIT LENDING CORPORATION,1182,Philippines,
HORIZON PLUS LENDING CORPORATION,L-21-0094-28,Philippines,
HOVONO LENDING CORPORATION,1484,Philippines,
HOYA LENDING INVESTOR CORPORATION,1638,Philippines,
HP ONE LENDING SERVICES COPRORATION,3461,Philippines,
HPR LENDING SERVICES INC.,3425,Philippines,
HRE Microlending and Trading Corporation (Formerly: Hikari Ryuu Echiro Microlending and Trading Corporation),2980,Philippines,
HSBASRAN AND MANDEEP LENDING CORPORATION,2566,Philippines,
HT Financial Lending Services (PH) Corp. doing business under Hicash Fast Credit Cash Loan online on-demand,2930,Philippines,
HTF LENDING INVESTOR INC.,536,Philippines,
Huaxin Lending Inc.,2926,Philippines,
HUBERTSONS EXPRESS LENDING Inc.,3002,Philippines,
Humanitas Lending Investors Inc.,3232,Philippines,
Hunfool Lending Corp.,2932,Philippines,
Hupan Lending Technology Inc.,2879,Philippines,
HYLAND HILLS LENDING CORPORATION,699,Philippines,
HYPO DIRECT LENDER INC.,1736,Philippines,
I-CAPITAL ACCESS LENDING CORPORATION,1186,Philippines,
I-CASH EXPRESS LENDING CORP.,1103,Philippines,
i-SMLRP Lending Corp.,2695,Philippines,
I-VIMY CREDIT CORPORATION,2032,Philippines,
I.CAN CAPITAL LENDING INC.,651,Philippines,
IBA ZAMBALES LENDING & TRADING CORP.,2057,Philippines,
IBALONG KABUHAYAN LENDING INC.,059,Philippines,
IBL CREDIT INCORPORATED,3416,Philippines,
IC LENDING INVESTOR'S CORPORATION,626,Philippines,
"ICJ MONEYSHOPPE LENDING INVESTOR, INC.",761,Philippines,
ICON LENDING CORPORATION,L-22-0222-96,Philippines,
"IF LENDING INVESTORS, INC.",1649,Philippines,
iFinance Lending Investor Corp.,3280,Philippines,
"IFUN LENDING CORP. doing business under the name and style of ""Madaloan""",L-21-0061-15,Philippines,
iFund Solutions and Lending Corp.,3167,Philippines,
IG LENDING SOLUTION CORP.,2398,Philippines,
IL Girasole Lending Corp.,2882,Philippines,
"ILOAN CEBU PHILIPPINES, INC.",CEO-241,Philippines,
ILOCANDIA FAST CASH CORP.,528,Philippines,
"ILOCOS A+ LENDING COMPANY, INC.",026,Philippines,
ILOILO MONEYTREE LENDING SERVICES INC.,617,Philippines,
ily Friend Lending Corp.,2785,Philippines,
IMPERIAL CONSUMERS CREDIT AND LENDING CORP.,L-23-0470-19,Philippines,
IMPERIAL P J R LENDING CORP.,1715,Philippines,
IMPERIAL PANDA LENDING AND DEVELOPMENT CORPORATION,1553,Philippines,
IMRAN KUMAR LENDING AND CREDIT CORP. (FORMERLY: IMRAN KUMAR TRADING CORPORATION),3128,Philippines,
IMUS BUILDERS LENDING INVESTOR CORPORATION,1433,Philippines,
InBestKap Lending Inc.,3429,Philippines,
INCASH LENDING INVESTORS CORP.,3371,Philippines,
Inclusive Credit Lending Inc.,3007,Philippines,
INDANG LOANS AND CREDIT CORPORATION,027,Philippines,
INDIAN PILIPINO FRIENDLY LENDING CORPORATION,3438,Philippines,
INDIAN-CALIFORNIA CANADA LENDING CORP.,1202,Philippines,
Indo-Phil. SME Lending Company Inc.,2845,Philippines,
INFIN8TE LENDING SOLUTIONS CORPORATION,,Philippines,
INFINITE R8 LENDING CORPORATION,1623,Philippines,
INFINITE SOLUTION LENDING INVESTOR CORP.,814,Philippines,
INFINITE TRILLION LENDING CORP.,1646,Philippines,
INFINITY PERSONAL LENDING SOLUTION INC.,2218,Philippines,
INFOCUS LENDING INVESTOR INC.,1756,Philippines,
INITIAL PHOENIX ORIENTAL LENDING CORP.,2858,Philippines,
"INNOFINS LENDING INVESTOR INC,",L-22-0144-25,Philippines,
"INSPIRED SAVINGS AND TRABAHO LENDING COMPANY, INC.",974,Philippines,
INSTA PERA LENDING Inc.,3077,Philippines,
INSTANTCASH CREDIT AND LOANS CORPORATION,056,Philippines,
INTERSTELLAR LENDING COMPANY INC.,L-22-0137-49,Philippines,
INTERTRADE CREDIT CORPORATION,1358,Philippines,
INTL. BUSS. LENDING SOLUTIONS CORP.,3364,Philippines,
INVENTADO OLACO LENDING CORPORATION,3250,Philippines,
IPDM CREDIT LINE INC.,741,Philippines,
IPROVIDE PHILS. LENDING CORP.,1397,Philippines,
IRAYA EZLOAN INC.,1578,Philippines,
IRIGA LENDING INVESTOR INC.,2246,Philippines,
IRINEO AND DOMINGA LENDING INC.,2456,Philippines,
IRONBANKFAST LENDING PHILIPPINES INC.,3181,Philippines,
"ISABELA KAAKIBAT, SAGIP LENDING INVESTORS CORP.",1765,Philippines,
ISABELA SMALL BUSINESS CREDIT CORP.,1234,Philippines,
ISHA PATRICIA LENDING INC.,1866,Philippines,
ISHAA D LENDING AND TRADING CORP.,2321,Philippines,
ISHAANY LENDING CORP.,L-23-0495-79,Philippines,
ISHADHARI LENDING CORPORATION,2572,Philippines,
ISIAH LENDING INCORPORATED,L-22-0161-87,Philippines,
ISIDRO & ESMERALDA LENDING INVESTORS INC.,187,Philippines,
ISY-LEX LENDING CORP.,3339,Philippines,
IT'S OUR LENDING CORP.,2709,Philippines,
IVISAN LENDING CORPORATION,380,Philippines,
IYS LENDING CORPORATION,2998,Philippines,
J & T ORBIGOZO CUERVO LENDING CORPORATION,1658,Philippines,
J-NISSI EAST LENDING INC.,682,Philippines,
J-STARS BROTHERS LENDING AND TRADING CORP.,2149,Philippines,
J.A KAAGAPAY LENDING CORP.,1943,Philippines,
J.C.T. EZ LOAN CORPORATION,1378,Philippines,
"J.P. CREDIT SERVICES AND CONSULTANCY (JPCSC), INC.",534,Philippines,
J.R.Z. LENDING CORP.,144,Philippines,
"J'CESTER CREDIT, INC.",921,Philippines,
J&H PAUTANG INVESTORS INC.,CEO-204,Philippines,
"J&M BERNALES LENDING AND CREDIT, INC.",1038,Philippines,
J5 ASTORGA CREDIT CORP.,247,Philippines,
J8FUND LENDING CORPORATION,2759,Philippines,
"JACC POWER CREDIT AND LENDING CO., INC.",269,Philippines,
JACD CREDIT CORPORATION,446,Philippines,
JACOB AIDEN LENDING CORP.,1965,Philippines,
JADE LENDING OF TAYTAY CORP.,759,Philippines,
"JADECREST LENDING, INC.",271,Philippines,
JADLLA LENDING CORP.,2320,Philippines,
JAE PREMIUM LENDING CORP.,L-23-0345-47,Philippines,
JAECOB ARMS CREDIT CORPORATION,439,Philippines,
JAGDISH LENDING CORP.,2273,Philippines,
JAGG LENDING INVESTORS INC.,3175,Philippines,
JAGJOT LENDING CORP.,L-23-0384-43,Philippines,
JAGKIRAT LENDING AND CREDIT Corp.,3251,Philippines,
JAGRAON SIDHU LENDING INVESTOR AND TRADING CORP,2500,Philippines,
JAGSON LENDING CORP.,1946,Philippines,
JAHARESH LENDING INC.,1885,Philippines,
JAI ASHU BABA LENDING CO. INC.,2016,Philippines,
JAI GANESH LENDING CORP.,2394,Philippines,
JAI LAJEYEA MATA LENDING & TRADING CORP.,2410,Philippines,
JAI SHANKAR LENDING CORPORATION,2624,Philippines,
"JALANDHAR LENDING INVESTORS, INC.",2877,Philippines,
JALCO (ILOILO) LENDING CORPORATION,628,Philippines,
JALLEEX CREDIT CORPORATION,1644,Philippines,
JALSAGAR LENDING AND TRADING CORP.,2457,Philippines,
JAMARA FIVE CREDIT CORPORATION,1455,Philippines,
JAMILA JAVIN LENDING CORPORATION,3291,Philippines,
JAMMUZ LENDING INVESTOR CORP.,2000,Philippines,
JAN LEO LENDING CORPORATION,2753,Philippines,
JANMARCH LENDING INVESTOR Corp.,2991,Philippines,
JANNELLE CREDIT & LOAN INC.,1895,Philippines,
JANNN NAPULI LENDING CORP.,3363,Philippines,
JAO AKLAN LENDING INVESTORS CORP.,2725,Philippines,
JAP WAHEGURU LENDING AND TRADING CORP.,1968,Philippines,
JAPJI LENDING CORPORATION,L-23-0474-63,Philippines,
JAPSAHIB LENDING AND TRADING CORPORATION,2036,Philippines,
JAREL NINO LENDING INC.,386,Philippines,
JAS RAJ SANGHA LENDING CORP.,2001,Philippines,
JASA TRIPLE SUERTE LENDING CORPORATION,1938,Philippines,
JASH BAJWA LENDING AND TRADING CORP.,2455,Philippines,
JASHED LENDING INVESTOR CORP.,3381,Philippines,
JASS CHEEMA AND BRAR LENDING CORP.,2558,Philippines,
JASSOWAL INTERNATIONAL LENDING CORP.,300,Philippines,
JASTEJ LENDING & TRADING CORPORATION,1170,Philippines,
JASVIR BRAR & FRIENDS LENDING AND TRADING CORP.,2344,Philippines,
JATINDER KULWINDER LENDING CORP.,1963,Philippines,
JAVALERA LENDING INVESTORS INC.,781,Philippines,
JAYDA'S LENDING INVESTOR INC.,2683,Philippines,
JAYKARL LENDING CORPORATION,2433,Philippines,
JAZLEEN PAHWA LENDING CORP.,2229,Philippines,
JBD MONEY LENDING BUSINESS CORPORATION,2529,Philippines,
JBL LOAN AND CREDIT CORPORATION,1535,Philippines,
JBM Lending Investor Inc.,L-23-0340-83,Philippines,
JBP LOAN YOUR BLESSINGS LENDING INC.,2809,Philippines,
"JBSPRIME LENDING, CORPORATION",L-23-0419-89,Philippines,
JC JASSICO LENDING CORPORATION,2482,Philippines,
JC Mandigma Lending Corporation,2911,Philippines,
JCF MICROLENDING CORP.,2342,Philippines,
"JCI LENDING INVESTOR, INC.",2333,Philippines,
JCP KSB LENDING INVESTOR CORP.,2411,Philippines,
JD BACU LENDING CORPORATION,2168,Philippines,
JD MICRO CREDIT CORPORATION,CEO-106,Philippines,
JDIZON LENDING CORPORATION,1342,Philippines,
JDJ ZERIMAR LENDING INC.,2965,Philippines,
JDL 5 STAR LENDING INC.,L-23-0451-50,Philippines,
JDR MARIE LENDING SERVICES CORP.,2049,Philippines,
JEA MICROLENDING INVESTOR INC.,2086,Philippines,
JEANNESLAI LENDING CORPORATION,1605,Philippines,
JEBCOR CAPITAL LENDING PHIL. CORP.,820,Philippines,
JEDANS LENDING COMPANY INC.,1804,Philippines,
JEDLAN LENDING CORPORATION,,Philippines,
JEDRICH CREDIT & LENDING SERVICES CORP.,1153,Philippines,
JEET LAKHA LENDING AND TRADING CORP.,2509,Philippines,
JEFF'S SUPER DEALS LENDING CORPORATION,673,Philippines,
JEGLI LENDING CORP.,2046,Philippines,
JEGOLD LENDING INVESTOR CORP.,1479,Philippines,
JEHF MGS LENDING CORP.,2913,Philippines,
JEI MILESTONE CREDIT CORPORATION,1980,Philippines,
JEJUCHER LENDING CORPORATION doing business under the names.s and style/s of Bicol Money Express Lending Company (BMEX),2660,Philippines,
JEMMAE LENDING CORP,1574,Philippines,
JEMPOWER'S CREDIT CORP.,1850,Philippines,
JEMZ MERCADO AND SONS LENDING CORPORATION,2050,Philippines,
JENELYN AND FRIENDS LENDING AND TRADING CORP.,2102,Philippines,
JERCEL CREDIT LENDING CORPORATION,1192,Philippines,
JESMAN LENDING CORPORATION Formerly: Jesman Financing Corporation,435,Philippines,
JETSTAR LENDING GROUP CORPORATION,1506,Philippines,
JFB MONEYWEALTH LENDING INC.,1983,Philippines,
JFC CREDIT LINE PHILS. INC.,1932,Philippines,
"JFS LENDING INVESTOR, INC.",811,Philippines,
JGD3R LENDING CORPORATION,1768,Philippines,
JHANDSAR LENDING INVESTOR CORP.,2934,Philippines,
JHAYMARK JJE9 LENDING CORPORATION,3202,Philippines,
JHOMYR LENDING CORP.,627,Philippines,
JHORRAN SIKH LENDING AND TRADING CORP.,2335,Philippines,
JHQV MICROLENDING CORPORATION,3338,Philippines,
JHUNLEONY LENDING INVESTOR INC.,1860,Philippines,
JHV MICRO LENDING CORPORATION,3426,Philippines,
JIA ROU LENDING CORPORATION,1628,Philippines,
JIGISHA LENDING CORPORATION,2035,Philippines,
JIL 153 LENDING CORP.,815,Philippines,
JILL AND JACK LENDING CORPORATION,3047,Philippines,
"JINLONG CREDIT CO., INC. NEW NAME: TOKYO GINZA CREDIT CO., INC.",1805,Philippines,
JIPCY LENDING CORP.,2493,Philippines,
JIRETA LOANS AND CREDIT CORPORATION,664,Philippines,
"JJ24 LENDING SERVICES, INC.",1277,Philippines,
JJE FAST & EASY LENDING INC.,1843,Philippines,
JJQ LENDING CORPORATION,L-23-0455-36,Philippines,
"JK QUICK CASH LENDING, INC.",2688,Philippines,
JK&K PRIME LENDING CORPORATION,L-23-0350-40,Philippines,
JKA LENDING CORP.,1550,Philippines,
JLA LENDING CORPORATION,L-23-0335-29,Philippines,
JLAG Kredit Pinoy Lending Inc.,2821,Philippines,
JLJ LOANS AND CREDIT INC,CEO-005,Philippines,
JLV LOAN FACILITATION SERVICES INC.,2979,Philippines,
JLV MACAF LENDING CORPORATION,3221,Philippines,
JM DAD VICTORIOUS LENDING CORP.,1835,Philippines,
JM-HIGH SUCCESS LENDING CORPORATION,2673,Philippines,
JMARK MICROCREDIT CORPORATION,1356,Philippines,
JMB QUICK LENDING SERVICES CORP.,969,Philippines,
JMC BATAAN LENDING INVESTOR CORP.,2815,Philippines,
JMCT LENDING CORPORATION,229,Philippines,
JMD EXPRESS CREDIT CORP.,1472,Philippines,
JMD LENDING INC.,104,Philippines,
JMM LENDING CORPORATION,309,Philippines,
JMSED APEX LENDING CORPORATION,2235,Philippines,
JnC Lending Corporation,2850,Philippines,
JNL LENDING INVESTOR CORPORATION,3433,Philippines,
JNRI CREDIT 127 CORP.,2330,Philippines,
JO AND AMOR LENDING CORPORATION,2056,Philippines,
JO-MAR EXPRESS CREDIT CORPORATION,2262,Philippines,
JOCAR LENDING INVESTORS CORP.,3106,Philippines,
"JOE-VER DHING LENDING INVESTOR, INC.",688,Philippines,
JOELEN'S LENDING SERVICES CORPORATION,L-23-0480-12,Philippines,
JOEY AND SONS PETSTEP LENDING CORPORATION,2009,Philippines,
JOGOTI LENDING CORPORATION,2484,Philippines,
JOHN & JESSIE MAE LENDING CORP.,1171,Philippines,
"JOHN RICHARD SWIFT LENDING, INC.",2592,Philippines,
JOHNZEN GRAND CREDIT LINE LENDING INC.,L-23-0388-63,Philippines,
JOHVER LENDING INVESTORS INC,1390,Philippines,
JOI LENDING Corporation,,Philippines,
JOKIRBLOANPLUS LENDING INCORPORATED,L-230421-39,Philippines,
JOLLYLEO LENDING CORPORATION,453,Philippines,
"JOMANO'S LENDING INVESTOR, INC.",653,Philippines,
JOMMEX SILVER LENDING CORP.,1982,Philippines,
Jonathan Lydia Palis (JLP) Credit Lending Incorporated,3218,Philippines,
"JOSA LENDING INVESTORS, INC.",1727,Philippines,
JOSAN ARMAN AND FRIENDS LENDING CORP.,2040,Philippines,
JOSAN-KHINDA LENDING CORPORATION,2153,Philippines,
"JOURJOHN LENDING INVESTORS, INC.",1957,Philippines,
"JOY 101 LENDING INVESTORS, INC.",3152,Philippines,
"JOYWIN LENDING INVESTOR, INC.",2859,Philippines,
JP FILIX CREDIT & LOANS (A LENDING COMPANY) INC.,1627,Philippines,
JP KAIZEN CREDIT CORPORATION,1258,Philippines,
JP STAR LENDING AND TRADING CORP.,2296,Philippines,
JP TREASURE LENDING CORPORATION,L-21-0011-70,Philippines,
JQV MICRO LENDING CORPORATION,2072,Philippines,
JR5 LENDING CORP.,L-22-0228-21,Philippines,
JRA QUICK LENDING Corp.,2811,Philippines,
JRGEI MIDTOWN LENDING CORPORATION,546,Philippines,
JRM SINGH LENDING CORPORATION,,Philippines,
JRMA MICRO LENDING INC.,2710,Philippines,
"JRN-HIBAYA QUICK AND EASY LOANS, INC.",1402,Philippines,
JRP LENDING CORPORATION,L-22-0210-58,Philippines,
JRT LENDING INC. DOING BUSINESS UNDER THE NAME AND STYLE OF ezCASH LENDING,2731,Philippines,
JS VIDA CREDIT CORPORATION,597,Philippines,
JSCP LENDING INVESTOR INC.,2690,Philippines,
JSF SKYLINK LENDING CORP.,1362,Philippines,
JSK GLOBAL ACCESS LENDING CORPORATION,681,Philippines,
JSPG TOINBEE TLCT LENDING CORP.,2720,Philippines,
JSVA FAST LANE LENDING CORP.,1910,Philippines,
JT PHILIPPINES LENDING TECHNOLOGIES INC. Doing business under the name and style of Handy Peso; PesoMaxy; PesoMaxo; PesoMaxey and PesoMacro and CashCano.,3197,Philippines,
Juan Asenso Lending Corporation,3011,Philippines,
JUAN FRIEND LENDING CORPORATION,2791,Philippines,
JUANLICK LENDING CORPORATION,L-23-0387-94,Philippines,
JUGKISH VIJAY LENDING AND TRADING CORP.,2510,Philippines,
"JUJHAAR LENDING INVESTOR, INC.",1884,Philippines,
JULIET R. MARUYAMA LENDING CORPORATION,3358,Philippines,
JULITA-LEONITO TAPIC LENDING CORPORATION DOING BUSINESS UNDER THA NAME AND STYLE OF JULITA-LEONITO TAPIC LENDING,2245,Philippines,
"JUMPJET LENDING COMPANY, INC.",1602,Philippines,
"JUNGLE LENDING, Inc. Doing business under JUNGLE",3249,Philippines,
JUST 5B LENDING CORP.,L-22-0151-86,Philippines,
JUST SMILE LENDING CORPORATION,3379,Philippines,
JUVEL LENDING INVESTOR INC.,575,Philippines,
JV Good Life Lending Corporation,L-22-0265-48,Philippines,
JVIN MICROCREDIT CORP,2552,Philippines,
JXM88 CREDIT CORP.,712,Philippines,
JYOT LENDING AND TRADING CORPORATION,2355,Philippines,
JYU LENDING INVESTOR INC.,1592,Philippines,
JZCL METROFUND LENDING CORP.,2705,Philippines,
JZJ LENDING INVESTOR INC.,533,Philippines,
K S DUBB LENDING CORP.,481,Philippines,
K4 LENDING INVESTOR CORP.,2855,Philippines,
K4D LENDING INVESTOR CORPORATION,1085,Philippines,
KA-SOSYO LENDING CORP.,3224,Philippines,
KA'SIKAP AGAPAY PINOY MICRO LENDING INC.,L-22-0149-31,Philippines,
KA1SA LENDING CORP.,2701,Philippines,
"KAABAG LENDING SERVICES, INC.",273,Philippines,
KAAGAPAY 888 LENDING CORPORATION,1934,Philippines,
KAAGAPAY KA MICRO LENDING Corporation,2745,Philippines,
KAAGAPAY SA KAHIRAPAN SAGIP LENDING INC.,L-22-0165-32,Philippines,
KAAGAPAY SA KANAYUNAN LENDING CORPORATION,L-23-0381-90,Philippines,
KAAGAPAY SA PAG-ANGAT LENDING INC.,3326,Philippines,
KAAGAPAY SA PAMILYA LENDING INC.,L-22-0140-91,Philippines,
KAAGAPAY SERBISYONG MAAASAHAN LENDING CORPORATION,2874,Philippines,
"KAAKBAY KABUHAYAN LENDING, INC.",962,Philippines,
KAANTABAY LENDING CORPORATION,882,Philippines,
KAASENSO LENDING CORPORATION,2869,Philippines,
KABALIKAT SA PANG-ILALIM NA EKONOMIYA CREDIT CORPORATION,011,Philippines,
KABANKALAN RT LENDING CORPORATION,1014,Philippines,
KABUKLOD SA KAUNLARAN CREDIT INC.,1529,Philippines,
KABULINAWAN LENDING CORP.,2630,Philippines,
KAGANDAHAN LENDING INVESTORS CORPORATION,2618,Philippines,
"KAGUYUMAN LENDING (KALI), INC.",1120,Philippines,
KAI'S LENDING CORPORATION,610,Philippines,
KAIZEN EXPRESS CREDIT INC.,600,Philippines,
KALIBO (AKLAN) LENDING INVESTORS INC. Formerly: Kalibo Finance & Investments Corporation,,Philippines,
KALIBO SKYLINE CREDIT CORP.,1204,Philippines,
"KALINGA LENDING INVESTOR, INC.",389,Philippines,
KAMBOJ LENDING & GEN. MDSE. CORP.,646,Philippines,
KAMS LENDING CORPORATION,2927,Philippines,
KANDOLA LENDING CORP.,1203,Philippines,
KANEGOSYO LENDING CORPORATION,1916,Philippines,
KANLAON LENDING CORPORATION,679,Philippines,
KANTAI MOBILE LENDING SERVICES INC.,2735,Philippines,
KAPAMILYA 15 LENDING CORPORATION,492,Philippines,
KAPANALIG KA LENDING INCORPORATED,2799,Philippines,
KAPARTNER FUND LENDING CORPORATION (NOW: KA PARTNER FUND LENDING CORPORATION,2752,Philippines,
KAPASIGAN COMMUNITY LENDING CORPORATION,2525,Philippines,
KAPUSO LENDING INVESTOR INC.,970,Philippines,
KAREN & ROWENA'S CREDIT INC.,1844,Philippines,
KARNAL LENDING CORPORATION,2336,Philippines,
KARTAR LENDING AND TRADING INC.,656,Philippines,
KASALIGAN LENDING CORPORATION,3138,Philippines,
KASAMA MO SA PAG-UNLAD LENDING CORPORATION,3038,Philippines,
KASANGGA PILIPINO LENDING CORPORATION,L-22-0287-34,Philippines,
KASANGGA SA EKONOMIYA LENDING CORPORATION,L-22-0230-13,Philippines,
KASAPI-KAAGAPAY SA PANGKABUHAYAN LENDING INC.,322,Philippines,
KASBIA LENDING AND TRADING CORP.,2625,Philippines,
KASHSAMA MICRO LENDING INC.,L-23-0487-87,Philippines,
KASUROG CREDIT SERVICES AND LENDING CORPORATION,3206,Philippines,
KATADHANA LENDING CORPORATION,L-22-0272-47,Philippines,
KATAPATANG LOOB LENDING CORPORATION,1585,Philippines,
KATE JUL CREDIT CORPORATION,2644,Philippines,
KATISSA LENDING INVESTORS CORP.,457,Philippines,
KATROPA LENDING CORPORATION,1619,Philippines,
KATUWANG AT KAAGAPAY SA PAG-UNLAD LENDING CORP.,3123,Philippines,
KATUWANG MICROLENDING CORPORATION,1825,Philippines,
KATUWANG SA BUHAY LENDING CORPORATION,1750,Philippines,
KATUWANG SA KABUHAYAN (KSK) LENDING CORP.,2514,Philippines,
KAUNLAD LENDING INVESTORS CORPORATION,1810,Philippines,
KAV LENDING INVESTOR CORPORATION,364,Philippines,
KAVIN & KDM LENDING AND TRADING CORPORATION,1745,Philippines,
"KAWAYAN LENDING INVESTORS, INC.",787,Philippines,
Kaya Lending Inc.,L-23-0542-72,Philippines,
Kayamo Atlas Lending Corp.,3075,Philippines,
"KAYANG-KAYA LENDING, INC.",L-22-0318-13,Philippines,
KBD LENDING INVESTORS CORP.,1164,Philippines,
KCC TALAMAN LENDING CORPORATION,1117,Philippines,
Kenneth Augustine Malate Lending Corporation,2964,Philippines,
KEVELINA LENDING INC.,2176,Philippines,
"KEY CASH & PAYLITE LENDING, INC.",367,Philippines,
KEY MY STYLE LENDING INC.,3283,Philippines,
KF PHILIPPINES LENDING CORPORATION,2565,Philippines,
KFF CORPORATION LENDING INVESTORS,CEO-161,Philippines,
KFSH LENDING INVESTOR INC.,1020,Philippines,
KHALASA SARDAR LENDING CORPORATION,2244,Philippines,
KHALSA LENDING INVESTOR CORP.,1081,Philippines,
KHOSLA-GILL-SINGH LENDING AND TRADING CORP.,2392,Philippines,
KHURANA LENDING CORP.,2439,Philippines,
KHUSHAL PUR LENDING CORP.,1064,Philippines,
KIDLAT LENDING CORP.,L-22-0306-88,Philippines,
KIDMMANJ LENDING INC.,2526,Philippines,
KIMARCES Lending Corporation,2864,Philippines,
"KIN BIZPLAN LENDING COMPANY, INC.",1657,Philippines,
KIN WAI LOAN CORP.,360,Philippines,
KINETIX LENDING CORPORATION,553,Philippines,
KING CASH LENDING INVESTORS INC.,3442,Philippines,
KING DIAMOND LOAN SERVICES CORPORATION,892,Philippines,
King MIcha Lending Corporation,3236,Philippines,
KING SOLOMON SAMARITAN LENDING CORPORATION,292,Philippines,
KINGLOR LENDING Corporation,3045,Philippines,
KINGPINKIN CAPITAL LENDING CORP.,1051,Philippines,
KINGSMARK CREDIT CORPORATION,232,Philippines,
KINGSMEN CREDIT AND LOANS INCORPORATED,412,Philippines,
KINGSTONE PAY-LITE CORPORATION,1325,Philippines,
KINGSWAY LENDING AND MANAGEMENT SERVICES CORP.,984,Philippines,
KINTAR LENDING AND TRADING INCORPORATED,1591,Philippines,
KIWI LENDING CORPORATION,749,Philippines,
KLICCBROS LENDING INC.,2663,Philippines,
KMG PRESTAR LENDING CORP.,3246,Philippines,
KMPER LENDING CORPORATION,1770,Philippines,
"KN CREDIT SERVICES, INC.",402,Philippines,
KOBELL LENDING INVESTOR CORP.,601,Philippines,
KOI BOLE RAM-RAM LENDING INVESTOR CORP. (FORMERLY: KOI BOLE RAM-RAM TRADING CORP.),2578,Philippines,
KOIBEL LENDING SOLUTIONS INCORPORATED,L-210012-15,Philippines,
KOLKATTA LENDING AND TRADING CORP.,2534,Philippines,
KONG JR. LENDING CORP.,2403,Philippines,
KPT CHARDIKALA LENDING CORP.,2401,Philippines,
KREDITO CASH LENDING INC.,L-23-0424-33,Philippines,
KRIS JAIDEN LENDING CORPORATION,2038,Philippines,
KRIS LENDING CORPORATION,2854,Philippines,
KROWN LENDING INC.,825,Philippines,
KS MANAGEMENT PEOPLE LENDING CORP.,997,Philippines,
"KSMR SINGH SHAH LENDING AND ENTERPRISE, INC.",2047,Philippines,
KUASI LENDING CORPORATION,,Philippines,
KUKLI LENDING CORP.,1869,Philippines,
KUMQUAT LENDING INC.,3318,Philippines,
KUNAL KHERA LENDING AND TRADING CORP.,2281,Philippines,
KURAKOG LENDING COMPANY CORP.,L-22-0174-30,Philippines,
KURDAPYA LENDING CORP.,L-21-0106-42,Philippines,
KUSOG PERA LENDING INC.,3118,Philippines,
KVIKU LENDING CO. INC.,3169,Philippines,
KWARTZ LENDING CO. INC.,L-21-0045-21,Philippines,
KWIKCASH LENDING CORPORATION,358,Philippines,
"KZEN LENDING INVESTOR, INC.",581,Philippines,
L G V CREDIT CORPORATION,2304,Philippines,
"L-MONEY GUARANTEE LOANS, INC.",1784,Philippines,
L.A. INFINITE CREDIT INC.,1791,Philippines,
L.A.and M.J. Micro Lending Corporation,2848,Philippines,
L.A.M. LENDING CORP. DOING BUSINESS UNDER THE NAME AND STYLE OF MARTINEZ CASH AGAD CREDIT,2134,Philippines,
L.A.R.S.H. LENDING CORPORATION,1502,Philippines,
L.G.M. SILVER STAR CREDIT CORPORATION,263,Philippines,
L.H.M. LENDING CORP.,2448,Philippines,
L.T. LENDING CAPITAL PHILS. CORP.,1245,Philippines,
LA FAMIGLIA LENDING INVESTORS CORP.,L-23-0515-91,Philippines,
LA FUERSA LENDING CORP.,1837,Philippines,
LA MIRADA LENDING INVESTOR INC.,1363,Philippines,
LA REYNA LENDING INVESTOR INC.,1817,Philippines,
LA VERA MIMOSA CREDIT CORPORATION,006,Philippines,
"LADY BOSS LENDING, INC.",L-23-0383-72,Philippines,
LAKE CITI LENDING INVESTOR INC.,241,Philippines,
LAKEVIEW MICROLENDING CORPORATION,2423,Philippines,
LAKHDADA LENDING INVESTOR AND MARKETING INC.,2425,Philippines,
LAKHDEEP LENDING CORP.,1409,Philippines,
LAKHY LENDING CORPORATION,860,Philippines,
LAKVIR SINGH LENDING CORP.,1062,Philippines,
LAMBDA MICROLOANS LENDING CORPORATION,1395,Philippines,
LAMBDA TOP POINT LENDING CORPORATION,344,Philippines,
LAMCAN LENDING CORPORATION,2553,Philippines,
LAMMA LENDING INVESTOR CORP.,2376,Philippines,
LANAO DEL NORTE LENDING SERVICES INC.,,Philippines,
LANARK CREDIT CORPORATION,1926,Philippines,
LANCE LUCAS CREDIT CORPORATION,2442,Philippines,
LAO-ANG LENDING CORPORATION,1391,Philippines,
LARENCOVETS LENDING CORPORATION,2236,Philippines,
LARRY JOHN ROSE LENDING CORPORATION,1865,Philippines,
LASKI AND SONS UNIMARCO LENDING INVESTOR INC.,2478,Philippines,
LASTIMOSA LENDING INVESTOR INCORPORATED,1023,Philippines,
LAUGHING BUDDHA LENDING CORPORATION,1545,Philippines,
LAURENTE EQUITABLE ASSISTANCE,CEO-272,Philippines,
LAWIS LENDING CORPORATION,3424,Philippines,
Lazaro & Llanes Lending Corporation,L-22-0281-93,Philippines,
LBJ SA PAG-AHON LENDING INCORPORATED,L-23-0346-93,Philippines,
LC ONYX CREDIT CORP.,843,Philippines,
LCB LENDING ZONE CORP.,L-23-0361-47,Philippines,
LCSONS LENDING CORPORATION,L-22-0245-47,Philippines,
LDF QUICK LOANS INC.,2045,Philippines,
LE MARIN FERMIER MICRO LENDING INC.,L-22-0187-48,Philippines,
LEAD SOLUTION GROUP CREDIT CORP.,703,Philippines,
LEADWAY LENDING CORPORATION,1707,Philippines,
LEAJOHN'S LENDING CORPORATION,2966,Philippines,
"LEAPED LENDING INVESTORS, INC.",L-22-021-84,Philippines,
LEAPGEN LENDING INC.,3089,Philippines,
LEGAIA WEALTH LENDING CORP.,1584,Philippines,
LEGAL TENDER LENDING CORPORATION,310,Philippines,
LEGEND MEGAWORLD LENDING INC.,1927,Philippines,
LEGINROSE LENDING CORPORATION,103,Philippines,
LEMNISCATE SOLUTION LENDING INVESTOR CORP.,1129,Philippines,
LENDCIRCLE LENDING CORORATION,2619,Philippines,
LENDFLEX CREDIT CORPORATION,2767,Philippines,
LENDING CO MAUNLAD DITO SOSYO CORPORATION,3299,Philippines,
LENDING LABS CORPORATION,L-23-0438-61,Philippines,
LENDING OF ST. MARK'S – EDFSM INC.,414,Philippines,
LENDINGAN CORPORATION,880,Philippines,
LENDINGHAND CORPORATION,448,Philippines,
"LENDINGPOD CREDIT SOLUTIONS, INC.",1863,Philippines,
"LendMo Lending Corporation doing business under the name/s and style/s of Coinpera Lending, PeraPlus Lending, Super2u Lending, Paygoods Lending, Wirepeso Lending and Growwcash Lending",L-23-0459-37,Philippines,
LENDSURE CREDIT CORP.,1800,Philippines,
LENDVISION CREDIT AND LOANS CORPORATION,2559,Philippines,
LENDWELL SOLUTIONS INC.,2606,Philippines,
"LEPANTO BROTHERHOOD COMMUNITY LENDING, INC.",211,Philippines,
LEPTON LENDING CORPORATION,,Philippines,
Level Up Lending Investors Inc.,2973,Philippines,
"LEXCON LENDING PHILS, INC.",405,Philippines,
LF LENDING SERVICES Corporation,3225,Philippines,
LFM LENDING INVESTOR CORPORATION,2870,Philippines,
LGEM LENDING CORPORATION,L-23-0379-50,Philippines,
"LHL ONLINE LENDING, INC. DOING BUSINESS INDER THE NAMES AND STYLES OF PAUTANG ONLINE, AND PAUTANG PESO (Formerly: LHL ONLINE LENDING, INC.)",3119,Philippines,
Libas Lending Corporation,L-22-0280-40,Philippines,
LIBERUM LENDING CORPORATION,1690,Philippines,
LIBLIFE LENDING CORPORATION,2537,Philippines,
LICO LENDING INVESTOR CORPORATION,1443,Philippines,
LIFECASH LENDING CORPORATION,856,Philippines,
LIFESIGN LENDING CORPORATION,214,Philippines,
LIGHT HOUSE MONEYLEND INC.,1456,Philippines,
LIGHT TRINITY LENDING CORPORATION,2711,Philippines,
LIGHTNING CAT LENDING CORP. Doing business under LIGHTNING CAT LENDING,3078,Philippines,
LIGHTNING FUNDER LENDING SERVICES INCORPORATED,1563,Philippines,
LIGHTNING STAR LENDING AND TRADING PHILS. INC.,2250,Philippines,
LIGHTNING STARS LENDING CORP.,2682,Philippines,
LIKEWISE LENDING INVESTOR CORP.,3184,Philippines,
"LILIBETH SUMMIT LENDING, INC.",1878,Philippines,
LIMCHAYPO LENDING CORP.,2075,Philippines,
LIMITED CREDIT LENDING CORPORATION,L-23-0386-88,Philippines,
LINK CREDIT LENDING INVESTORS INC.,3072,Philippines,
LITE LENDING AND TRADING CORP.,2099,Philippines,
LITEHAUZ 88 LENDING CORPORATION,3350,Philippines,
LIVELIHOOD NEXUS MULTIPURPOSE CREDIT (LNMC) INC.,1887,Philippines,
LIVING STONE LENDING INVESTOR INC.,240,Philippines,
LIZARD LOANS AND CREDIT CORPORATION,3366,Philippines,
LK &E CREDIT CORPORATION,CEO-338,Philippines,
LK SUKURAN LENDING CORPORATION,1197,Philippines,
LLJ CREDIT & LOAN SERVICES CORP.,CEO-195,Philippines,
LLJ MALAZARTE LENDING CORP.,1864,Philippines,
LLL OC LENDING CORPORATION,2022,Philippines,
LM NAVIGATOR LENDING CORPORATION,1879,Philippines,
LMQR LENDING CORP.,L-22-0286-55,Philippines,
LOAN INFINITEXPRESS CREDIT INC.,1882,Philippines,
LOAN STAR LENDING CORP.,1238,Philippines,
LOAN STAR LENDING GROUP INC.,1652,Philippines,
"LoanDito Lending Inc. doing business under the name/s and style/s of Bingopera Lending, Moneylion Lending, Peracost Lending, Mipeso Lending, Minipera Lending and Sure4u Lending",L-23-0458-95,Philippines,
LOANHARBOR LENDING CORPORATION,1990,Philippines,
LOANMAKERS 777 LENDING INC.,1812,Philippines,
LOANPLUS LENDING CORP.,1822,Philippines,
LOANRITE LENDING CORPORATION,1473,Philippines,
LOANS TO GO CORPORATION,3276,Philippines,
"LOANS UNLIMITED LENDING INVESTOR, INC.",589,Philippines,
Loansify Lending Corp.,L-23-0505-36,Philippines,
LOANSTAR LENDING CORPORATION,1491,Philippines,
LOANXPRESS CORP.,789,Philippines,
LOCKED UP LENDING INVESTOR CORPORATION,3362,Philippines,
LONG TERM INDUSTRIAL DEVELOPMENT PHILIPPINES LENDING CORPORATION,3443,Philippines,
LORASHLON LENDING CORP.,3293,Philippines,
LOTTY LENDING INVESTORS CORPORATION,2360,Philippines,
LOVELY FRIENDS LENDING CORP.,2440,Philippines,
LOW & EASY LENDING INVESTOR & TRADING CORP.,988,Philippines,
LOW COST GLOBAL LENIDNG CORPORATION Formerly: Kristina Finance Incorporated,3030,Philippines,
LOYAL MEREDIAN LENDING CORPORATION,2331,Philippines,
LP GOLDEN PESO CREDIT CORPORATION,1368,Philippines,
LPD LENDING INVESTOR CORP.,137,Philippines,
"LRC LENDING INVESTOR, INC.",382,Philippines,
LRRCH LENDING CORP.,2031,Philippines,
LSD LENDING SERVICES CORPORATION,,Philippines,
LSMBIZ CREDIT CORPORATION,131,Philippines,
"LSMONEY LENDING CORP,",L--21-0104-87,Philippines,
LT & G CREDIT LINE CORP.,LEO-034,Philippines,
LUCKY 555 LOAN CORPORATION,1776,Philippines,
LUCKY 618 LENDING CORP.,1799,Philippines,
LUCKY COM KATUWANG CREDIT AND LENDING Inc.,3112,Philippines,
LUCKY DRAGON 24 CREDITS AND LOANS INC.,2080,Philippines,
LUCKY FIVE TALENTS LENDING CORP.,1306,Philippines,
LUCKY FORTUNE LENDING CORPORATION,L-23-0499-69,Philippines,
"LUCKY GEM LENDING CENTER, INC.",091,Philippines,
LUCKY J8 LOANS INC.,862,Philippines,
"Lucky Shell Fintech Lending, Inc.",3055,Philippines,
LUCKY SPB LENDING INVESTOR CORPORATION Formerly: Lucky SPB Financing Corporation,497,Philippines,
LUCKY STAR DIAMOND LENDING INVESTOR INC.,2747,Philippines,
LUCKY TWO 1 LENDING - MALOLOS INC.,1807,Philippines,
"LUCKYPOWER LENDING CORPORATION DOING BUSINESS UNDER THE NAME/S AND STYLE/S OF WINPESO LENDING, EARNPESO LENDING, TAPERA LENDING, PERACOCOLENDING, PERIAN LENDING AND MICROCEDIT LENDING",L-23-0331-56,Philippines,
LUDHIANAPUNJAB LENDING CORPORATION,1296,Philippines,
LUKE 19:13 LENDING BUSINESS CORPORATION,1141,Philippines,
LUMENA MICROLENDING CORP.,1893,Philippines,
"LUMMAK LENDING INVESTOR SOLUTIONS, INC.",114,Philippines,
LUX FIDELIS LENDING INVESTOR CORP.,704,Philippines,
LUZON AFC LENDING CORPORATION,1098,Philippines,
LVU LENDING CORP.,,Philippines,
LW LENDING CORPORATION,3126,Philippines,
LYCURGUS LENDING INVESTOR CORP.,959,Philippines,
M and L SUNRISE LENDING Corp.,2924,Philippines,
M AND R PANLILIO LENDING CORPORATION,2407,Philippines,
M-A-L-A-K-A-S LENDING CORP.,391,Philippines,
M. AKAZOME ALPHA LENDING CORPORATION,1211,Philippines,
M.A. SUNRISE MICRO LENDING CORP.,2085,Philippines,
M.C. BILIBER LENDING CORPORATION,1997,Philippines,
M.F.G. CREDIT CORPORATION,955,Philippines,
M.I.M. GROWTH LENDING CORPORATION,2792,Philippines,
M.M. ALMARIO LENDING CORPORATION,2626,Philippines,
M.R.J.P. LENDING CORP.,501,Philippines,
M.V.P. CREDIT & LENDING CORP.,576,Philippines,
M&K QUICK CASH LOAN INC.,1762,Philippines,
"M2 LENDING INVESTOR, INC.",017,Philippines,
M2K LENDING INVESTOR CORPORATION,2117,Philippines,
MA-JOR CREDIT & LOANS INC.,925,Philippines,
MAAGAP LENDING CORPORATION,L-23-0391-44,Philippines,
MAAYONG ADLAW LENDING CORP.,2738,Philippines,
"MAAYOS LENDING INVESTORS, INC.",502,Philippines,
"Mabilis Loan Speedy Lending Inc. doing business under the name and style of Red Pocket Lending, ATA Cash Lending, World Wealth Lending, Daming Pera Lending, Mabilis Loan Lending and Super Loan Lending",2022110075518-07,Philippines,
MABROCIO LENDING CORPORATION,1892,Philippines,
MABUHAY PHIL-ALLIANCE LENDING INC.,1760,Philippines,
"MAC LENDING (MICRO ACCESS TO LENDING), INC.",902,Philippines,
MAC MJ LENDING INC.,2949,Philippines,
MACERO EBC LENDING INC.,3080,Philippines,
MACK ÉN JED CREDIT CORP.,1380,Philippines,
MACOLOR-DECENA LENDING CORP.,1500,Philippines,
"MACRO (ILOILO) LENDING SERVICES, INC.",1298,Philippines,
MADASIGON CREDIT CORPORATION,3480,Philippines,
MADRID CENTER LENDING CORP.,466,Philippines,
MAFE LENDING INVESTORS CORP.,718,Philippines,
MAGENTA DIRECT LOANS CORPORATION,1299,Philippines,
"MAGIC ACES LENDING CO., INC.",3166,Philippines,
Magic Cash Lending Corp.,L-23-0382-42,Philippines,
MAGIC CREDIT LENDING CORPORATION,3400,Philippines,
Magic Pandora Lending Corp.,3149,Philippines,
Magician of Money Lending Corp.,3157,Philippines,
MAGNECIOUS LENDING CORP.,923,Philippines,
MAGNIFIVE CREDIT CORP.,1311,Philippines,
MAGUINDANAO CENTENNIAL CREDIT CORPORATION,356,Philippines,
MAHAJIT LENDING CORPORATION,2633,Philippines,
MAHANDEV SHUBAM LENDING CORP.,2152,Philippines,
MAHARAJA RANJIT SINGH LENDING AND TRADING CORPORATION,2587,Philippines,
MAHARAJA-MAHARANI LENDING AND TRADING CORP.,2405,Philippines,
MAHINDER AND FRIENDS INT'L. LENDING AND TRADING CORP.,2561,Philippines,
"MAHOGANY DIRECT LOANS, INC.",1338,Philippines,
Mahogany Way Lending Corporation,2985,Philippines,
MAILLIW LENDING CORPORATION,200,Philippines,
Majestic Parola Lending Inc.,3039,Philippines,
MAJOREM LENDING INVESTOR INC.,770,Philippines,
MAKABAGONG PINOY CREDIT MANAGEMENT CORP.,3010,Philippines,
MAKATI EGLOBAL LENDING CORPORATION,1291,Philippines,
"MAKATI LOAN, INC. DOING BUSINESS UNDER THE NAME AND STYLE OF PESO CASH LOAN",3130,Philippines,
MALABANAN-REYES LENDING CORP.,513,Philippines,
MALAMAL LENDING AND TRADING CORP.,2306,Philippines,
MALATE AND MENDEVIL (MM) LENDING INVESTOR CORPORATION,3401,Philippines,
MALHI 786 LENDING CORPORATION,2141,Philippines,
MALI LENDING CORP. DOING BUSINESS UNDER THE NAME AND STYLE OF MABILIS CASH (Formerly: Mali Lending Corp.),2968,Philippines,
MALWA PUNJAB LENDING INVESTOR AND TRADING CORP.,2309,Philippines,
MAMA BROS LENDING CORPORATION,3482,Philippines,
MAMAMAYANG SASAGANA (MASA) LENDING INC.,2691,Philippines,
MAN 7 LENDING INVESTOR AND TRADING INC.,2632,Philippines,
MANAGERS LENDING CORPORATION,3437,Philippines,
MANEAGLE LENDING CORPORATION,,Philippines,
MANEKI LENDING CORP.,L-23-0484-40,Philippines,
"MANG HIRAM MONEY LENDING, INC.",2179,Philippines,
MANGEEZE LENDING CORPORATION,CEO-119,Philippines,
"MANGYANI LOANS, INC.",460,Philippines,
MANILA ACREDITAR LENDING CORP.,1660,Philippines,
MANILA EASY LOAN LENDING INVESTOR CORP.,2463,Philippines,
MANILA UNI CAPITAL CORPORATION,944,Philippines,
MANILA UNI CAPITAL SOUTH CORPORATION,909,Philippines,
MANISHA LENDING CORPORATION,298,Philippines,
MANJEET AND FRIENDS LENDING CORPORATION,2950,Philippines,
MANMEET LENDING CORPORATION,2089,Philippines,
MANN BRAR LENDING AND TRADING CORP.,2371,Philippines,
MANN'S 88 LENDING CORPORATION,1874,Philippines,
MANONG VONG LENDING CORPORATION,2064,Philippines,
MANSEERAT LENDING CORP.,2271,Philippines,
MAOGMA CREDIT CORPORATION,889,Philippines,
MAPA OCHO LENDING INVESTOR INC.,2546,Philippines,
MAPALI LENDING CORPORATION,2264,Philippines,
MAR AND BHELIT LENDING INC.,2293,Philippines,
MARBLE JEREH LENDING CORPORATION,3388,Philippines,
Marco Polo Credit Assistance Center Inc.,3110,Philippines,
MARCORS CREDIT AND TRADING CORPORATION,1492,Philippines,
MARDAM GADDHEN LENDING COPRORATION,3277,Philippines,
Marduka Lending Services Corp.,2915,Philippines,
"MARFS 888 LENDING COMPANY, INC.",2238,Philippines,
MARIAM LIFE LENDING INC.,3165,Philippines,
MARIPERZ CREDIT AND LENDING CORPORATION,209,Philippines,
MARISHEJ LENDING CORP.,2195,Philippines,
MARITANZ LENDING CORPORATION,329,Philippines,
MARK PRINCESS LIANE LENDING INVESTORS CORP.,606,Philippines,
MARKEVE LENDING CORP.,1404,Philippines,
MARMICRA LENDING INVESTOR INC.,3382,Philippines,
MAROKE LENDING AND TRADING CORP.,2443,Philippines,
MARRES LENDING SERVICES INC.,1671,Philippines,
MARS INSTA LENDING INC.,3148,Philippines,
MARSHAL EXCELENCE LENDING INC.,918,Philippines,
MARTON LENDING SERVICES CORPORATION,032,Philippines,
"MARUYAMA LENDING INVESTOR, INC.",737,Philippines,
"MARVIL LENDING INVESTORS, INC.",1225,Philippines,
MASA PHILIPPINES FAST LENDING CORP.,2124,Philippines,
MASAGANANG IMPOK PANGKABUHAYAN LENDING CORPORATION,691,Philippines,
MASAYAMICKEY LENDING CORP.,721,Philippines,
MASINLOC LENDING INVESTOR CORP.,1266,Philippines,
Masinop Lending Inc.,3174,Philippines,
MATA SATYA LENDING CORP.,2133,Philippines,
MATANGUIHAN CREDIT LENDING INC.,2079,Philippines,
"Matrixson Lending Inc. doing business under the name and style of Mosloan, Yukicash, Novaloan and Marspeso",2022110074377-07,Philippines,
MATTHEW 22:37-39 ELR BINCE LENDING CORPORATION,3215,Philippines,
MATULIN CREDIT CORPORATION,643,Philippines,
MAUBAN ACES LENDING INVESTOR CORPORATION,1001,Philippines,
Max 808Lending Corp.,3233,Philippines,
MAXIMA LENDING CORPORATION,L-22-0224-88,Philippines,
MAXISERVE LENDING SOLUTIONS INC.,2356,Philippines,
MAXWILL LENDING CORPORATION,2524,Philippines,
MAYA Lending Corporation,L-23-0461-88,Philippines,
MAYON CONE PEAK LENDING INC.,990,Philippines,
MAZALTOV LENDING CORP.,2568,Philippines,
"MBI LENDING, INC.",433,Philippines,
MBYS LENDING INVESTORS CORP.,1936,Philippines,
MC 12 ELEVEN LENDING CORPORATION,3397,Philippines,
MC FLEXIBLE LENDING INC.,L-23-0490-11,Philippines,
MC LENDING CORP.,336,Philippines,
MC-JTERN LENDING CORP.,967,Philippines,
MCD RED TRI STAR LENDING CORP.,841,Philippines,
MCDC CREDIT LENDING CORPORATION DOING BUSINESS UNDER THE NAME AND STYLE OF MCDC CREDIT LENDING,L-23-0434-81,Philippines,
MCDD LENDING INVESTOR INC.,2234,Philippines,
MCKORWEN LENDING CORP.,1801,Philippines,
MCRBG Lending Corp.,L-23-0517-35,Philippines,
MD PIO DURAN LENDING INVESTOR CORP.,3005,Philippines,
MDT QUANTUM CREDIT CORPORATION,1233,Philippines,
Meazer Lending Corporation,2987,Philippines,
MEC-NEGROS LENDING CORPORATION,415,Philippines,
MEDALES LENDING CORPORATION,129,Philippines,
MEDEKAR BUSINESS LENDERS INC.,207,Philippines,
MEDIATOR CREDIT & LOANS CORP.,197,Philippines,
MEDIUM CAPITAL LENDING OF TUGUEGARAO CORP.,1314,Philippines,
"MEDSA LENDING, INC.",1006,Philippines,
Meeker Enna Credit and Trade Corp.,3084,Philippines,
MEETBRAR LENDING & TRADING INC.,1861,Philippines,
MEGA ALLIANCE PENSION LOAN CORPORATION,1221,Philippines,
MEGA CARLOAN CORPORATION,1495,Philippines,
MEGA CONCESSIONAL LENDING CORP.,1082,Philippines,
MEGA CRUI UNLIMITED RESOURCES LENDING CORPORATION,221,Philippines,
MEGA MINT LENDING CORP.,1152,Philippines,
MEGA RENZ EXPRESS LENDING CORPORATION,3297,Philippines,
MEGAFORTUNE LENDING CORP.,940,Philippines,
MEGAROSE LENDING INVESTOR CORP. Formerly: Megarose Financing Corp.,130,Philippines,
MEGATRUST SOLUTION LENDERS INC.,824,Philippines,
MEGGA LENDING CORPORATION,,Philippines,
MEHARPALAK LENDING CORPORATION,2654,Philippines,
MEHARWAAN LENDING CORP.,2449,Philippines,
MELANARS LENDING CORPORATION,2069,Philippines,
MEMBER CASH LENDING CORP.,3301,Philippines,
MEMY LENDING CORPORATION,2771,Philippines,
MENES LENDING INVESTORS INC.,2037,Philippines,
MENTORS CREDIT AND LENDING CORPORATION,1212,Philippines,
MER LENDING INVESTOR CORPORATION,069,Philippines,
MERA WAHEGURO LENDING CORP.,1445,Philippines,
MERCANTILE CREDIT HOME-EQUITY ENTRENEUR CORP.,1218,Philippines,
MERCEDES MANIO LENDING CORP.,2052,Philippines,
MERIDIAN LENDING INVESTORS CORPORATION,3227,Philippines,
METAL RABBIT LENDING CORPORATION,CEO-194,Philippines,
METIER ONE LENDING COMPANY INCORPORATED,418,Philippines,
"METRO ANGELES CREDIT, INC.",201,Philippines,
METRO BAGUIO LOANS & CREDIT CORPORATION,549,Philippines,
METRO BASIC LENDERS INCORPORATED,931,Philippines,
"METRO DAVAO LENDING INVESTORS, INC.",216,Philippines,
METRO ILIGAN CREDIT CORPORATION,569,Philippines,
METRO NEGROS CREDIT CORPORATION,891,Philippines,
METRO PACIFIC INDUSTRY LENDING CORPORATION,1494,Philippines,
"METRO POINT LENDING SERVICES, INC.",1911,Philippines,
METRO QUICASH LENIDNG CORP.,1826,Philippines,
METRO RPS CREDIT SERVICES INCORPORATED,1101,Philippines,
METROADVANCES LENDING CORP.,657,Philippines,
METROBEST LENDING RESOURCES CORP.,422,Philippines,
MetroCash Credit Inc.,3290,Philippines,
"METROLINK CREDIT AND LOANS, INC.",1702,Philippines,
METROLOANS LENDING INC.,L-23-0440-56,Philippines,
"MEYCAUYAN SECOND RURAL CREDIT CORPORATION (Formerly: Meycauyan Second Rural Bank, Inc.)",3499,Philippines,
MEYRINA LENDING CORPORATION,743,Philippines,
MFDS LENDING CORPORATION,3349,Philippines,
MFR MICRO CREDIT CORPORATION,509,Philippines,
MG BANSIL LENDING INVESTOR CORP.,2549,Philippines,
MG TRUST LENDING CORP.,1564,Philippines,
MGO LENDING INVESTOR INC.,1625,Philippines,
MHD LENDING INVESTOR CORP.,L-23-0427-22,Philippines,
MHEAN JAS LENDING CORP.,2161,Philippines,
MHGD LENDING CORP.,2084,Philippines,
"MicPhil Lending, Corp.",3407,Philippines,
MICRO ENTERPRISE CREDIT RESOURCES AND DEVELOPMENT CORPORATION,2129,Philippines,
MICRODOT LENDING CORPORATION,2921,Philippines,
MICROFUND CREDIT CORPORATION (LENDING INVESTORS),339,Philippines,
MICROGROUP LENDING CORPORATION,1751,Philippines,
MICROLANE CREDIT UNION INC.,934,Philippines,
Microlending Tree Corporation,L-23-0516-33,Philippines,
MICROLOANS LENDING INVESTOR INC.,1726,Philippines,
MICROMARKET LENDING CORP.,1728,Philippines,
"Micron Lending Inc. doing business under the name and style of Lotuspera, KuKuPera and MantaLoan",2022110074378-30,Philippines,
"MICROPAY LENDING, INC.",995,Philippines,
MICROSDC LENDING CORP.,1959,Philippines,
"MIDTOWN CONSOLIDATED LENDING & SERVICES, INC.",469,Philippines,
MIGHTY JRN LENDING CORPORATION,,Philippines,
MIJ FUNDS LENDING CORPORATION,571,Philippines,
MIKARILAL LENDING CORPORATION,2843,Philippines,
MIKMAG LOANS SERVICES INC.,262,Philippines,
MILISA LENDING INC.,106,Philippines,
MILLENIAL LENDING COMPANY INC.,2721,Philippines,
Millennial Lending Services CORPORATION,2022110075268-02,Philippines,
MILTHEA LENDING CORP.,1948,Philippines,
MIMNI LENDING CORP.,1498,Philippines,
MINA DE ORO CREDIT CORPORATION,2317,Philippines,
MINATO PORT IWAI LENDING INCORPORATED,3375,Philippines,
MINTWAGON LENDING CORP.,2678,Philippines,
"MIRANDABROUGH LENDING INVESTOR, INC.",1273,Philippines,
MIRJHA LENDING CORPORATION,1407,Philippines,
MIROS LENDING CORP.,1012,Philippines,
MISTER BALS' LENDING INC.,2477,Philippines,
MIX LENDING CORPORATION,865,Philippines,
MIZPAH LENDING INVESTOR CORPORATION,634,Philippines,
MJ EXPRESS CREDIT INC.,608,Philippines,
"MJ LENDING INVESTOR, INC.",1073,Philippines,
MJ PALGAN LENDING CORPORATION,740,Philippines,
MJC LENDING INVESTORS CORPORATION,822,Philippines,
"MJC MARTINEZ LENDING INVESTORS, INC. Formerly: MJC Martinez Financing, Inc.",441,Philippines,
MJJ ATTHI LENDING CORPORATION,1976,Philippines,
MJK LENDING CORP.,2657,Philippines,
MJMQ KAAGAPAY LENDING CORP.,3104,Philippines,
MKBIZ LENDING CORP.,1611,Philippines,
MKJS LENDING GROUP CORP.,3449,Philippines,
MLC LENDING CORPORATION,556,Philippines,
MLEGAIA FORTUNE LENDING CORP.,2652,Philippines,
MLG MARAL LENDING CORPORATION,951,Philippines,
MLQUILAB LENDING CORPORATION,864,Philippines,
MMD LENDING INVESTORS INC.,L-21-0031-65,Philippines,
"MMM MONEY CENTRAL LENDING INVESTORS, INC.",1465,Philippines,
"MMP LENDING INVESTOR, INC. Formerly: Double M Finance and Investment Corporatio",311,Philippines,
MMT LENDING INVESTOR CORPORATION,790,Philippines,
MnC Lending Services Corporation,3322,Philippines,
MNZ 888 LENDING INC.,558,Philippines,
MOHALI LENDING INVESTORS INC.,2288,Philippines,
MOHINDER-SUKHPAL LENDING INVESTOR CORP.,2629,Philippines,
"MONAREL LOANS, INC.",1376,Philippines,
MONDEI LENDING CORPORATION,L-23-0435-47,Philippines,
Money Core Lending Solutions Incorporated,L-23-0444-99,Philippines,
MONEY GLOBAL CREDIT CORP.,CEO-089,Philippines,
MONEY SOLUTIONS LENDING INC.,077,Philippines,
"MONEY TREE LENDING SOLUTIONS, INC.",113,Philippines,
MONEY VISION LENDING PHILS. CORP.,3017,Philippines,
MONEY WELLNESS LENDING CORP.,1731,Philippines,
"MONEYCARE LENDING CO., INC.",033,Philippines,
MONEYCREST CREDIT CORPORATION,1739,Philippines,
MONEYDASH LENDING CORPORATION,1119,Philippines,
MoneyFlex Lending Investor Corporation,3216,Philippines,
MONEYFOLD CREDIT CORPORATION,535,Philippines,
MONEYFROG LENDING CORPORATION,2800,Philippines,
MONEYLOANS CORPORATION,2132,Philippines,
MONEYMAN LENDING CORPORATION,L-23-0377-55,Philippines,
"MONEYMATE ILOILO LENDERS, INC.",407,Philippines,
MONEYPOWER LENDING GROUP INC.,2563,Philippines,
MONEYQUICK LOANS INC.,1635,Philippines,
"MONEYTRUST LENDING COMPANY, INC.",654,Philippines,
MONEYWELL LENDING CORPORATION,1102,Philippines,
MONEYWISE CREDIT & LOAN CORP.,183,Philippines,
MONEYWORTH CREDIT CORPORATION,1509,Philippines,
MONIELEND CORPORATION,1214,Philippines,
MONIETREE LENDING SPECIALIST CORP.,2648,Philippines,
Monlane Lending Inc.,3162,Philippines,
MONNEY-LA LENDING CORP.,1191,Philippines,
MONRIS SAVIOR LENDING CORPORATION,138,Philippines,
MONTALBAN LENDING INVESTOR CORP.,1035,Philippines,
Montaos Lending Corporation,L-23-0540-41,Philippines,
MONTE EAST GREEN LENDING CORPORATION,2222,Philippines,
"MONTGOMERY PACIFIC COMMERCIAL CREDIT, INC.",766,Philippines,
MontPrime Capitol Lending Corporation,3155,Philippines,
MOO LOANS INC,1773,Philippines,
MOONFLOWER LOANS AND SERVICES INC.,1364,Philippines,
MOONSERVE DELIGHT LENDING INC.,2367,Philippines,
MOORGATE LENDING CORPORATION,3335,Philippines,
MORALEJO LENDING INVESTORS INC.,2347,Philippines,
MORIAH 2006 LENDING CORPORATION,143,Philippines,
MORONG EXTRA PUHUNAN LENDING CORPORATION,,Philippines,
Moses Lending Investors Inc.,2974,Philippines,
MOSKID'Z ANGEL LENDING INC.,1337,Philippines,
MOTOCREDIT CORPORATION,1138,Philippines,
MOTORTRUST LENDING CORP.,045,Philippines,
MOTTO LENDING COMPANY INC.,L-23-0365-74,Philippines,
"MOUNT FUJI LENDING, INC.",L-21-0004-46,Philippines,
MOUR LENDING INVESTOR CORP.,2585,Philippines,
MOVEFAST LENDING CORPORATION,009,Philippines,
MPP'S LENDING CORP.,L-23-0406-58,Philippines,
"MPPP MONEYLINK LENDING, INC.",850,Philippines,
MPR LENDING KAPITAL INC.,,Philippines,
MPS LENDING SERVICES INCORPORATED,236,Philippines,
MPS MINDORO LENDING INVESTOR INCORPORATED,280,Philippines,
MQM MICRO LENDING CORPORATION,L-22-0242-71,Philippines,
MR ANGEL CREDIT CORP.,1669,Philippines,
MR. CASHOSYO LENDING CORP.,L-21-0021-35,Philippines,
MRK EQUINOX LENDING Corp.,3034,Philippines,
MRMC LENDING CORPORATION,2059,Philippines,
MSE SMARTCHOICE LENDING CORP.,1624,Philippines,
MSM E LOANS CORP.,2375,Philippines,
MSP AND GKP LENDING AND TRADING CORPORATION,2284,Philippines,
MSV LENDING CORP.,1700,Philippines,
MT. MORIAH LENDING CORPORATION,1053,Philippines,
MTO CREDITLINE CORPORATION,455,Philippines,
MUCH MORE CREDIT CORP.,1332,Philippines,
MULTI VENTURE LENDING CORPORATION,L-23-0411-98,Philippines,
MULTI-CREDIT AND LENDING CORPORATION,758,Philippines,
"MULTI-DYNAMIC ASIA LENDING SERVICES, INC.",1901,Philippines,
MULTI-RICH LENDING CORPORATION,596,Philippines,
MULTILINKS LENDING INVESTOR CORPORATION,278,Philippines,
MULTISAVE CREDIT CORPORATION,2681,Philippines,
MUSKAAN MANAAT AND CO. LENDING CORPORATION,2233,Philippines,
MUSUKO LENDING CORP.,675,Philippines,
MYCAPITAL CORPORATION,1091,Philippines,
MyCAsh Lending Investors Inc.,2814,Philippines,
MYKONOS LENDING INVESTORS CORP.,968,Philippines,
MYKRO CREDIT SERVICES CORPORATION,062,Philippines,
MyLoan Lending Investors Inc.,2866,Philippines,
MYONELINELENDING AND TRADING CORPORATION,2070,Philippines,
MyPayso Lending Company Inc.,3073,Philippines,
MYS LENDING CORP.,L-23-0394-12,Philippines,
MYSON LENDING INVESTOR INC.,474,Philippines,
MZ MONEYLEND INC.,1581,Philippines,
N & N FAIRWAY LENDING CORP.,L-23-0378-50,Philippines,
N.A. FOLLOSCO CREDIT CORP.,1586,Philippines,
N.E. METRO LENDING CORPORATION,1134,Philippines,
N.J.J.G. LENDING CORP.,2473,Philippines,
N.L. PARAISO LENDING INC.,693,Philippines,
NAGA CITY CENTRAL BUSINESS DISTRICT LENDING CORPORATION,1330,Philippines,
NAGAS PHILIPPINES LENDING CAPITAL INC.,2523,Philippines,
NAKASALALAY ANG TAGUMPAY (NAT) MICRO LENDING CORPORATION,1184,Philippines,
NALA LENDING INVESTORS CORPORATION,2308,Philippines,
NANAKSAR SAHIB LENDING INVESTOR CORP.,2596,Philippines,
NANGLI DAM LENDING CORPORATION,2468,Philippines,
NASAD CREDIT LINE INC.,1615,Philippines,
NATASHA LENDING CORP.,2594,Philippines,
NAU-NIDH LENDING AND TRADING CORP.,2608,Philippines,
NAUTICA FILIPINO LENDING CORP.,1425,Philippines,
NAWASHAHR LENDING AND TRADING CORP. (FORMERLY: NAWASHAHR DOABA LENDING AND TRADING CORP.),2535,Philippines,
"NAZARETH LENDING SOLUTIONS, INC.",1868,Philippines,
NAZRAN JALF LENDING INVESTORS INC.,2292,Philippines,
NBR LENDING CORPORATION,L-23-0500-30,Philippines,
"NCR LENDING, INC.",658,Philippines,
NE CORPSANT (NORBERTO EDNA CORPUS SANTIN) LENDING CORPORATION,3210,Philippines,
NEE LAM LENDING Corp.,3172,Philippines,
NEELAM AND FRIENDS LENDING AND TRADING CORP.,2450,Philippines,
NEEMARG CREDIT INC.,118,Philippines,
"NEETA RANI LENDING, INC.",2886,Philippines,
NEGOSYANTE HOUSE LENDING CORP.,1975,Philippines,
NEGROS G-7 LENDING CORPORATION,304,Philippines,
NEGROS MT. KANLAON LENDING CORPORATION,1236,Philippines,
"NEGROS SAFE LENDING, INC.",851,Philippines,
NEMARIANS CREDIT CORPORATION,1276,Philippines,
"NEOCASH LENDING, INC.",223,Philippines,
NET20 CREDIT AND ENTERPRISE DEVELOPMENT SERVICES INC.,1987,Philippines,
NEW BAGUIO CREDIT SERVICES CORPORATION,618,Philippines,
"NEW BLUMEX LENDING INVESTOR, INC.",598,Philippines,
New Breed Lending Corporation,,Philippines,
NEW CHAPTER LENDING CORPORATION,429,Philippines,
NEW CHOICE LENDING CORPORATION,1918,Philippines,
NEW EQUITY LENDERS INCORPORATED,366,Philippines,
NEW FLY LENDING CORP.,L-21-0087-69,Philippines,
NEW IBAANIAN LENDING INVESTORS INC.,2005,Philippines,
NEW PROFILE LENDING CORPORATION,585,Philippines,
NEW PRONATURE LENDING CORPORATION,742,Philippines,
NEW RINDI LENDING AND TRADING CORP. (formerly: NEW RINDI TRADING CORP.),2984,Philippines,
NEW SUNRISER LENDING INVESTOR CORP.,1663,Philippines,
NEW WEALTH RESURGE MONEY LENDING CORPORATION,3503,Philippines,
NEWMAN MICROLENDING INVESTORS INC.,1747,Philippines,
NEWTONE LENDING CORP.,1589,Philippines,
"NEXT CASHING & LOAN, INC.",752,Philippines,
Next Horizon Lending Inc.,2829,Philippines,
NEYLANDS LENDING INVESTORS PHILS. INC.,1315,Philippines,
NFINIT CREDIT CORPORATION,1815,Philippines,
NFINIT LENDING CORPORATION,148,Philippines,
NFJS LENDING INVESTORS CORPORATION,830,Philippines,
NGS & ARK MANILA LENDING CORP.,1282,Philippines,
NIBRE LENDING INVESTOR CORPORATION,2191,Philippines,
"NICKEL COLLECTION LENDING INVESTOR, INC.",537,Philippines,
NIHAL SINGH WALA LENDING CORP.,1244,Philippines,
NIKKI LENDING CORPORATION,CEO-009,Philippines,
NIKKI-JANE LENDING INVESTOR CORPORATION,3286,Philippines,
NILKHANT LENDING CORP.,1350,Philippines,
NIMANE LENDING CORP.,2412,Philippines,
NINE LIFE CARD LENDING CORPORATION Soing Business under TOP SAVER MICRO LENDING,3023,Philippines,
NINETY FIVE (95) LENDING INC.,3399,Philippines,
NINETY NINE CREDIT LENDING CORPORATION,L-22-0198-81,Philippines,
NINTH DEER LENDING INC.,3114,Philippines,
"NIPPON CREDIT CO., INC.",893,Philippines,
NIRMAL LENDING AND TRADING PHILS. CORP.,1398,Philippines,
NISHIKA ANSHIKA LENDING CORPORATION,2357,Philippines,
NISHU MANJOT LENDING CORP.,2436,Philippines,
NITISH LENDING INVESTOR CORP.,2428,Philippines,
NKB LENDING CORPORATION,327,Philippines,
NMC LENDING CORPORATION,L-23-0355-40,Philippines,
"NMTDA LENDING INVESTOR, INC.",809,Philippines,
NnS Lending Corporation,3337,Philippines,
NOBLEZA LENDING COMPANIES INC.,2212,Philippines,
NOMISMA MICRO-LENDING CORPORATION,1777,Philippines,
NORTH DRIVEN LENDING CORPORATION,2993,Philippines,
NORTH QUAD CREDIT CORPORATION,285,Philippines,
NORTH-WEST LINK LENDING INCORPORATED,701,Philippines,
"NORTHBAY PANAY LENDING, INC.",1389,Philippines,
Northern EZCredit Lending Corporation,2999,Philippines,
NORTHERN ILOCOS LENDING CORPORATION,409,Philippines,
"NORTHERN LUZON AAA LENDING COMPANY, INC.",1531,Philippines,
NORTHERN LUZON SME LENDING CORP.,586,Philippines,
NORTHSOURCE LENDING CORP.,1075,Philippines,
NORTHSTAR CAGAYAN LENDING CORPORATION,L-23-0344-94,Philippines,
NORTHWEST MONEY BUSINESSLINE LENDING CORPORATION,1626,Philippines,
"NOSHEEN LENDING INVESTOR, INC.",2026,Philippines,
NOTTINGHAM LENDING CORPORATION,3370,Philippines,
NOVASTAR LENDING CORPORATION,L-23-0477-41,Philippines,
NOVO ACS CREDIT AND LENDING CORP.,1821,Philippines,
NOY GAV LENDING INC.,2147,Philippines,
NP 8718 LENDING CORPORATION Doing business as N and P Lending Investor,3458,Philippines,
NP KARIS MAST LENDING CORPORATION,867,Philippines,
NPS LENDING INVESTOR CORP.,1072,Philippines,
"NR KWARTA EXPRESS LENDING INVESTOR, INC.",452,Philippines,
"NRJ AND SONS LENDING INVESTOR CO., INC.",1881,Philippines,
NSK PLATINUM LENDING CORPORATION,3193,Philippines,
NTP CONDIVIDERE LENDING CORPORATION,3361,Philippines,
NU CETUS LENDING INC.,1074,Philippines,
NUEVA ECIJA MICROCREDIT (NEMC) CORPORATION,1672,Philippines,
Nueva Ecija MIRACULOUS MEDAL LENDING CORP.,3058,Philippines,
Nueva Lending Investor Inc.,3214,Philippines,
NUEVA SERVILLANA LENDING INC.,821,Philippines,
"NUEVA VILLA TAGKAWAYAN LENDING INVESTOR, INC.",972,Philippines,
NUEVA-ECIJA GUIMBA (N.E.) LENDING INVESTORS INC.,1371,Philippines,
"NUMAX MICRO LENDING, INC.",181,Philippines,
NUMERO UNO LENDING INVESTOR CORPORATION,234,Philippines,
NUVO EQUITY LENDING CORPORATION,1050,Philippines,
NUVO INDIA LENDING AND TRADING CORP.,2169,Philippines,
"NZ CREDIT SERVICES, INC.",398,Philippines,
O.C.H. LENDING AND TRADING CORPORATION,1986,Philippines,
O.E.G LENDING INC.,1921,Philippines,
OAK PARK LENDING CORPORATION,3330,Philippines,
OAÑA CREDIT SOLUTIONS INC.,1854,Philippines,
OASIS CASH EXPRESS LENDING CORPORATION,2782,Philippines,
"OBRIGADO LENDING INVESTOR, INC.",1699,Philippines,
"OCEANCASH LENDING INVESTORS, INC.",3481,Philippines,
OCHO MIEMBROS LENDING CORP.,2580,Philippines,
OCTO INFINITUM LENDING CORPORATION,1412,Philippines,
ODD VENTURES CREDIT CORPORATION,806,Philippines,
"ODSI LENDING SURESERV INC. (Formerly: ODSI Sureserv, Inc.)",3498,Philippines,
OFG Philippines Lending Inc.,2898,Philippines,
OKLIK LENDING COMPANY INC.,2896,Philippines,
OLD FRIENDS LENDING & CREDIT CORP.,2197,Philippines,
OLJEY ASENSO LENDING CORPORATION,2788,Philippines,
OLONGAPO MJQ CREDIT CORPORATION,1048,Philippines,
OLYMPUS CATARMAN SAMAR LENDING INVESTOR INC.,2130,Philippines,
OLYMPUS CREDIT & LOANS CORPORATION,1116,Philippines,
OM DAVE LENDING AND TRADING INC.,2217,Philippines,
OM-DUB LENDING CORP.,2242,Philippines,
"OMNIBUS CREDIT, INC.",570,Philippines,
OMNIFICENT LENDING CORPORATION,2098,Philippines,
ONE ALLIANCE LENDING CORPORATION,L-21-0057-46,Philippines,
"ONE CASH POINT LENDING, INC.",IEO-L103,Philippines,
ONE PRIME GLOBAL NETWORK LENDING CORP.,3341,Philippines,
"ONE SDHII LENDING CO., INC.",1508,Philippines,
One SM Lending Corporation,2769,Philippines,
ONE SOLUTION MICRO-LENDING CORP.,1721,Philippines,
ONE WAX LENDING CORP.,1521,Philippines,
ONECASH LENDING CORP.,1486,Philippines,
ONUSTRE CREDIT CORPORATION,2824,Philippines,
OPH PYRAMID CREDIT INC.,876,Philippines,
OPPORTUNITYLINE LENDING CORPORATION,3419,Philippines,
OPTIMA CREDIT CORPORATION,014,Philippines,
OPTIMAX CREDIT & LOANS CORP.,1018,Philippines,
ORAGON LENDING CORPORATION,423,Philippines,
ORANGE GROVE LENDING INVESTOR INC.,243,Philippines,
ORANGE MONEY MATE LENDING INCORPORATED,334,Philippines,
"ORBIS PARTNERS LENDING, INC.",1683,Philippines,
ORDINARY LIFE SERVICE LENDING CORP.,3273,Philippines,
ORIENTAL PACIFIC LENDING CORPORATION,L-23-0330-54,Philippines,
"ORIGIN LENDING CORP. doing business under the name and style of ""BitCredit""",L-21-0069-15,Philippines,
ORLANI LENDING INVESTOR ISABELA INC.,1253,Philippines,
"ORLEM LENDING INVESTORS, INC.",833,Philippines,
"ORMIN LAND LENDERS, INC.",555,Philippines,
OROLINK GLOBAL CREDIT CORP.,1022,Philippines,
"ORPADI LENDING SHOP, INC.",993,Philippines,
ORTIGAS PRONATURE LENDING CORPORATION,L-23-0532-84,Philippines,
OSCA PASAY LENDING CORP.,519,Philippines,
OSR LENDING INVESTOR INC.,1576,Philippines,
OUR HOPE & SUCCESS LENDING CORP.,1555,Philippines,
OUTRIGHT SOLUTIONS LENDING CORP.,3042,Philippines,
OZ APLUS LENDING CORP. Formerly: Ozamis A+ Credit Corporation,244,Philippines,
OZONELINE CREDIT CORPORATION,1643,Philippines,
P AND J PARTNER FOR SUCCESS LENDING CORPORATION,3327,Philippines,
P.S.A.LIFE OK LENDING CORPORATION,2266,Philippines,
PA-O RURAL LENDING CORPORATION,1748,Philippines,
PABLA LENDING AND TRADING CORP.,275,Philippines,
PABLA WORKS LENDING AND TRADING CORP.,2142,Philippines,
PACIFIC SUNRISE MICRO LENDING CORPORATION,L-23-0508-74,Philippines,
PACIFICLENDING CORP.,065,Philippines,
PAGALA BALUYOT LENDING INVESTOR INC.,2247,Philippines,
PAGLAUM ILOILO LENDING CORPORATION,714,Philippines,
PAGPAPALA LENDING CORP.,2338,Philippines,
Pagsadagan Lending Corporation,2931,Philippines,
PAGSALIG LOAN CORPORATION,3434,Philippines,
PALAWENYA LENDING CORP.,2755,Philippines,
PALESAM LENDING CORPORATION,1024,Philippines,
PALO LENDING CORPORATION,680,Philippines,
PAMPAMILYA LENDING INC.,1977,Philippines,
PAMUMUHAY CREDIT FACILITIES CORPORATION,1108,Philippines,
PANABO BASIC CREDIT CORP.,454,Philippines,
PANDEY AND SIDHU LENDING CORP.,2257,Philippines,
PANDWA LENDING INVESTOR CORP.,2395,Philippines,
PANGILINAN'S LENDING CORP.,L-23-0436-97,Philippines,
PANGMASA LENDING INVESTOR INCORPORATED,973,Philippines,
PANIPAT TO PASIG LENDING AND TRADING CORP. (FORMERLY: PANIPAT TO PASIG TRADING CORPORATION),2528,Philippines,
PANJGRAIN LENDING AND TRADING INC.,2370,Philippines,
PANJOBJOBAN LENDING CORPORATION,1428,Philippines,
PANJOBJOBAN PENSIONERS CREDIT CORPORATION,1485,Philippines,
PANKI CASH AND PAYLITE LENDING INC.,3351,Philippines,
PANNU AND DHALIWAL LENDING CORP.,2267,Philippines,
PAPA MIGUEL LENDING INC.,1796,Philippines,
PAPA RAJA LENDING INVESTOR CORP.,907,Philippines,
PAPA SARWAN LENDING CORP.,3242,Philippines,
PAPASIN LENDING SERVICES INC.,2028,Philippines,
PAPER PLANE LENDING CORPORATION,522,Philippines,
PAR-COM LENDING INVESTORS CORPORATION,372,Philippines,
PARAGON CREDIT ALLIANCE 604 CORPORATION,1452,Philippines,
PARAMJIT LENDING CORP.,2700,Philippines,
PARAMOUNT BESTOW LENDING CORPORATION,506,Philippines,
PARASAMASA LENDING INVESTORS INC.,913,Philippines,
PARDEEP LENDING AND TRADING CORP.,2461,Philippines,
PARJATMA LENDING AND TRADING CORP.,1179,Philippines,
PARSONDA LENDING INC.,2487,Philippines,
PARTIDO EXPRESS LENDING CORPORATION,2827,Philippines,
"PARTNER FOR RAPID AND GENUINE SOLUTIONS CREDIT, INC.",2110,Philippines,
PASCAR CREDIT CORPORATION,1150,Philippines,
PASIG-BORONGAN LENDING CORP.,2154,Philippines,
PATHFINDER LENDING CORPORATION,L-23-0481-50,Philippines,
PATHWAY LENDING INVESTOR INC.,3120,Philippines,
PATRICK LENDING INVESTOR INC.,3031,Philippines,
PATTAR EASY LOAN LENDING CORPORATION,3496,Philippines,
PATTO HIRA LENDING AND TRADING INC.,2638,Philippines,
PATWAL AND BHATTI LENDING AND TRADING CORP.,2422,Philippines,
"PAUL-AN GUTIER LENDING INVESTORS, INC.",496,Philippines,
PAUNA HARI LENDING CORPORATION,2203,Philippines,
PAVE THE WAY LENDING CORPORATION,L-23-0443-81,Philippines,
PAY DAY LOANS AND CREDIT CORPORATION,190,Philippines,
Pay Later Lending and Fintech Corp.,3036,Philippines,
"PAYDAY QUICKLOANS R US!, INC.",941,Philippines,
PAYLON LENDING INVESTOR INC.,2729,Philippines,
PAYMAMA LENDING CORPORATION,L-22-0240-20,Philippines,
"PAYROLL CLUB LENDING COMPANY, INC.",1920,Philippines,
PB Benlify Lending Services Inc.,3057,Philippines,
PB CAPITAL CREDIT AND LOANS INCORPORATED,2480,Philippines,
PB MICROLENDING INVESTOR INC.,1637,Philippines,
PCASH & PAYLITE LENDING INC.,1059,Philippines,
PCMP LOANS AND CREDIT SERVICES CORP.,592,Philippines,
PDN LENDING INVESTOR CORPORATION,894,Philippines,
"PDSM LENDING INVESTOR, INC.",361,Philippines,
PEACAN LENDING INC.,2420,Philippines,
PEARL LOAN SOLUTIONS INC.,2108,Philippines,
PEARTH LENDING CORP.,098,Philippines,
PECUNIOUS LENDING CORPORATION,837,Philippines,
PEGGERS LENDING INC.,1588,Philippines,
PEMSI LENDING INVESTORS INC.,777,Philippines,
PENCARICH LENDING CORPORATION,507,Philippines,
PEOPLE'S POPULAR AND RELIABLE CREDIT CORP.,1155,Philippines,
PeopleFirst Lending Corporation,3020,Philippines,
PERA LOAN 7 LENDING CORP.,3095,Philippines,
PERA PO LENDING CORPORATION,3354,Philippines,
PERA SAYO LENDING INC.,2790,Philippines,
PERA247 LENDING CORPORATION,2582,Philippines,
PERAJET LENDING CORPORATION (FORMERLY: PERAJET CONSULTANCY CORPORATION),2639,Philippines,
PERAPAY LENDING CORPORATION,L-21-0029-91,Philippines,
"PERENA-ABELLA GENTRY LENDING INVESTOR, INC.",563,Philippines,
Perennis Divitiae Lending Corp.,2908,Philippines,
PERSONAL LENDING INVESTOR INC.,1322,Philippines,
Pesmerga Lending Corp.,2750,Philippines,
Peso 101 Lending Services Inc.,3183,Philippines,
PESO LEGEND LENDING CORPORATION,2754,Philippines,
PESOLOAN BIGSAVINGS LENDING CORP.,3332,Philippines,
PesoMat Lending Corp. Doing business under PesoMat,3185,Philippines,
PESOPAL LENDING Corp.,L-23-0507-19,Philippines,
PETIT INTERE LENDING CORP.,1537,Philippines,
PETRA PRESTAMO DE DINERO INC.,2733,Philippines,
PETRONA GROUP LENDING CORPORATION,3468,Philippines,
Petrus Paulus Lending Corporation,3008,Philippines,
PGE SONS LENDING SERVICES INC.,3470,Philippines,
PGJ LENDING AND TRADING CORP.,2527,Philippines,
"PHAUFAR LENDING, INC.",692,Philippines,
PHCV LENDING CORP.,467,Philippines,
PHIL COLLATERAL LOAN INC.,767,Philippines,
PHIL LENDING 101 CORPORATION,772,Philippines,
PHIL-SING LOAN AND CREDIT INC.,2248,Philippines,
"PHIL-UK LENDING INESTORS, INC",485,Philippines,
PHIL. EARNS LOANS AND CREDIT SERVICES INC.,1355,Philippines,
PHILCAM LENDING INVESTOR CORP.,073,Philippines,
PHILCREST LOANS CORP.,1782,Philippines,
"PHILEND LENDING INVESTORS, INC.",1714,Philippines,
PHILINDIA EXPRESS LENDING CORPORATION,2494,Philippines,
PHILINE LENDING INVESTOR INC.,1730,Philippines,
Philippine Cashtrout Lending Corporation,3015,Philippines,
Philippine EverPeso Lending Corporation,3070,Philippines,
Philippine Senyu Credit Lending Corporation,3137,Philippines,
PHILIPPINE TOP PLATINUM LENDING CORPORATION doing business undeer the name and style of Prime Loan Plus (formerly: PHILIPPINE TOP PLATINUM LENDING CORPORATION),1899,Philippines,
Philippine Vastness Lending Corporation,3158,Philippines,
PHILIPPINE WATERS LENDING CORPORATION,499,Philippines,
PHILIPPINE'S GREAT AND FRIENDLY LENDING CORP.,1856,Philippines,
Philippines Consumer Lending Corporation,3100,Philippines,
PHILLIP LENDING INVESTOR CORPORATION,623,Philippines,
PHILMOUNT CREDIT CORPORATION,1554,Philippines,
PHILOCEANIC LENDING CORP.,1889,Philippines,
PHILPAK GLOBAL LENDING CORPORATION,3259,Philippines,
PHILPAK MICRO LENDING CORPORATION,751,Philippines,
PHILROOT CROP PLANTERS LENDING CORP.,1527,Philippines,
PHILTIMES CREDIT CORPORATION,961,Philippines,
"PHILVENUE LENDING AND MARKETING, INC. DOING BUSINESS UNDER THE NAME AND STYLE OF PHILVENUE",1031,Philippines,
PHILWAY GRANT LENDING CORP.,3344,Philippines,
PHOENIX LENDING INVESTOR CORPORATION,2923,Philippines,
PHP LENDING INC.,L-21-0028-44,Philippines,
PICULET LENDING CORPORATION Doing business under the name and of LOANARDO,3209,Philippines,
PILIPINAS HERITAGE LENDING INC.,1966,Philippines,
PINAS EASY CASH LENDING CORP.,L-23-0465-99,Philippines,
PINK APPLES LENDING CORPORATION,1025,Philippines,
PINK DEMER LENDING SERVICES CORPORATION,1840,Philippines,
PINOY LENDING CENTER CORP.,694,Philippines,
PINOY LUMINARIES LENDING INC.,3378,Philippines,
PINOYLOAN LENDING COMPANY INC.,1415,Philippines,
PIRAJA RL LENDING CORP.,2760,Philippines,
PITMEL CREDIT CORP.,828,Philippines,
PIVOT MICRO LENDING INVESTORS CORPORATION,3500,Philippines,
PJF LENDING INC.,3143,Philippines,
PJH LENDING CORPORATION,CEO-168,Philippines,
PK GLOBAL CREDIT INC. (FORMERLY: PK TURNING POINT CREDIT INC.),2055,Philippines,
PLAN ADMINISTRATOR INSTRUCTION'S LENDING CORPORATION,404,Philippines,
PLATINUM CREDITPLUS LENDING CORPORATION,1536,Philippines,
Pledge Fund Lending Corp.,3062,Philippines,
"PLEDGE LENDING INVESTOR, INC.",193,Philippines,
PLENTINA LENDING INC.,3266,Philippines,
PLUM CREDIT AND LENDING CORPORATION,2982,Philippines,
PLUSCASH LENDING CORPORATION,855,Philippines,
PLUTUS CAT LENDING CORP. DOING BUSINESS UNDER PLUTUS CAT LENDING AND PLUTUS CAT LENDING INVESTOR,3189,Philippines,
"PMC UNIFIED LENDING INVESTORS, INC.",314,Philippines,
PMD FILOMENA LENDING CORP.,3321,Philippines,
PND FAMILY LENDING CORP.,3040,Philippines,
PNJ INT'L. LENDING CORP.,424,Philippines,
PNT LENDING INVESTOR CORPORATION,652,Philippines,
PODER CINCO 18 LENDING CORPORATION,2835,Philippines,
Polaris Lending and Credit Inc.,2997,Philippines,
POLIBALLES LENDING INC.,2020,Philippines,
POLYCENTRIK LENDING CORPORATION,580,Philippines,
PONA BROS LENDING AND TRADING CORP.,1106,Philippines,
Pondo Pinoy Lending Corp.,L-23-0464-91,Philippines,
PONDUAN LENDING CORPORATION,458,Philippines,
PORT CITY CREDIT AND LOANS CORPORATION,1303,Philippines,
PORTNAVI LENDING INVESTOR INC.,1329,Philippines,
POSITIVE PULSE ACTIVE LENDING CORPORATION,1662,Philippines,
POWELBENJO LENDING CORP.,2104,Philippines,
"POWER LOANS, INC.",2560,Philippines,
POWER SOURCE LENDING INC.,254,Philippines,
Power to the Peso Lending Inc.,3257,Philippines,
POWERHAND MICRO LENDING CORP.,1280,Philippines,
POWERHOUSE LENDING CORPORATION,916,Philippines,
"PPC FARM LENDING, INC.",746,Philippines,
"PPESOLINK LENDING, INC.",2346,Philippines,
PRAB GROVER LENDING INVESTOR AND TRADING CORP.,2277,Philippines,
PRECIOUS STAR LENDING CORP.,2406,Philippines,
PRECISE FUND LENDING INC.,3404,Philippines,
PREDOMINANT LENDING INVESTORS INC,2497,Philippines,
PREETI QUICK CASH CORP.,CEO-159,Philippines,
"PREFERRED LENDING, INC.",1319,Philippines,
PREMIER CASH PROVIDER LENDING CORPORATION,3453,Philippines,
Premiercore Credit Lending Inc.,2803,Philippines,
PRESTAMO LENDING CORP.,2736,Philippines,
PRIMA CREDIT LENDING CORP.,L-23-0375-18,Philippines,
PRIMA FINTECH (PHILIPPINES) LENDING CORPORATION,2917,Philippines,
"PRIMAGE LENDING COMPANY, INC. Formerly: Primage Financing Company, Inc.",160,Philippines,
PRIME AMA LENDING CORP.,3353,Philippines,
PRIME C AND R LENDING CORP.,2066,Philippines,
"PRIME CONSORTIUM LENDING INVESTORS, INC.",3028,Philippines,
PRIME JCG CREDIT CORP.,1115,Philippines,
PRIME JRM LENDING INVESTOR INC.,1361,Philippines,
PRIME LOANS INC.,1416,Philippines,
PRIME MACKENZIE LENDING CORP.,3295,Philippines,
PRIME MICRO CREDIT AND LENDING INVESTOR INC.,1320,Philippines,
Prime Swift Mega Lending Corporation,L-23-0482-43,Philippines,
PRIME YDG REGION 3 LENDING INC.,3012,Philippines,
PRIMEBEST LENDING INC.,938,Philippines,
PRIMECOMMERCIAL LENDING CORP.,1501,Philippines,
PRIMELINE LENDING INVESTORS INC.,1533,Philippines,
PRIMETRUST CREDIT CORPORATION,709,Philippines,
PRIMME JJVEMM LENDING CORPORATION,2019,Philippines,
PRIMO CASH LENDING CORP.,L-21-0058-158,Philippines,
PRINCESS GURLEEN LENDING CORP.,2542,Philippines,
PRINCESS TARHATA LENDING CORPORATION,2506,Philippines,
PRINCESS WAYS AND ANSWER LENDING CORP.,1620,Philippines,
PRINLOMIKE LENDING COMPANY INC.,2488,Philippines,
PRIORITY DIRECT LOANS CORPORATION,1061,Philippines,
PRIORITY1 LENDING CORP.,1526,Philippines,
PRIUS LENDING CORPORATION,1027,Philippines,
PROCAP LENDING CORPORATION,786,Philippines,
PRODUCTIVE RESOURCES MICROLENDING INC.,2496,Philippines,
"PROFESSIONAL FUNDING SERVICES, INC.",1257,Philippines,
PROFICIO MICRO LENDING CORPORATION,1313,Philippines,
PROLENDERS CORPORATION,2192,Philippines,
"PROMETHEUS MICRO LENDING GROUP, INC.",725,Philippines,
"PROMPT SOLUTIONS LENDING INVESTORS, INC.",110,Philippines,
PROSAMARITAN LENDING CORPORATION,1109,Philippines,
PROSPERITY AND SUCCESS LENDING INVESTOR CORPORATION,2643,Philippines,
PROSPERLINK CREDIT CORPORATION,108,Philippines,
PROSUM INTERNATIONAL LENDING SERVICES INC.,1530,Philippines,
PROVETCREDIT INC.,708,Philippines,
PROVIDENCE MICROLOANS INC.,1385,Philippines,
PROVIDENCE SPEED SERVICE LENDING CORP.,1603,Philippines,
PROVIDENTCAPITAL LOANS CORPORATION,495,Philippines,
PROVIDENTIAL CREDIT RESOURCES AND SERVICES CORP.,180,Philippines,
PROVITA AG LENDING CORPORATION,2708,Philippines,
PROWEALTH LENDING CORPORATION,L-22-0197-45,Philippines,
PRS QUICK CASH CORPORATION,613,Philippines,
PS SINGH LENDING CORPORATION,2822,Philippines,
PTCO-FAST LOAN LENDING CORP.,3287,Philippines,
PUNJAB HARYANA LENDING CORP.,2096,Philippines,
PUNJAB LENDING CORPORATION,879,Philippines,
PURE INNOVATION CREDIT CORPORATION,1787,Philippines,
PURECASH LENDING CORPORATION,CEO-001,Philippines,
PUREGOLD HIVE LENDING INVESTOR INC.,1560,Philippines,
PURELINE TREND CREDIT CORPORATION,1648,Philippines,
PURISIMA LENDING CORP.,1279,Philippines,
PXT LENDING INVESTORS INC.,2651,Philippines,
QCREDIT CORP.,2617,Philippines,
QianTang (Philippines) Lending Inc.,2995,Philippines,
QLD Lending Corporation,L-22-0273-76,Philippines,
QP LENDING INC.,L-23-0328-15,Philippines,
QUADRANT LENDING CORPORATION,L-23-0492-42,Philippines,
QUALIFIED LENDING CORPORATION,818,Philippines,
QUALITY LENDING CORPORATION,365,Philippines,
Quant Group Lending Co. Ltd. Inc.,2816,Philippines,
QUANTUM ASIA PACIFIC LENDING INC.,1437,Philippines,
QUEENCHEY LENDING CORPORATION,568,Philippines,
"QUEZON APC LENDING COMPANY, INC.",425,Philippines,
QUEZON SUNRISE LENDING CORPORATION,948,Philippines,
QUIANIL SKYLINE LENDING INVESTORS INC.,1015,Philippines,
QUICK KASH LENDING CORP.,2891,Philippines,
QUICK SOLUTIONS MICRO-LENDING INC.,L-22-0227-38,Philippines,
QUICKASIA LENDING CORPORATION,430,Philippines,
QUICKBUCKS LENDING INVESTOR CORPORATION,2697,Philippines,
QUICKLEND PHILIPPINES INC.,040,Philippines,
"QUICKLENDING, CORP.",936,Philippines,
QUICKLINE SERVICE LENDING CORP.,2716,Philippines,
"QuickPera Lending Corp. doing business under the name/s and style/s of CreditNow Lending, Mobipera Lending, Simplcash Lending, GGcash Lending, SpotloanLending and loanhub lending",L-23-0460-59,Philippines,
QUICKRELEASE LENDING CORP.,1898,Philippines,
QUICKVIEW LOAN AND CREDIT CORPORATION,1772,Philippines,
QUIK CAPITAL CREDIT CORP.,CEO-006,Philippines,
"R & D PAUTANGAN LENDING, INC.",1174,Philippines,
"R & F LENDING INVESTOR OF BUKIDNON, INC.",578,Philippines,
R & G GOODWILL CREDIT & LOANS INC.,1489,Philippines,
R AND L MATHEWS CREDIT CORPORATION,2325,Philippines,
R and V Lending Investor Inc.,3406,Philippines,
R N G GOLD EN LENDING CORPORATION,3238,Philippines,
R-LIND LENDING CORPORATION,L-23-0404-20,Philippines,
R. A. NAVARRO EASY LOAN SERVICES CORP.,291,Philippines,
R. BANADERA PEREZ LENDING CORP.,604,Philippines,
R. ELOISA LENDING CORPORATION,525,Philippines,
R. EXPRESS LENDING HOUSE CORPORATION,357,Philippines,
R.E. CREDIT CORPORATION,476,Philippines,
"R.F.E. LENDING INVESTOR, INC.",697,Philippines,
R.L. AGGREGATES AND DIVERSIFIED LENDING GROUP INC.,3343,Philippines,
R.M.C. LENDING GROUP PHILS. INC.,1476,Philippines,
R.R. RICAFORT LENDING CORPORATION,3376,Philippines,
R.S. LENDING CORPORATION,462,Philippines,
R31 CREDIT SERVICE INC.,2470,Philippines,
RA YU LENDING Corp.,2900,Philippines,
RACATOM LENDING CORP.,2763,Philippines,
RaddPlus Lending Corporation,3253,Philippines,
RADIANT BONUS CREDIT CORPORATION,957,Philippines,
"RAFA-RAQUEL LOANS & CREDIT, INC.",355,Philippines,
RAGIN DIPOLOG CREDIT CORPORATION,117,Philippines,
RAHUL MONICA LENDING INVESTOR CORP.,2041,Philippines,
"RAINBOW BRIGHT LENDING AND TRADING, INC.",798,Philippines,
"RAIZIVEN LENDING INVESTORS, INC.",1232,Philippines,
RAJ-BRAR & FRIENDS LENDING AND TRADING CORP.,2469,Philippines,
RAJAN SIDHU LENDING INVESTOR AND TRADING CORP.,2538,Philippines,
RAJINDRA LENDING PHILS. CORP.,2327,Philippines,
RAJSHREE LENDING CORP.,2287,Philippines,
RAKHMEM LENDING CORPORATION,1694,Philippines,
RAMADA GOODWILL CREDIT CORP.,,Philippines,
RAMCO LENDING INVESTOR CORPORATION,1439,Philippines,
RAMM ONE LENDING CORP.,1942,Philippines,
RAMONA CREDIT CORPORATION,075,Philippines,
RAMZCHRIS LENDING CORPORATION,463,Philippines,
RAPIDFUND CREDIT CORPORATION,2837,Philippines,
Rapido Lending Investor Corporation,3060,Philippines,
"Rarlon Lending Corporation doing business under the name/s and style/s of PesoAssist Lending, PesoSafe Lending, MegaPeso Lending, InstantPeso Lending, PesoWise Lending, PesoMint Lending, PesoGold Lending, LoanGenius Lending, PesoSense Lending, PesoCoin Lending, CreditPath Lending and CreditTap Lending",L-23-0537-88,Philippines,
"RARR CREDIT AND LOANS, INC.",512,Philippines,
RASULPURIA SIDHU LENDING CORPORATION,1896,Philippines,
RATAUL LENDING INVESTOR AND TRADING CORP.,2541,Philippines,
RAY OF HOPE LENDING CORPORATION,1877,Philippines,
RAYOGRAME LENDING CORPORATION,L-23-0390-20,Philippines,
RCA LENDING CORPORATION,2764,Philippines,
RCC CREDITLINE CORP.,1346,Philippines,
RCC TRUST LOAN AND CREDIT CORP.,1317,Philippines,
"RCCJ LENDING, INC.",650,Philippines,
RCM CREDIT LINE CORP.,1956,Philippines,
"RCS LENDING INVESTORS, INC.",CEO-084,Philippines,
RCT QUICK LOAN & LENDING CORPORATION,1004,Philippines,
RD ULTRA CREDIT AND LOANS CORPORATION,2416,Philippines,
REAGLE GROUP LENDING INCORPORATED,1454,Philippines,
REALCASH LENDING CORP.,644,Philippines,
REALJ'S LENDING CORPORATION,1029,Philippines,
REANRAMZ LENDING CORPORATION,047,Philippines,
REBECCA & OISHI LENDING INVESTOR CORPORATION,1163,Philippines,
REBO LENDING INVESTOR CORPORATION,1096,Philippines,
RED ARROW DESTINY LENDING CORPORATION,732,Philippines,
RED ONE LENDING INVESTOR INC.,L-22-0231-20,Philippines,
"REDCOIN LENDING INVESTOR, INC.",192,Philippines,
"REDWINE LENDING INVESTOR, INC.",1630,Philippines,
REEGI LENDING INVESTORS INC.,2446,Philippines,
REELIANA LENDING INC.,L-22-0235-22,Philippines,
REINA Lending Corporation,L-22-0255-89,Philippines,
REL CREDIT CORPORATION,769,Philippines,
RELIABLE CREDIT (R.C.) MICROLENDING CORPORATION,1914,Philippines,
"RELIABLE, EQUITABLE, AND ACCESSIBLE CREDIT HOUSE (REACH) INCORPORATED",2044,Philippines,
"RELIANCE LENDING COMPANY OF LUCENA CITY, INC.",834,Philippines,
RELM DIPOLOG LENDING CORP.,927,Philippines,
RELUCIO'S READY CREDIT AND GENERAL SERVICES INC.,2239,Philippines,
"REMITTANCE AND LENDING PARTNER, INC.",543,Philippines,
RENAN VENTURES CREDIT CORPORATION,2227,Philippines,
RENN LENDING CORPORATION,384,Philippines,
RENY LENDING CORPORATION,2616,Philippines,
REPESA LENDING INVESTOR CORPORATION,1131,Philippines,
RESA LENDING CORPORATION,L-23-0417-26,Philippines,
RESERVE LENDING CORPORAITON,2724,Philippines,
RESPONSIVE INITIATIVES FOR SOCIAL EMPOWERMENT (RISE) LENDING CORPORATION,1573,Philippines,
"RESTALEE LENDING INVESTORS, INC.",306,Philippines,
REYLIEF LENDING CORPORATION,1406,Philippines,
REYLINA LENDING CORPORATION,1631,Philippines,
REYNAN-CLARISSE LENDING CORP.,1873,Philippines,
RG BANGALON LENDING INVESTOR CORP.,1183,Philippines,
RGG Credit Inc.,3076,Philippines,
RGT_LENDING INVESTOR INC.,296,Philippines,
RHENE AND BLESILDA LENDING CORPORATION DOING BUSINESS UNDER THE NAME AND STYLE OF RB LOAN CENTER,1919,Philippines,
RHUHA LENDING INVESTORS CORPORATION doing business under the name/s and style/s of Rhuha Lending Investors,L-21-0071-83,Philippines,
RIALFE LENDING CORPORATION,929,Philippines,
RIAR AND RT LENDING INC.,2122,Philippines,
"RICEN LENDING INVESTOR, INC.",182,Philippines,
RICHARD RUFIN GLOBAL LENDING CORPORATION,505,Philippines,
RICHLY PROVIDES LENDING CORPORATION,2994,Philippines,
RICHYNIELLE LENDING INVESTOR CORPORATION,1070,Philippines,
RIGHT EQUITABLE AND DIRECT SERVICES (REDS) LENDING CORPRATION,1654,Philippines,
RIGHT LEND LENDING CORPORATION,L-23-0360-99,Philippines,
RIGHT RESOURCES MICRO-CREDIT CORP.,1561,Philippines,
Rightwealth Lending Corporation,2996,Philippines,
RIJISA LENDING INVESTOR CORPORATION,1034,Philippines,
RIK LENDING INVESTORS INC.,1664,Philippines,
RIKHIKESH LENDING AND TRADING PHILS INC.,2060,Philippines,
RIQUEZA MICRO LENDING CORP.,3491,Philippines,
RISE - GROW NEGOSYO MICROLENDING INC.,2476,Philippines,
RISE-UP CREDIT SOLUTIONS INC.,1511,Philippines,
RIYA JEED KHAIRA LENDING CORPORATION,2048,Philippines,
RIZ O MEL LENDING CORPORATION,896,Philippines,
RIZAL A+ CREDIT CORPORATION,1284,Philippines,
RIZSOM 1926 LENDING CORPORATION,2071,Philippines,
RJ & FAMILY LENDING CORPORATION,L-23-0338-63,Philippines,
RJ MICRO LENDING CORPORATION,022,Philippines,
RJ RUSH LENDING CORPORATION,1883,Philippines,
RJAM LENDING INC.,3220,Philippines,
RJFM ILLUSTRISIMO EASYCASH LENDING CORP.,3356,Philippines,
RJH LENDING CORP.,684,Philippines,
RJJM LENDING GROUP INC.,L-22-0162-56,Philippines,
"RJMITZ PHIL'S LENDING INVESTOR, INC.",1827,Philippines,
RJV Lending Corporation,3285,Philippines,
RK FUND LENDING CORPORATION,2623,Philippines,
RL DAMAOLAO LENDING CORPORATION doing business under the name and style of CARIÑOSA MC MICROLENDING,1909,Philippines,
"RL VISION LOANS-BOHOL, INC.",L-21-0068-88,Philippines,
RLC ALLIED LENDING CORPORATION,L-22-0311-63,Philippines,
RLD LENDING AND TRADING CORPORATION,2614,Philippines,
RLM MICRO LENDING CORPORATION,L-23-0457-19,Philippines,
RLS Lending Investors Corp.,2794,Philippines,
RM Ourbet Lending Corp.,,Philippines,
"RM-CLAB LENDING INVESTORS, INC.",282,Philippines,
RMG LENDING CORP.,3405,Philippines,
RMG Lending Corporation,L-23-0337-72,Philippines,
RMJ URDANETA CITY PRIME LENDING CORPORATION,105,Philippines,
RMQ MICROLENDING CORP.,2076,Philippines,
RMT CASHLINE LENDING CORP.,1423,Philippines,
RN-CT LENDING INVESTOR CORP. (FORMERLY: RN-CT FINANCE CORPORATION),1349,Philippines,
RND EXPRESS LENDING Corporation,3048,Philippines,
RnV Lending Inc.,2970,Philippines,
"RO-AN DIRECT LOANS, INC.",224,Philippines,
ROBACOR CREDIT CORPORATION,3310,Philippines,
ROCKSHED LENDING INVESTORS CORPORATION,1783,Philippines,
ROCKWELL CREDIT AND LOAN INC.,986,Philippines,
RODAN PRIME CREDIT AND LOAN CORPORATION,2175,Philippines,
RODRED LENDING AND ENTERPRISES CORP.,2719,Philippines,
ROJUMICRO LENDING CORP.,1396,Philippines,
RONALYN AND FRIENDS LENDING AND TRADING CORP.,2115,Philippines,
RONDALO LENDING INC.,707,Philippines,
"RONMARK LENDING INVESTORS, INC.",308,Philippines,
ROQUE PANILAWON LENDING CORPORATION,3360,Philippines,
Rosa-Mayleen' Lending Corporation,3146,Philippines,
ROSARIO S. CO LENDING INVESTOR INC.,CEO-010,Philippines,
"ROSE LOW COST LENDING, INC.",1834,Philippines,
"ROSE MICRO-LENDING HOUSE, INC.",406,Philippines,
ROSSEN LENDING CORPORATION,1504,Philippines,
ROTHEL CASH LENDING INC.,883,Philippines,
Round Circle Lending Corp.,3263,Philippines,
"ROXAS BOULEVARD CREDIT & LENDING, INC.",023,Philippines,
ROYAL ALLIANCE CREDIT LOANS CORP.,1871,Philippines,
ROYAL CROWN LENDING INVESTOR CORPORATION,1438,Philippines,
ROYAL KING A ONE LENDING AND TRADING CORP.,2599,Philippines,
Royal Yohoo Lending Investors Corporation,2940,Philippines,
ROYALE GHUMAN LENDING AND TRADING CORP.,2402,Philippines,
ROYALE SAFYREE LENDING CORP. (FORMERLY: SAFYREE LENDING CORPORATION),1886,Philippines,
RPAX Fund LendingCorp.,2887,Philippines,
RPC LENDING CORP.,2010,Philippines,
RPS PRIME SHARES LENDING CORP.,1862,Philippines,
"RPT LENDING INVESTOR, INC.",612,Philippines,
RR10 Lending Services Inc.,3313,Philippines,
RS GRANDE ROYAL LENDING CORP.,2206,Philippines,
RS HOTHI LENDING INC.,2602,Philippines,
RS LIFIX LENDING CORP.,3393,Philippines,
RSA INIFINITE FUNDS CREDIT & LENDING CORPORATION,L-22-0326-95,Philippines,
RSA LENDING CORPORATION,471,Philippines,
RSA PROSPERITY MICROLENDING PHILIPPINES INCORPORATED doing business under the name/s and style/s of RSA PROSPERITY LENIDNG (formerly:RSA PROSPERITY MICROLENDING PHILIPPINES INC.),2613,Philippines,
RSC ALLIANCE LENDING CORPORATION,2775,Philippines,
RShare Lending Corporation,3127,Philippines,
RSR4 ASCEND LENDING CORP.,L-22-02600-44,Philippines,
RT FLOEN LENDING INVESTOR CORPORATION,3490,Philippines,
RT GREVECKE MICRO-LENDING CORP.,1763,Philippines,
RTU LOANS AND LENDING INVESTOR INC.,2379,Philippines,
"RTV LENDING INVESTORS, INC.",839,Philippines,
Rud-Zen Lending Corp.,,Philippines,
RUDRAKSH LENDING CORPORATION,2322,Philippines,
RURAL DEV'T. LENDING INVESTORS INCORPORATED,1522,Philippines,
RURKA LENDING AND TRADING CORPORATION,2366,Philippines,
"RUSCO LENDING , INC.",CEO-270,Philippines,
RUSTWINE CREDIT LENDING CORPORATION,3452,Philippines,
RV BAYANIHAN LENDING CORPORATION,376,Philippines,
RVD Crowley Lending Investor Corporation,2817,Philippines,
RVMRF CREDIT CORPORATION,2125,Philippines,
Ryan's Better Lending Inc.,2892,Philippines,
"RYBA LENDING INVESTOR LUCENA, INC.",1596,Philippines,
RYL SIXTY EIGHT LENDING CORP.,2201,Philippines,
RZJEM LENDING INC.,706,Philippines,
"S & P CITY LENDING COMPANY, INC.",L-23-0418-38,Philippines,
S & S METRO CREDIT INC.,1488,Philippines,
S PLACE LENDING CORPORATION,267,Philippines,
S-GILL LENDING CORP.,2241,Philippines,
S.A. MALON LENDING CORP.,963,Philippines,
S.B. DE LEON CREDITS AND LENDING CORP.,3415,Philippines,
S.S. MAGAR LENDING CORP.,2326,Philippines,
S3S LENDING CORPORATION,L-22-0157-25,Philippines,
SAAB SARPANCH LENDING INVESTOR CORP.,2283,Philippines,
SAB LENDING SERVICES INCORPORATED,3219,Philippines,
SABUKOT LENDING CORPORATION,2174,Philippines,
SAC PREMIER LENDING CORPORATION,3446,Philippines,
SADHRA JAI SACHIDANAND LENDING INC.,2243,Philippines,
SAFE SAVOY CREDIT INC.,1722,Philippines,
SAFETYNET LENDING CORPORATION,L-23-0407-94,Philippines,
SAGIP BUHAY OVATION CREDIT CORPORATION,639,Philippines,
SAHEED BHAGAT SINGH LENDING AND TRADING CORP.,2383,Philippines,
SAHIL PALAK LENDING INVESTOR CORP.,2584,Philippines,
SAI LIFE LINE INTERNATIONAL LENDING INVESTOR AND TRADING CORP.,2386,Philippines,
SAI MINDORO LENDING PHILS. INC.,2445,Philippines,
SAI-RAM BABAJI CREDIT INVESTORS CORP.,2554,Philippines,
SAKO LENDING CORPORATION,3477,Philippines,
SAKURA BODIONGAN GONZALES LENDING CORPORATION,1292,Philippines,
SALARY ADVANCEMENT LENDING INCORPORATED,L-23-0352-65,Philippines,
Salary EX. Lending Corporation,2841,Philippines,
Salazar & Servacio Lending Corporation,L-23-0371-47,Philippines,
"SALES LENDING INVESTOR, INC.",465,Philippines,
"SAMAT LENDING INVESTOR, INC.",1210,Philippines,
SAMBRIYA LENDING CORPORATION,943,Philippines,
SAMHARA AND MOKSHA LENDING INVESTOR INC.,1239,Philippines,
SAMPALOC LENDING INVESTOR INC.,472,Philippines,
SAMRA GREWAL LENDING CORP.,2300,Philippines,
SAMRA LENDING AND TRADING CORP.,2530,Philippines,
SAN BABILA LENDING CORP.,545,Philippines,
SAN CHUAN LOAN & CREDIT SERVICES CORP.,1357,Philippines,
SAN MATEO EXPRESS CREDIT INC.,1852,Philippines,
SAN MATIAS CREDIT CORPORATION,548,Philippines,
SAN VICENTE LENDING INVESTOR CORPORATION,1030,Philippines,
SANCRUZ CREDIT INC.,2492,Philippines,
SANDHU & HANDA LENDING CORP.,L-22-0135-89,Philippines,
SANDHU GURPREET LENDING AND TRADING CORP.,2116,Philippines,
SANDIGAN NATIN LENDING INVESTORS INC.,1534,Philippines,
SanFACT Loan Lending Corporation,3201,Philippines,
SANGGIR ADDAAN GAGAR ITI PANAGRANG-AY LENDING INC.,L-22-0209-22,Philippines,
SANGHA-SHERGILL LENDING INVESTOR CORP.,2188,Philippines,
"SANGMITHI LENDING INVESTOR, INC.",359,Philippines,
SANJIT LENDING AND ENTERPRISES INC.,2533,Philippines,
SANPABLO SUPERIOR LENDING CORP.,245,Philippines,
SANQUINTIN LENDING INC.,1223,Philippines,
SANT BABA DALEAR LENDING AND TRADING CORP.,2513,Philippines,
SANT BALVIR LENDING AND TRADING CORP.,1343,Philippines,
SANT TARA JI LENDING INVESTOR CORP.,2910,Philippines,
SANTA FE NV LENDING CORP.,2795,Philippines,
SANTONIÑO PASAY MICROLENDING CORP.,1974,Philippines,
SANTOS GERONIMO LENDING INVESTORS INC.,L-21-0024-69,Philippines,
SANTOSHI MAA LENDING CORP.,1523,Philippines,
SANTUWALA DOOR TO DOOR LENDING CORP.,2421,Philippines,
SARALINA LENDING CORPORATION,L-22-0291-67,Philippines,
SARBAT DA BHALA LENDING AND TRADING CORP.,2571,Philippines,
SARTAJ LENDING INC.,2231,Philippines,
"SASMUAN LENDING SERVICES, INC.",1444,Philippines,
SATLUJ LENDING INVESTOR AND TRADING CORP.,2451,Philippines,
SATNAM ANAMI LENDING AND TRADING CORP.,2413,Philippines,
SATNAM LENDING INVESTORS CORPORATION,2655,Philippines,
SATYAM L.U. LENDING CORPORATION,2256,Philippines,
SAVE MORE LOANS AND CREDIT CORPORATION,584,Philippines,
SAVENCIO LENDING CORP.,2014,Philippines,
SAVIOUR MONEY LENDING INCORPORATION,L-22-0196-24,Philippines,
SAWGER TALWAR LENDING CORP.,2540,Philippines,
SAYRICARN LENDING CO. OF MIMALIN ABE INC.,L-21-0041-12,Philippines,
SBH LENDING CORPORATION,318,Philippines,
SC LENDING CORPORATION,437,Philippines,
SCE Lending Company Inc.,L-22-0316-64,Philippines,
SCMS LENDING CORPORATION,3469,Philippines,
SCORPION LENDING INVESTOR CORP.,3205,Philippines,
"SCORZ LENDING INVESTORS, INC.",1738,Philippines,
"SCV LENDING, INC.",2351,Philippines,
SDUBB LENDING INCORPORATED,2348,Philippines,
SEALTIEL MICROLENDING CORPORATION,1925,Philippines,
SEAN KIM CREDIT AND LOANS CORPORATION,897,Philippines,
SEARCHLIGHT LENDING INC.,413,Philippines,
SEAROCK LENDING CORPORATION,2232,Philippines,
SECURETRUST CAPITAL LENDING CORP.,410,Philippines,
"SEED OF HOPE CREDIT, INC.",1798,Philippines,
"SEENER LENDING INC. DOING BUSINESS UNDER THE NAME AND STYLE OF POPISO, MOLLIPERA AND KEYLOAN",L-23-0357-70,Philippines,
SEJV LENDING CORPORATION,2825,Philippines,
SEKHON AND DHILLON LENDING INVESTOR AND TRADING CORP.,2486,Philippines,
SELLSIA LENDING INC.,1979,Philippines,
SENIORA LENDING CORP.,1666,Philippines,
SENTRO SA KAUNLARAN NG DIGNIDADLABAN SA AKTIBONG KAHIRAPAN (SIDLAK) LENDING INC.,L-21-0052-30,Philippines,
SEPA FAMILY LENDING CORPORATION,3345,Philippines,
SEPHANN LENDING CORPORATION,CEO-013,Philippines,
SEPHINE LENDING SERVICES CORPORATION,2636,Philippines,
SEPIAH CREDIT LENDING CORPORATION,3450,Philippines,
SEPTEM VEL PLURIBUS LENDING CORP.,3086,Philippines,
SERAJ LENDING INVESTOR INC,CEO-004,Philippines,
SERVE AND CARE LENDING INC.,3359,Philippines,
SERVIAM LENDING INC.,1599,Philippines,
SEVEN 23 LENDING CORPORATION,L-22-0205-30,Philippines,
SEVEN GRAND CREDIT CORPORATION,L-21-0040-13,Philippines,
SEWAK BRAR LENDING AND TRADING CORP.,2323,Philippines,
SEWIN AND DEEPIKA LENDING AND TRADING INC.,2551,Philippines,
"SF and C Lending Corp,",3411,Philippines,
"SFS SIGMA CREDIT, INC.",636,Philippines,
SG GOLDEN CROWN LENDING CORPORATION,1558,Philippines,
SG PRIME ASSIST LENDING INC.,2119,Philippines,
SGB LENDING INVESTOR CO. INC.,076,Philippines,
SHAHBAD LENDING CORP.,2365,Philippines,
SHALI MICROLENDING CORPORATION,1045,Philippines,
"SHANIECE LENDING INVESTOR, INC.",2121,Philippines,
SHANKRA PURI LENDING CORP.,2427,Philippines,
Sharanjit Lending Corporation,2786,Philippines,
SHAREFEY LENDING Corp.,2857,Philippines,
SHAVETA'S LENDING CORP.,1962,Philippines,
SHEAN MICRO LENDING CORPORATION,2868,Philippines,
SHEENA LENDING CORPORATION,CEO-023,Philippines,
SHENELINK MONEY EXPRESS LENDING CORP.,999,Philippines,
SHERISJADE LENDING CORPORATION,2113,Philippines,
SHIASEE LENDING CORPORATION,810,Philippines,
SHIB QUICK CASH CORPORATION,CEO-182,Philippines,
Shield Lending Inc.,2780,Philippines,
SHIFALI LENDING & TRADING CORP.,1907,Philippines,
"SHIHUA GLOBAL LENIDNG INC,",L-22-0257-48,Philippines,
SHILARS LENDING CORPORATION,982,Philippines,
SHILFA AND BROTHER'S LENDING CORPORATION,L-22-0327-18,Philippines,
Shiloh- JBB Lending Corp.,,Philippines,
SHIMBA LENDING INVESTOR AND TRADING CORP.,2180,Philippines,
"SHINICHI LENDING CORPORATION doing business under the name/s and style/s of Shiny Money Lending, Lucky Peso Lending, Lightning loans Lending, Money Move Lending, Tap Pera Lending, Dance Pera Lending, Future Cash Lending, AB Cash Lending and Lend Easy Lending",L-23-0520-48,Philippines,
SHINING SUN LENDING CORPORATION,L-22-0221-49,Philippines,
SHINMEI CREDIT AND LOANS CORP.,133,Philippines,
SHIV KAPIL LENDING INC.,2363,Philippines,
SHIVAM KUMAR SHARMA LENDING CORPORATION,2078,Philippines,
SHOBE LENDING CORPORATION,905,Philippines,
SHONAN PHILIPPINES LENDING CORPORATION,1711,Philippines,
"SHOPPER'S LENDING CO., INC.",885,Philippines,
SHORT CASH MICRO LENDING CORP.,3292,Philippines,
SHORTERM LENDING INC.,2373,Philippines,
SHOWBEEZ LENDING INVESTOR INC.,845,Philippines,
SHRI BABAJI LENDING CORP.,067,Philippines,
SHRI GOBIND LENDING AND TRADING CORP.,2065,Philippines,
SHRI HAR RAI JI LENDING AND TRADING CORP.,2589,Philippines,
SHRI KUBER LENDING Corp.,2776,Philippines,
SHRIKRISHNA LENDING CORPORATION,762,Philippines,
"SHRINE FARGO LENDING, INC.",428,Philippines,
Shukran Lending Corporation,3316,Philippines,
SIBOL MICROLENDING CORP.,1077,Philippines,
SIDH NATH LENDING CORP.,1090,Philippines,
"SIDHU AND NEW MALWA INT""L. LENDING AND TRADING CORP.",2181,Philippines,
SIDHU-RANDHAWA LENDING AND TRADING CORP.,2444,Philippines,
SIDWELL CREDIT AND LOANS INC.,1720,Philippines,
SIERRA VISTA LENDING CORP.,2779,Philippines,
"SIFCOR LENDING INVESTOR, INC.",826,Philippines,
SIGNIFICANT ADAMANT LENDING CORPORATION,3441,Philippines,
SIkap KAagapay sa Pag-asenso (SIKAP) Lending Corporation,L-22-0274-88,Philippines,
SIKAP-SIMULANG I-ANGAT ANG KABUHAYAN AT PAMUMUHAY LENDING CORP.,L-22-0319-31,Philippines,
SIKLOS LENDING GROUP CORPORATION doing business under the name and style of Siklos Lending Group,3409,Philippines,
SILANG MULTI-CREDIT RESOURCES INC.,101,Philippines,
"SILAYSANDIEGO LENDING INVESTOR, INC.",930,Philippines,
SILVER ALLIED LENDING CORP.,2665,Philippines,
Silver Glam Credit and Lending Corporation,L-23-0485-12,Philippines,
SILVER PENNY CARE LENDING CORPORATION,773,Philippines,
SIMRAN BIRRING LENDING SERVICES CORPORATION,2432,Philippines,
SIMRAN HARMAN LENDING CORP.,2387,Philippines,
SIMRAN-SOGI LENDING INVESTOR CORP.,2210,Philippines,
SINAG TALA (ST) MICROLENDING CORPORATION,1951,Philippines,
SING BKP LENDING AND TRADING INC.,2621,Philippines,
SINGH & KAUR LENDING CORPORATION,1305,Philippines,
"SINGULARITY LENDING INC. Doing business under the name/s and style/s of LPeso, Pesoplus, Wecash, Cashnow, Gopeso, Pesofree and Paay Crediti",L-21-0007-15,Philippines,
Sipag Lending Solutions Corporation Doing business,3274,Philippines,
under Sipag.ph,,Philippines,
"SIRTOY LENDING PLUS, INC.",219,Philippines,
SISRACON LENDING INVESTORS INC.,2337,Philippines,
sisters plus 1 lending Corporation,3132,Philippines,
SIX BRIDGES LENDING INC.,3297,Philippines,
SIYLI LENDING INVESTOR CORP.,550,Philippines,
SKY MOLOTS LENDING INC.,2967,Philippines,
SKY PERPETUAL LENDING SERVICES CORP.,1100,Philippines,
SKYBLUE LENDING CORPORATION,1434,Philippines,
SKYCREDIT LENDING CORPORATION,3079,Philippines,
SKYNET LENDING INVESTOR CORP.,816,Philippines,
SKYZONE LENDING CORPORATION,L-22-0294-36,Philippines,
"SMALL BUSINESS LENDING INVESTOR, INC.",516,Philippines,
SMART BUY LENDING & MARKETING CORPORATON,184,Philippines,
SMART CASH CREDIT LINE CORPORATION,1167,Philippines,
"SMART CASH LENDING, INC.",607,Philippines,
SMART ECHOED ASSISTANCE LENDING CORPORATION,1811,Philippines,
SMART KING LENDING CORPORATION,3448,Philippines,
SMART MAB LENDING CORP.,417,Philippines,
SMART PAY LENDING INVESTORS CORPORATION,3054,Philippines,
SMARTY Lending Corporation,3317,Philippines,
SME IMPACT CREDIT (SME-ICC) CORP.,2255,Philippines,
Smiling Face Lending Investor Inc.,2899,Philippines,
"SMITH BELL LOAN RESOURCES, INC.",055,Philippines,
"SML LENDING INVESTORS, INC.",434,Philippines,
"SNAPCASH LENDING ,INC.",2658,Philippines,
"SNOK LENIDNG INC. DOING BUSINESS UNDER THE NAME AND STYLE OF COCOMELOAN, UGOPERA, JOLLYCREDIT AND ACELOAN",L-23-0351-78,Philippines,
"SOARING EAGLE LENDING, INC.",1393,Philippines,
SOCORIN LENDING CORPORATION,731,Philippines,
Sofi Lending Inc.,2990,Philippines,
SOHAL JASVIR LENDING AND TRADING CORP.,1260,Philippines,
"SOHAL, AITAN LENDING AND MERCHANDISING CORP.",2350,Philippines,
SOLANO ERM LENDING CORP.,642,Philippines,
Solar Investors Lending Inc.,2937,Philippines,
SOLID LOANS AND CREDIT CORP.,1348,Philippines,
SOLIDBOND LENDING COMPANY INC.,1464,Philippines,
SOLIDFUND CREDIT INC.,1180,Philippines,
SOMALEX LENDING CORPORATION,2156,Philippines,
SONAKSHI AND SAMAR LENDING CORPORATION,2088,Philippines,
SONGI LENDING INVESTOR CORP.,1894,Philippines,
"SONISAN MICROLENDING, INC.",1913,Philippines,
"SOPHISTAR CREDIT, INC.",1520,Philippines,
SORVILL LENDING INVESTORS CORPORATION,015,Philippines,
SOULCASH LENDING CORPORATION,861,Philippines,
SOUTH EXCHANGE CREDIT & LENDING INVESTOR INC.,025,Philippines,
SOUTHCOAST CREDIT AND LOANS INC.,461,Philippines,
OUTHERN BICOL FAST CASH LENDING CORPORATIO,L-22-0236-92,Philippines,
SOUTHERN LUZON PALM LENDING INC.,1955,Philippines,
SOUTHERN MANAGEMENT LENDING SPECIALIST CORPORATION,340,Philippines,
SOUTHERNBELLE CREDIT CORPORATION,689,Philippines,
SOUTHMIN LENDING CORPORATION,526,Philippines,
SOUTHSTAR UNI CREDIT CORPORATION,898,Philippines,
SOUTHWINDS MICROLENDING CORP.,1876,Philippines,
SOWER LENDING CORPORATION,L-23-0513-86,Philippines,
SPARK GLOBAL LENDING INVESTORS CORPORATION (SGLIC),2666,Philippines,
"SPARKLE LAND CREDIT, INC.",582,Philippines,
SPARTA CREDIT CORP.,1633,Philippines,
SPEARHEAD CREDIT CORPORATION,233,Philippines,
SPECIAL FRONTIER LENDING CORP.,1190,Philippines,
SPEEDLINK VENTURE LOANS CORPORATION,723,Philippines,
SPEEDLOAN GLOBAL LENDING CORP. Doing business under SG Lending C,3392,Philippines,
SPEEDYCASH LENDING PHILS. INC.,1336,Philippines,
SPENDWISELY LENDING INC.,2131,Philippines,
SPENMO BUSINESS LENDING CORPORATION,L-22-0192-99,Philippines,
SPINLENDING PHILIPPINES CORP.,1590,Philippines,
SPRINGVILLE LENDING CORPORATION,170,Philippines,
SPROUT LENDING INC.,3178,Philippines,
SPS FAST CASH LENDING CORP.,1902,Philippines,
SQUARE DEAL CREDIT INVESTOR INC.,980,Philippines,
SRA GANGANAGAR LENDING INC.,2301,Philippines,
SRAN & SIDHU'S LENDING AND TRADING CORP.,2429,Philippines,
SRN INTEGRATED LENDING CORP.,L-21-0090-28,Philippines,
SS ANGAT BUHAY LENDING COMPANY CORPORATION,L-22-0226-41,Philippines,
SS EXPRESS LENDING INC.,577,Philippines,
SS MICRO LENDING CORP.,2109,Philippines,
"SSS EXPRESS CREDIT, INC.",1159,Philippines,
SSS LENDING INVESTOR INC,381,Philippines,
SSS PENSIONADO LOANS CORPORATION,1819,Philippines,
ST. ANTHONY LOANS & INVESTORS CORP.,127,Philippines,
ST. BERNADETTE CREDIT AND LENDING CORP.,276,Philippines,
ST. FERDINAND CREDIT FACILITIES CORP.,030,Philippines,
ST. JAMES MICRO BUSINESS LENDING CORP.,3432,Philippines,
ST. LAURENCE DPL LENDING CORP.,1935,Philippines,
ST. PAUL LENDING CORPORATION,L-22-0148-92,Philippines,
STA. ROSA FIRST INTEGRATED CREDIT INC.,3505,Philippines,
STAN EMIRE LENDING CORPORATION,3385,Philippines,
STAR ASIAN LENDING INCORPORATED,3237,Philippines,
STAR FAMILY LENDING CORPORATION,3394,Philippines,
STARLEND LENDING INC.,L-23-0454-55,Philippines,
STARLUCK CREDIT CORP.,1017,Philippines,
STARMILES EXPRESS LENDING CORP.,2600,Philippines,
STARMORE RG'z LENDING CORPORATION,3472,Philippines,
STARSHIP LENDING INVESTORS INC.,2114,Philippines,
"Stash Lending, Inc.",2806,Philippines,
STEADFAST INNOVATORS LENDING INC.,3016,Philippines,
Stellar Fund Lending Corp.,3141,Philippines,
STELLAR SOLUTIONS LENDING CORP.,3133,Philippines,
STEP UP LENDING CORPORATION,629,Philippines,
STERLING CAR LOAN CORPORATION,167,Philippines,
STERNTALER LENDING COMPANY INC.,784,Philippines,
STIFMCJOANE LENDING CORPORATION,205,Philippines,
STO. CRISTO LENDING INVESTOR INC.,847,Philippines,
STORCK LENDING CORPORATION,1324,Philippines,
STR Star Lending Inc.,2922,Philippines,
STREAMWOOD SAGA LENDING CORP.,991,Philippines,
STREETCORNER LENDING CORP. NEW NAME: STREETCORNER LENDING CORP. DOING BUSINESS UNDER THE NAME AND STYLE OF AKULAKU,1830,Philippines,
STRICKLAND'S LENDING CORPORATION,L-21-0102-92,Philippines,
STRUCTO LENDING INVESTOR CORPORATION Formerly: Structo Financial Enteprises Corporation,043,Philippines,
SUBEDAR LENDING INVESTOR AND TRADING CORP.,2194,Philippines,
SUFFICIENT ECONOMIC RESOURCES FOR VALUE EXCHANGE (S.E.R.V.E.) LENDING CORP.,438,Philippines,
SUGIURA LENDING CORP.,1227,Philippines,
SUGLANI LENDING CORPORATION,2556,Philippines,
SUKHDEV-LUBHAYA LENDING & TRADING CORP.,1964,Philippines,
SUKHKARAN LENDING AND TRADING CORP.,2199,Philippines,
SUKHMAN LENDING CORPORATION,720,Philippines,
SUKHMANI INDIE LENDING AND TRADING CORP.,2517,Philippines,
SUKHMANI LENDING CORP.,1066,Philippines,
SUKHMANI SAHIB LENDING CORPORATION,888,Philippines,
SUKHVIR SINGH SEEME LENDING AND TRADING CORP.,2374,Philippines,
SUKI PLUS MONEY LENDING CORP.,3365,Philippines,
SUMARI LENDING CORPORATION,1841,Philippines,
SUMAWAY MICRO LENDING CORP.,2163,Philippines,
SUMMERSET LENDING INCORPORATED,2906,Philippines,
SUMMIT LENDING CORPORATION,L-23-0405-36,Philippines,
SUN ASIA EXPRESS LENDING INC.,392,Philippines,
SUN-PHIL LENDING INVESTOR AND MANAGEMENT CORPORATION (Formerly: Sun-Phil Investors and Management Corporation),3501,Philippines,
SUN-PHIL LENDING INVESTORS CORPORATION,3173,Philippines,
"SUNBRIGHT LENDING INVESTOR, INCORPORATED",1331,Philippines,
SUNCARE LENDING INVESTOR INC.,616,Philippines,
SUNGER LENDING CORPORATION,CEO-128,Philippines,
SUNINA LENDING CORPORATION,573,Philippines,
SUNLIFE LOANS CORPORATION,733,Philippines,
SUNLINE CREDIT INC.,1200,Philippines,
SunLoan Lending Invertors Corporation,2872,Philippines,
SUNNYVIEW LENDING CORPORATION,1323,Philippines,
SUNRISER LENDING INVESTORS CORP.,2851,Philippines,
SUNSHINE AZARIAH LENDING CORP.,2912,Philippines,
SUNSTAR CREDIT CORPORATION,220,Philippines,
"Sunwealth Lending Investor Inc,",3125,Philippines,
Super Future Lending CORPORATION,3265,Philippines,
SUPER MEGALUCK LENDING CORP.,1470,Philippines,
SUPER NICE LENDING AND TRADING VENTURES INC.,2011,Philippines,
SUPER QUICK LENDING SERVICES CORP.,1149,Philippines,
"SUPER TECH PHILIPPINES LENDING CORP,",3428,Philippines,
SUPER-SPACE PH LENDING INC.,3435,Philippines,
SUPERB PRIME LENDING INC.,L-23-0348-47,Philippines,
SUPERFIN MASTER LENDING INC.,3269,Philippines,
SUPERIOR LENDING CORPORATION,1033,Philippines,
SUPERPRIME CREDIT FUNDS CORP.,859,Philippines,
SUPREME MONEY LENDING CORPORATION,CATCEO-247,Philippines,
SURE FASTLANE LENDING CORP.,1333,Philippines,
SURE LOAN LENDING PHILS. CORP.,1712,Philippines,
Sure Money Lending Investors Inc.,2976,Philippines,
SUREBEST LENDING CORPORATION,523,Philippines,
SURECASH LENDING CORPORATION,074,Philippines,
Surelend Community Micro Lending Inc.,2951,Philippines,
SURGITAL AGENDA 456 LENDING CORPORATION,2118,Philippines,
SURIGAO MICRO CREDIT CORPORATION,1656,Philippines,
SURITY CASH LENDING INVESTORS CORP.,3013,Philippines,
SWARAN & BING LENDING & TRADING PHILS INC.,1836,Philippines,
SWEET PIE LENDING CORPORATION,L-22-0113-41,Philippines,
SWIFT LENDING TECHNOLOGY INC.,3160,Philippines,
SYCHELS LENDING SERVICES INCORPORATED,411,Philippines,
"T-YAE LENDING SERVICES, INC.",CEO-012,Philippines,
T.C.L.C. (THE COMMONER LENDING CORPORATION),794,Philippines,
T.K.A. BROTHERS LENDING CORP.,3004,Philippines,
T'BOLI LENDING INC.,L-23-0450-51,Philippines,
"T&M LOAN FACILITATION SERVICES, INC.",1806,Philippines,
T7 MANILA LENDING CORP.,2828,Philippines,
TAAL Lending Services Corporation,L-23-0535-78,Philippines,
TABANG KITA LENDING CORP.,2389,Philippines,
TABIANG CREDIT CORPORATION,1572,Philippines,
TACLOBAN SIDHU LENDING CORPORATION,421,Philippines,
TAGUM-VISTA LENDING CORPORATION,084,Philippines,
TAIJA LENDING CORP.,L-23-0511-42,Philippines,
TAKAGI LENDING PHIL. INC.,258,Philippines,
"TALA-VERA-MUNAR LENDING, INC.",1992,Philippines,
TAMANG LANDASIN MICROLENDING INC.,2603,Philippines,
TAMARAW CENTERPOINT LENDING CORPORATION (Former: JAS-LUAP LENDING CORPORATION) (AAI approved on 2/17/2020),1043,Philippines,
TANAWAG LENDING CORPORATION,1989,Philippines,
TANAY INDIANS LENDING AND CREDIT CORP.,2294,Philippines,
"TANVIR SOHAL LENDING INVESTOR, INC.",1823,Philippines,
Tapat Lending Investor Inc.,3154,Philippines,
TARAKKI SANGAR DERWAJA LENDING AND TRADING CORP.,2539,Philippines,
"TARLAC A+ LENDING CO., INC.",134,Philippines,
TARNA LENDING INVESTOR CORP.,1327,Philippines,
"TARUN LENDING AND CREDIT, INC.",2590,Philippines,
TATAK BENITO LENDING CORP.,1991,Philippines,
TAWID LENDING CORPORATION,2838,Philippines,
TAYABAS AOM CREDIT CORPORATION,188,Philippines,
TAYKA LENDING INVESTORS INC.,1046,Philippines,
"TayTay Lending Inc. doing business under the name and style of PeraApo, PuluPeso and Vpeso",L-22-0298-26,Philippines,
"TBF AQUILA LENDING AND MARKETING CO., INC.",1240,Philippines,
TEACHERS & WORKERS LENDING HOUSE CORP.,801,Philippines,
"TECHTACK LENDING CORPORATION DOING BUSINESS UNDER THE NAME/S AND STYLE/S OF PERATREE LENDING, RINGCASH LENDING, WECASH LENDING, SODACASH LENDING, CASHCLOUD LENDING AND ANYPESO LENDING",L-23-0359-69,Philippines,
TEKWANG LENDING CORP.,3032,Philippines,
TELAMAESTRA LENDING INVESTORS INC.,3489,Philippines,
TEN K MICRO LENDING CORPORATION,2593,Philippines,
TERESA LENDING INVESTOR CORP.,1146,Philippines,
"Terry and Fritzie Lending Company, inc.",2768,Philippines,
TEZ LENDING INVESTOR INC.,1621,Philippines,
TFDT LENDING INVESTOR CORPORATION,685,Philippines,
"TG EXPRESS COLLECTION SERVICES, INC. (FORMERLY: TG EXPRESS LOANS & CREDIT, INC.)",313,Philippines,
TGT LENDING INVESTOR CORPORATION,910,Philippines,
THE FIRST MINDORO RUFIANS LENDING CORPORATION,1653,Philippines,
THE GFORCE MULTILENDING CORPORATION,L-23-0497-31,Philippines,
THE GREEN FORTUNE LENDING CORPORATION,2205,Philippines,
THE MANDALA LENDING CORP.,3300,Philippines,
"THE MONEY HOUSE LENDING INVESTORS, INC.",1139,Philippines,
THE MONEY JAR LENDING SERVICES CORPORATION,L-22-0156-11,Philippines,
THE ROYAL TREASURE VINTAGE LENDING CORPORATION,L-21-0097-44,Philippines,
THE SEBASTIAN MOTORCYCLE LENDING PHIL. INC.,1617,Philippines,
"THE TRAVELLERS' HIRAM LENDING SERVICES, INC.",975,Philippines,
THEMRAJ LENDING AND MARKETING CORP.,2269,Philippines,
THIND AND NANDHA LENDING INVESTOR CORP.,2207,Philippines,
THIND SINGH LENDING INVESTOR AND TRADING CORP.,2397,Philippines,
THORLOAN CREDIT CORP.,2021,Philippines,
THOSKA CREDIT INC.,1351,Philippines,
THRIFT PLATINUM LENDING CORP.,3380,Philippines,
THRIVING LIFE COMMUNITY LENDING COMPANY INC.,L-23-0353-95,Philippines,
TIBAYAN PROVIDER MICROLENDING (TPML) CORP.,2501,Philippines,
"TIGER CUB LENDING, INC.",695,Philippines,
Tiger Dragon Lending Corp.,L-23-0332-19,Philippines,
"TIGER LAND LENDING INVESTOR, INC.",846,Philippines,
TIGER PAW LENDING CORPORATION,665,Philippines,
TIMBERLAND LENDING INC.,1744,Philippines,
TIMUS NIPHUR LENDING CORPORATION,2253,Philippines,
TIN-TIN LENDING INVESTOR & CREDIT CORPORATION,199,Philippines,
TITAN 888 LENDING CORP.,L-22-0278-99,Philippines,
"TJ LENDING INVESTORS, INC.",1667,Philippines,
TJN MICRO LENDING CORPORATION,2472,Philippines,
TJR LENDING CORPORATION,2798,Philippines,
TLM QUICK LENDING PHILIPPINES INC.,668,Philippines,
TMBE EXPRESS CREDIT CORP.,1855,Philippines,
TMPC Lending Services Inc.,3289,Philippines,
"TODA FAIRY LENDING, INC.",002,Philippines,
TODAY'S CASH GRANT CORP.,1293,Philippines,
TOM LENDING CORPORATION,1111,Philippines,
Tomahawk Lending Investors Corp.,2978,Philippines,
TOMATO LENDING CORPORATION,L-23-0358-27,Philippines,
TOOR AND GILL LENDING CORP.,2712,Philippines,
TOP CAPITAL LENDERS CORPORATION,734,Philippines,
TOP CHOICE LENDING PHILS. INCORPORATED,2159,Philippines,
TOP LINK ASIA LENDING CORPORATION,1608,Philippines,
TOP MEMBER LENDING CORP.,3282,Philippines,
TOP MOST LENDING INC.,1011,Philippines,
TOP NATCH LENDING CORPORATION,L-23-0478-14,Philippines,
TOP PROVIDER MONEY LENDING INC.,165,Philippines,
TOP SUNRISER CREDIT CORPORATION,CEO-126,Philippines,
TOPFUNDS LENDING INC.,351,Philippines,
TOPJUAN LENDING INC.,2929,Philippines,
TOPV Lending Services Corp.,L-22-0261-56,Philippines,
TOTAL MARKETABLE AND RIGHT RESOURCES LENDING INC.,1749,Philippines,
"TR LENDERS CO., INC.",141,Philippines,
TRANS-PHIL CREDIT CORPORATION,1382,Philippines,
TRANSCEND LOANS INC.,080,Philippines,
TRAPEZIUS LENDING CORP.,2173,Philippines,
TREASURE BOWL FINTECH LENDING CORP.,3101,Philippines,
TRES-UNO Lending Inc.,L-23-0442-62,Philippines,
TREXIE_LENDING CORPORATION,583,Philippines,
"TRG MINI LOANS, INC.",399,Philippines,
TRI-ADD BAPET COMMERCIAL LENDING CORP.,1903,Philippines,
"TRI-SUMMIT LENDING INVESTOR, INC.",976,Philippines,
TRICORP LENDING INVESTORS INC.,1069,Philippines,
"TRILIUM LOAN SERVICES, INC.",1063,Philippines,
"TRINITY INTERNATIONAL CREDIT SOLUTIONS, INC.",1208,Philippines,
TRIPHIL LENDING CORPORATION,621,Philippines,
"TRIPLE “A” LENDING, INC.",477,Philippines,
TRIPLE C MICROLENDING CORP.,1568,Philippines,
TRIPOD WESTERN VISAYAS LENDING CORP.,1294,Philippines,
TRISTAR ACCESS RESOURCE LENDING CORPORATION,1767,Philippines,
TRITOWN LENDING CORPORATION,093,Philippines,
TRIUM 888 LOAN SERVICES CORP. FORMERLY: TRIUM 888 FINANCING CORP.),2661,Philippines,
"TRU-ASSIST LENDING COMPANY, Incorporated",3029,Philippines,
TRUCAPITAL CREDIT LENDING CORPORATION,3430,Philippines,
TRUE LINES LENDING CORPORATION,1469,Philippines,
TRUECASH LENDING CORP.,559,Philippines,
TRUEFAITH LENDING INVESTOR CORP.,2390,Philippines,
TRUSTED SOUTH LENDING SERVICES INCORPORATED,3309,Philippines,
Trustworthy Lending Investor Inc.,3203,Philippines,
TRYD LENDING CORPORATION,3308,Philippines,
TS GREWAL LENDING AND TRADING CORP.,2713,Philippines,
TSL LENDING CORPORATION,3418,Philippines,
TUDDAO LENDING CORPORATION,L-22-0142-44,Philippines,
Tulay at Sandigan Lending Corp.,L-22-0282-62,Philippines,
TULONG KABUHAYAN LENDING CORP.,L-23-0456-10,Philippines,
TURNINGPOINT CREDIT CORP.,408,Philippines,
TWELVE-EIGHTEEN CREDIT AND LENDING INVESTOR INC.,1941,Philippines,
TWENTY ONE ZERO EIGHT LENDING CORP.,1594,Philippines,
TWENTY SIX + ONE 27 LENDING CORP.,1562,Philippines,
TWENTY TEN CREDIT CORPORATION,663,Philippines,
TWERK LENDING CORPORATION,1929,Philippines,
TWIN DRAGON ANGELS LENDING CORP.,2933,Philippines,
TWO SEETAK BROTHER LENDING AND MERCHANDISING CORP.,2274,Philippines,
TWO SISTERS LENDING INVESTORS INC.,3241,Philippines,
TYCHEROS Lending Corporation,2920,Philippines,
U LOAN LENDING CORP.,2871,Philippines,
U-PESO LENDING INVESTORS CORP.,2739,Philippines,
U-PESO.PH LENDING CORPORATION,2718,Philippines,
U.L.T.M. Loans Inc.,3325,Philippines,
UCASH LENDING INVESTORS CORP.,3111,Philippines,
UDHAM LENDING AND TRADING INC.,2042,Philippines,
ULC RAPID LENDING COMPANY INC.,2717,Philippines,
ULTIMATE CREDIT LENDING CORPORATION,L-22-0285-14,Philippines,
ULTRARITZ LENDING CORPORATION,521,Philippines,
"Umbrella Lending Investor, Inc.",3068,Philippines,
UNA AMIGO LENDING CORPORATION,L-21-0054-87,Philippines,
UNI FUNDS INCORPORATED,370,Philippines,
UNI-MEGA CASH EXPRESS LENDING CORPORATION,1610,Philippines,
UNIBOND CREDIT CORP.,780,Philippines,
"UNICASH CREDIT, INC.",260,Philippines,
UNICASH FAMILY LENDING CORPORATION,3026,Philippines,
UNIFUND CREDIT CORPORATION,1316,Philippines,
UNIHOPE LENDING SERVICES INC.,189,Philippines,
UNISTAR LENDING INVESTOR INC.,842,Philippines,
UNITED AURORA LENDING CORPORATION,L-23-0397-60,Philippines,
UNITED C3 LENDING CORPORATION,3455,Philippines,
UNITED FULCOM LENDING CORP.,2944,Philippines,
"UNITED HERMOSA LENDING INVESTOR, INC. Formerly: United Hermosa Financing Company, Inc.",302,Philippines,
UNITED PARAMOUNT CREDIT CORPORATION,303,Philippines,
UNITED SRJ LENDING INVESTOR CORP.,2689,Philippines,
UNIVERSAL CAISHEN LENDING INC.,1908,Philippines,
UNIVERSAL MAGRACIAS LENDING CORP.,554,Philippines,
UNIVERSAL OCEAN MICRO-LENDING INVESTOR CORPORATION,981,Philippines,
UNIVERSO LENDING CORPORATION,1107,Philippines,
UNLAD KAAGAPAY LENDING INC.,L-23-0392-85,Philippines,
"UPERA ONLINE LENDING INVESTOR CORPORATION doing business under the name/s and style/s of UperaLand, PeraOK, Peramo, Cash Tutu and PERAYAN",L-22-0218-33,Philippines,
UPK LENDING CORP.,2642,Philippines,
"UPRISE LENDING, INC.",L-21-0079-25,Philippines,
URS EXPRESS LENDING CORPORATION,1118,Philippines,
USBONG MINDANAO LENDING CORPORATION,3307,Philippines,
USCREDIT LENDING INC.,2679,Philippines,
V & A LENDING CORPORATION,393,Philippines,
V A CREDIT LENDING INC.,L-22-0233-87,Philippines,
"V DOUBLE L CREDIT SERVICES, CORP.",494,Philippines,
V GMC LENDING Corporation,2839,Philippines,
V. CASIO FINANCIAL LENDING CORP.,3445,Philippines,
VAKILAN WALA LENDING INVESTOR AND TRADING CORP.,2414,Philippines,
VALIANT LENDING VENTURES INC.,L-23-0347-78,Philippines,
VALLEYGOLD LENDING INVESTOR INC.,2502,Philippines,
VALPARADISO LENDING INVESTOR CORPORATION,1650,Philippines,
VALUE CASH AND CREDIT LENDING COMPANY INC.,L-22-0263-51,Philippines,
VALUE FUNDS LENDING CORP.,2687,Philippines,
VALUE LOANS INCORPORATED,1237,Philippines,
"VALUED LENDING INVESTOR, INC.",149,Philippines,
VALV LENDING INVESTOR INC.,1676,Philippines,
Vamo Lending Inc.,3261,Philippines,
VAMSA LENDING INVESTOR INCORPORATED,1701,Philippines,
VASTO SOL LENDING CORP.,1341,Philippines,
VATICAN MCJAF LENDING INVESTOR INC.,2353,Philippines,
VCAS LENDING CORP.,1818,Philippines,
VELASCO LENDING CORPORATION,2707,Philippines,
VELVETH LENDING CORPORATION,,Philippines,
VENHOPEFULLY LENDING CORPORATION,869,Philippines,
VENVS LENDING CORP. Doing business under the name and style of PERAMKITA LENDING,3150,Philippines,
VERACITA LENDING AND CREDIT INC.,1691,Philippines,
"VERADERA LENDING SOLUTIONS, INC.",2856,Philippines,
VERDELOMA LENDING INVESTOR CORPORATION,333,Philippines,
VERJANSYS LENDING CORPORATION,090,Philippines,
VERSARA LENDING INVESTORS INC.,1360,Philippines,
Very Good Credits and Lending Investors Corporation,3194,Philippines,
VFAST LENDING CORPORATION,813,Philippines,
VIA VICRON CREDIT CORPORATION,007,Philippines,
VICLOR MICROLENDING INVESTOR CORPORATION,690,Philippines,
VICTORIAS NORTHSTAR LENDING CORPORATION,557,Philippines,
VICTORY PROFIT EXPRESS LENDING INC.,079,Philippines,
VIDALIA LENDING CORP.,279,Philippines,
VIED LENDING CORP.,L-22-0313-56,Philippines,
VIEW POINT LENDING INVESTOR CORP.,1028,Philippines,
"VILLACORD CREDIT & LOANS, INC.",259,Philippines,
VILLASIS PRIME LENDING CORPORATION,711,Philippines,
"VINAMAX LENIDNG CO., LTD INC. DOING BUSINESS UNDER THE NAME AND STYLE OF BEMAX LENDING, FDONG LENDING, MINICASH LENDING, MBCASH LENDING, VINMONEY LENDING AND VPDONG LENDING",L-23-0354-79,Philippines,
VIP CASH LENDING CORPORATION,2675,Philippines,
"VIRMHEL KHRISTTINE (VMK) LENDING, INC.",958,Philippines,
VISAYA LENDING CORPORATION,705,Philippines,
VISAYAS JJS LENDING CORPORATION,CEO-262,Philippines,
VISAYAS OPTIMUM LENDING INCORPORATED,1241,Philippines,
VISHAL AND SIMRAN LENDING INVESTOR Corp.,2797,Philippines,
VISMART LENDING CORPORATION,1353,Philippines,
Vistula Lending Corporation,L-23-0415-85,Philippines,
Vitta Lending Corp.,L-23-0503-72,Philippines,
VITZ LENDING CORP.,3377,Philippines,
VIVEK MISSAN LENDING AND TRADING INC.,2591,Philippines,
VIVEOSVI LENDING CORPORATION,2004,Philippines,
VIYUNA LENDING CORPORATION,1512,Philippines,
VKG LENDING PHIL. INC.,168,Philippines,
"VL LENDING INVESTOR ,INC.",1386,Philippines,
VLLENET LENDING CORPORATION,2090,Philippines,
VLP LENDING INVESTOR CORP,792,Philippines,
VM EXPRESS LENDING CORPORATION,3304,Philippines,
VMALHI LENDING CORP.,2438,Philippines,
VNU LOANS AND CREDIT CORPORATION,CEO-199,Philippines,
VOLANTIS CREDIT CORP.,1151,Philippines,
Voltage Wealth Lending Services Inc.,L-22-0283-40,Philippines,
VORREX CREDIT CORP.,1401,Philippines,
VP PESO VENTURE LENDING CORPORATION,2361,Philippines,
VPOWERLINE88 LENDING CORPORATION,132,Philippines,
VT888 URDANETA LENDING CORPORATION,,Philippines,
VVP MATATAG LENDING CORPORATION,868,Philippines,
VYBELGRID LENDING INC.,1248,Philippines,
W Cove Lending Corporation,3129,Philippines,
WANSH LENDING AND TRADING COMPANY CORP.,2362,Philippines,
WARD LENDING CORPORATION,L-21-0009-34,Philippines,
WARM CASH LENDING CORP.,3427,Philippines,
WARM SERVICE LENDING CORP.,3256,Philippines,
Warube Lending Corporation,,Philippines,
WATER DRAGON LENDING CORPORATION,335,Philippines,
WATER DROPLETS FINTECH LENDING Corp.,3230,Philippines,
WAY MAKER LENDING INVESTOR CORP.,2981,Philippines,
We Gotcha Lending Corporation,3144,Philippines,
We Respond (WR) International Lending Corp.,3109,Philippines,
WEALTH and PERSONAL DEVELOPMENT LENDING INC. DOING BUSINESS UNDER THE NAME AND STYLE OF WPD LENDING (FORMERLY:WEALTH & PERSONAL DEVELOPMENT LENDING INC.),1674,Philippines,
"WEALTH OF SUNRISE ASIA LENDING COMPANY, INC.",1618,Philippines,
WEALTH OPTIONS CREDIT CORP.,203,Philippines,
WEALTHY LENDING CORPORATION,066,Philippines,
"WEFUND LENDING CORP. DOING BUSINESS UNDER THE NAMES AND STYLES OF JUNAHAND, JUANHAND, CASHMORE, WEFUND AND KIDLAT PESO (Formerly: WeFund Lending Corp.)",2844,Philippines,
WEGO LENDING CORPORATION,135,Philippines,
WELL MANAGED LENDING AND COLLECTION SERVICES INC.,1421,Philippines,
WELLFUND LOANS AND CREDIT CORP.,2140,Philippines,
Wellsian Lending Investor Corporation,2778,Philippines,
WEST POINT LENDING CORPORATION,L-21-0111-87,Philippines,
WESTCOAST LENDING INVESTOR INC.,1679,Philippines,
WESTCROP LENDING CORPORATION,1647,Philippines,
WESTWIND LENDING & INVESTMENT CORPORATION,044,Philippines,
WESTWIND LENDING PHILS. CORP.,1289,Philippines,
WHALE TAIL LENDING SERVICES INC.,3462,Philippines,
Whalefin Philippines Lending Inc.,3161,Philippines,
WIDEGEM LENDING CORPORATION,2507,Philippines,
WIELDY - H LOAN INVESTORS INC.,739,Philippines,
WILLIAMSON LENDING CORPORATION,L-22-0133-20,Philippines,
WIN N' JAM CREDIT CORPORATION,1891,Philippines,
WINBELLE LENDING CORPORATION,989,Philippines,
WINCREDIT CORPORATION,562,Philippines,
WINED LENDING CORP.,2650,Philippines,
WING OF INTEGRITY LENDING CORP.,3103,Philippines,
WINNING EDGE LENDING CORPORATION,186,Philippines,
"WINRICH LENDING INVESTOR, INC.",166,Philippines,
WINSTAR LOANS & CREDIT CORP.,1582,Philippines,
WISE CREDIT & CASH RESOURCE (WE CARE) LENDING INVESTORS INC.,1802,Philippines,
WISE WEALTH LENDING INC.,L-21-0093-76,Philippines,
WISHFUL THINKING LENDING CORPORATION,2189,Philippines,
WL FREEDOM LENDING CORPORATION,012,Philippines,
WONCASH 88 GROUP MICRO LENDING CORP.,L-22-0290-81,Philippines,
WONDER5 LENDING CORPORATION,1848,Philippines,
WORKER'S CREDIT CORPORATION,3373,Philippines,
WOWCASH LENDING INVESTORS CORP.,3372,Philippines,
WRM DIAMOND LENDING CORPORATION,2986,Philippines,
WYNN MV LENDING INVESTOR CORPORATION,2656,Philippines,
XACTO LENDING CORPORATION,L-22-0323-32,Philippines,
XIAN ABANES LENDING INCORPORATED,3348,Philippines,
XINAGASIA LENDING INVESTOR CORP.,1448,Philippines,
XLKASH Lending Corp. Doing business under XLKash Lending,3136,Philippines,
XPANDER LENDING CORPORATION,L-23-0336-26,Philippines,
XPO II CREDIT COMPANY INC.,1571,Philippines,
XPO LENDING INVESTOR CORP.,1054,Philippines,
YALCO LENDING CORPORATION,L-22-0200-34,Philippines,
YAMM-E LENDING INVESTORS INC.,1528,Philippines,
YASASHI DOKO LENDING CORPORATION,2498,Philippines,
YASH RAKESH CREDIT INC.,2519,Philippines,
YELLOW CITRINE LENDING CORP.,3459,Philippines,
YENFAST LENDING CORPORATION,2744,Philippines,
YENTAP LENDING CORPORATION,2339,Philippines,
YENXI LENDING (YL) CORP.,3467,Philippines,
YESUCAN LENDING CORPORATION,2316,Philippines,
YHANG SAVER LENDING CORP.,2550,Philippines,
"Yinshan Lenidng Inc, Operating under the name of HappyCash (Formerly: Yinshan Lending Inc.)",2860,Philippines,
YIYI SUNFLOWER LENDING COMPANY INC.,3471,Philippines,
YLLAS LENDING CORPORATION,2369,Philippines,
Yonenki Chingu Microlending Corporation,3135,Philippines,
YOUR CHOY'S LENDING SHOP CORPORATION,1954,Philippines,
YOURSOLUTIONS LENDING CORPORATION,1540,Philippines,
YOURSUN LENDING COMPANY INC,1570,Philippines,
YSABEL LENDING INC.,L-23-0334-17,Philippines,
Z Lending and Credit Corporation,3288,Philippines,
"Z M Z-L LENDING INVESTORS, INC.",645,Philippines,
ZAILDAR LENDING AND GEN. MERCHANDISE CORPORATION,2094,Philippines,
ZAIN ARIES LENDING CORPORATION,L-22-0138-89,Philippines,
"ZAM CLAIM LENDING INVESTOR, INC.",1195,Philippines,
ZAMBATAAN A+ LENDING COMPANY INC.,895,Philippines,
"ZAMBOANGA CLC LENDING INVESTORS, INC.",063,Philippines,
ZAMBOANGA FIRST VENTURES LENDING CORP.,,Philippines,
ZAMBOANGA PRINCESS JANELLE LENDING CORP.,3463,Philippines,
ZANORTE PRIME CREDIT CORPORATION,1510,Philippines,
ZARAND LENDING CORPORATION,1110,Philippines,
ZAZU LENDING INVESTOR CORPORATION,1499,Philippines,
ZC JEWELS LENDING CORPORATION,L-22-0229-10,Philippines,
ZC SECURITY CREDIT CORPORATION,812,Philippines,
ZEE KAP CREDIT CORP.,1056,Philippines,
ZELVIC LENDING INVESTOR INC.,3476,Philippines,
ZENBHEN LENDING CORPORATION,1949,Philippines,
ZENITH CAPITAL CREDIT GROUP CORPORATION,2581,Philippines,
Zequoia Lending Inc. with trade name/s of Zequoia Lending Group,2889,Philippines,
ZEUS PRIME LENDING CORPORATION,2684,Philippines,
ZFA CREDIT CORPORATION,863,Philippines,
ZHEAR LENDING INVESTORS INC.,2033,Philippines,
ZILLIONS OF VISION LENDING CORP.,L-23-0339-47,Philippines,
ZION 100i LENDING INVESTORS INC.,2723,Philippines,
ZION MULTIVERSE LENDING CORPORATION,1706,Philippines,
ZJE LENDING INVESTOR INC.,,Philippines,
"ZN LOAN SERVICES, INC.",487,Philippines,
"ZNAC CREDIT VENTURES (ZCV), INC.",872,Philippines,
ZOE CREDIT CORPORATION,196,Philippines,
ZOE LIFE PROVIDENT LENDING CORPORATION,1629,Philippines,
ZOMGERS LENDING CORPORATION,102,Philippines,
"ZONE 8 LENDING INVESTOR, INC.",005,Philippines,
ZORAYDA LENDING SERVICES CORPORATION,054,Philippines,
ZRT CREDIT AND LENDING CORPORATION,2836,Philippines,
ZUBAIODAH LENDING CORPORATION,1930,Philippines,
Zurepera Lending Corp.,L-23-0504-71,Philippines,
