name,segment,sub_segment,regulator,register,registry_id,as_of,url,in_enrichment_pool
GoTyme Bank Corporation,digital_bank,,BSP,BSP Directory of Banks and Non-Bank Financial Institutions: digital banks,465,2026-09-14,"https://www.bsp.gov.ph/_api/web/lists/getbytitle('Institutions')/items?$select=InstitutionID,Title,ShortBankName,InstitutionTypeID,InstitutionTypeID2,InstitutionTypeID3,Address,NumOffice,Status,Website,Modified&$filter=InstitutionTypeID%20eq%20'14'&$top=500",yes
"Maribank Philippines, Inc.",digital_bank,,BSP,BSP Directory of Banks and Non-Bank Financial Institutions: digital banks,211,2026-09-14,"https://www.bsp.gov.ph/_api/web/lists/getbytitle('Institutions')/items?$select=InstitutionID,Title,ShortBankName,InstitutionTypeID,InstitutionTypeID2,InstitutionTypeID3,Address,NumOffice,Status,Website,Modified&$filter=InstitutionTypeID%20eq%20'14'&$top=500",yes
"Maya Bank, Inc.",digital_bank,,BSP,BSP Directory of Banks and Non-Bank Financial Institutions: digital banks,462,2026-09-14,"https://www.bsp.gov.ph/_api/web/lists/getbytitle('Institutions')/items?$select=InstitutionID,Title,ShortBankName,InstitutionTypeID,InstitutionTypeID2,InstitutionTypeID3,Address,NumOffice,Status,Website,Modified&$filter=InstitutionTypeID%20eq%20'14'&$top=500",yes
"Overseas Filipino Bank, Inc., A Digital Bank of LANDBANK",digital_bank,,BSP,BSP Directory of Banks and Non-Bank Financial Institutions: digital banks,460,2026-09-14,"https://www.bsp.gov.ph/_api/web/lists/getbytitle('Institutions')/items?$select=InstitutionID,Title,ShortBankName,InstitutionTypeID,InstitutionTypeID2,InstitutionTypeID3,Address,NumOffice,Status,Website,Modified&$filter=InstitutionTypeID%20eq%20'14'&$top=500",yes
"Tonik Digital Bank, Inc.",digital_bank,,BSP,BSP Directory of Banks and Non-Bank Financial Institutions: digital banks,461,2026-09-14,"https://www.bsp.gov.ph/_api/web/lists/getbytitle('Institutions')/items?$select=InstitutionID,Title,ShortBankName,InstitutionTypeID,InstitutionTypeID2,InstitutionTypeID3,Address,NumOffice,Status,Website,Modified&$filter=InstitutionTypeID%20eq%20'14'&$top=500",yes
"UnionDigital Bank, Inc.",digital_bank,,BSP,BSP Directory of Banks and Non-Bank Financial Institutions: digital banks,464,2026-09-14,"https://www.bsp.gov.ph/_api/web/lists/getbytitle('Institutions')/items?$select=InstitutionID,Title,ShortBankName,InstitutionTypeID,InstitutionTypeID2,InstitutionTypeID3,Address,NumOffice,Status,Website,Modified&$filter=InstitutionTypeID%20eq%20'14'&$top=500",yes
"UNObank, Inc.",digital_bank,,BSP,BSP Directory of Banks and Non-Bank Financial Institutions: digital banks,463,2026-09-14,"https://www.bsp.gov.ph/_api/web/lists/getbytitle('Institutions')/items?$select=InstitutionID,Title,ShortBankName,InstitutionTypeID,InstitutionTypeID2,InstitutionTypeID3,Address,NumOffice,Status,Website,Modified&$filter=InstitutionTypeID%20eq%20'14'&$top=500",yes
"1st Valley Bank, Inc. A Development Bank",thrift_bank,,BSP,BSP Directory of Banks and Non-Bank Financial Institutions: thrift banks,82,2026-09-14,"https://www.bsp.gov.ph/_api/web/lists/getbytitle('Institutions')/items?$select=InstitutionID,Title,ShortBankName,InstitutionTypeID,InstitutionTypeID2,InstitutionTypeID3,Address,NumOffice,Status,Website,Modified&$filter=InstitutionTypeID%20eq%20'10'&$top=500",yes
"AllBank (A Thrift Bank), Inc.",thrift_bank,,BSP,BSP Directory of Banks and Non-Bank Financial Institutions: thrift banks,67,2026-09-14,"https://www.bsp.gov.ph/_api/web/lists/getbytitle('Institutions')/items?$select=InstitutionID,Title,ShortBankName,InstitutionTypeID,InstitutionTypeID2,InstitutionTypeID3,Address,NumOffice,Status,Website,Modified&$filter=InstitutionTypeID%20eq%20'10'&$top=500",yes
"Bangko Kabayan, Inc. (A Private Development Bank)",thrift_bank,,BSP,BSP Directory of Banks and Non-Bank Financial Institutions: thrift banks,83,2026-09-14,"https://www.bsp.gov.ph/_api/web/lists/getbytitle('Institutions')/items?$select=InstitutionID,Title,ShortBankName,InstitutionTypeID,InstitutionTypeID2,InstitutionTypeID3,Address,NumOffice,Status,Website,Modified&$filter=InstitutionTypeID%20eq%20'10'&$top=500",yes
"Bank of Makati (A Savings Bank), Inc.",thrift_bank,,BSP,BSP Directory of Banks and Non-Bank Financial Institutions: thrift banks,84,2026-09-14,"https://www.bsp.gov.ph/_api/web/lists/getbytitle('Institutions')/items?$select=InstitutionID,Title,ShortBankName,InstitutionTypeID,InstitutionTypeID2,InstitutionTypeID3,Address,NumOffice,Status,Website,Modified&$filter=InstitutionTypeID%20eq%20'10'&$top=500",yes
Bank One Savings Corporation,thrift_bank,,BSP,BSP Directory of Banks and Non-Bank Financial Institutions: thrift banks,45,2026-09-14,"https://www.bsp.gov.ph/_api/web/lists/getbytitle('Institutions')/items?$select=InstitutionID,Title,ShortBankName,InstitutionTypeID,InstitutionTypeID2,InstitutionTypeID3,Address,NumOffice,Status,Website,Modified&$filter=InstitutionTypeID%20eq%20'10'&$top=500",yes
Bataan Development Bank,thrift_bank,,BSP,BSP Directory of Banks and Non-Bank Financial Institutions: thrift banks,46,2026-09-14,"https://www.bsp.gov.ph/_api/web/lists/getbytitle('Institutions')/items?$select=InstitutionID,Title,ShortBankName,InstitutionTypeID,InstitutionTypeID2,InstitutionTypeID3,Address,NumOffice,Status,Website,Modified&$filter=InstitutionTypeID%20eq%20'10'&$top=500",yes
"BDO Network Bank, Inc.",thrift_bank,,BSP,BSP Directory of Banks and Non-Bank Financial Institutions: thrift banks,86,2026-09-14,"https://www.bsp.gov.ph/_api/web/lists/getbytitle('Institutions')/items?$select=InstitutionID,Title,ShortBankName,InstitutionTypeID,InstitutionTypeID2,InstitutionTypeID3,Address,NumOffice,Status,Website,Modified&$filter=InstitutionTypeID%20eq%20'10'&$top=500",yes
"BPI Direct BanKO, Inc., A Savings Bank",thrift_bank,,BSP,BSP Directory of Banks and Non-Bank Financial Institutions: thrift banks,47,2026-09-14,"https://www.bsp.gov.ph/_api/web/lists/getbytitle('Institutions')/items?$select=InstitutionID,Title,ShortBankName,InstitutionTypeID,InstitutionTypeID2,InstitutionTypeID3,Address,NumOffice,Status,Website,Modified&$filter=InstitutionTypeID%20eq%20'10'&$top=500",yes
"CARD SME Bank, Inc. A Thrift Bank",thrift_bank,,BSP,BSP Directory of Banks and Non-Bank Financial Institutions: thrift banks,48,2026-09-14,"https://www.bsp.gov.ph/_api/web/lists/getbytitle('Institutions')/items?$select=InstitutionID,Title,ShortBankName,InstitutionTypeID,InstitutionTypeID2,InstitutionTypeID3,Address,NumOffice,Status,Website,Modified&$filter=InstitutionTypeID%20eq%20'10'&$top=500",yes
Century Savings Bank Corporation,thrift_bank,,BSP,BSP Directory of Banks and Non-Bank Financial Institutions: thrift banks,49,2026-09-14,"https://www.bsp.gov.ph/_api/web/lists/getbytitle('Institutions')/items?$select=InstitutionID,Title,ShortBankName,InstitutionTypeID,InstitutionTypeID2,InstitutionTypeID3,Address,NumOffice,Status,Website,Modified&$filter=InstitutionTypeID%20eq%20'10'&$top=500",yes
"China Bank Savings, Inc.",thrift_bank,,BSP,BSP Directory of Banks and Non-Bank Financial Institutions: thrift banks,50,2026-09-14,"https://www.bsp.gov.ph/_api/web/lists/getbytitle('Institutions')/items?$select=InstitutionID,Title,ShortBankName,InstitutionTypeID,InstitutionTypeID2,InstitutionTypeID3,Address,NumOffice,Status,Website,Modified&$filter=InstitutionTypeID%20eq%20'10'&$top=500",yes
"City Savings Bank, Inc.",thrift_bank,,BSP,BSP Directory of Banks and Non-Bank Financial Institutions: thrift banks,51,2026-09-14,"https://www.bsp.gov.ph/_api/web/lists/getbytitle('Institutions')/items?$select=InstitutionID,Title,ShortBankName,InstitutionTypeID,InstitutionTypeID2,InstitutionTypeID3,Address,NumOffice,Status,Website,Modified&$filter=InstitutionTypeID%20eq%20'10'&$top=500",yes
"Citystate Savings Bank, Inc.",thrift_bank,,BSP,BSP Directory of Banks and Non-Bank Financial Institutions: thrift banks,52,2026-09-14,"https://www.bsp.gov.ph/_api/web/lists/getbytitle('Institutions')/items?$select=InstitutionID,Title,ShortBankName,InstitutionTypeID,InstitutionTypeID2,InstitutionTypeID3,Address,NumOffice,Status,Website,Modified&$filter=InstitutionTypeID%20eq%20'10'&$top=500",yes
"Cordillera Savings Bank, Inc.",thrift_bank,,BSP,BSP Directory of Banks and Non-Bank Financial Institutions: thrift banks,53,2026-09-14,"https://www.bsp.gov.ph/_api/web/lists/getbytitle('Institutions')/items?$select=InstitutionID,Title,ShortBankName,InstitutionTypeID,InstitutionTypeID2,InstitutionTypeID3,Address,NumOffice,Status,Website,Modified&$filter=InstitutionTypeID%20eq%20'10'&$top=500",yes
"Dumaguete City Development Bank, Inc.",thrift_bank,,BSP,BSP Directory of Banks and Non-Bank Financial Institutions: thrift banks,54,2026-09-14,"https://www.bsp.gov.ph/_api/web/lists/getbytitle('Institutions')/items?$select=InstitutionID,Title,ShortBankName,InstitutionTypeID,InstitutionTypeID2,InstitutionTypeID3,Address,NumOffice,Status,Website,Modified&$filter=InstitutionTypeID%20eq%20'10'&$top=500",yes
"Equicom Savings Bank, Inc.",thrift_bank,,BSP,BSP Directory of Banks and Non-Bank Financial Institutions: thrift banks,55,2026-09-14,"https://www.bsp.gov.ph/_api/web/lists/getbytitle('Institutions')/items?$select=InstitutionID,Title,ShortBankName,InstitutionTypeID,InstitutionTypeID2,InstitutionTypeID3,Address,NumOffice,Status,Website,Modified&$filter=InstitutionTypeID%20eq%20'10'&$top=500",yes
"First Consolidated Bank, Inc. (A Private Development Bank)",thrift_bank,,BSP,BSP Directory of Banks and Non-Bank Financial Institutions: thrift banks,56,2026-09-14,"https://www.bsp.gov.ph/_api/web/lists/getbytitle('Institutions')/items?$select=InstitutionID,Title,ShortBankName,InstitutionTypeID,InstitutionTypeID2,InstitutionTypeID3,Address,NumOffice,Status,Website,Modified&$filter=InstitutionTypeID%20eq%20'10'&$top=500",yes
Hiyas Banking Corporation (A Thrift Bank),thrift_bank,,BSP,BSP Directory of Banks and Non-Bank Financial Institutions: thrift banks,57,2026-09-14,"https://www.bsp.gov.ph/_api/web/lists/getbytitle('Institutions')/items?$select=InstitutionID,Title,ShortBankName,InstitutionTypeID,InstitutionTypeID2,InstitutionTypeID3,Address,NumOffice,Status,Website,Modified&$filter=InstitutionTypeID%20eq%20'10'&$top=500",yes
"ISLA Bank (A Thrift Bank), Inc.",thrift_bank,,BSP,BSP Directory of Banks and Non-Bank Financial Institutions: thrift banks,59,2026-09-14,"https://www.bsp.gov.ph/_api/web/lists/getbytitle('Institutions')/items?$select=InstitutionID,Title,ShortBankName,InstitutionTypeID,InstitutionTypeID2,InstitutionTypeID3,Address,NumOffice,Status,Website,Modified&$filter=InstitutionTypeID%20eq%20'10'&$top=500",yes
"Legazpi Savings Bank, Inc.",thrift_bank,,BSP,BSP Directory of Banks and Non-Bank Financial Institutions: thrift banks,60,2026-09-14,"https://www.bsp.gov.ph/_api/web/lists/getbytitle('Institutions')/items?$select=InstitutionID,Title,ShortBankName,InstitutionTypeID,InstitutionTypeID2,InstitutionTypeID3,Address,NumOffice,Status,Website,Modified&$filter=InstitutionTypeID%20eq%20'10'&$top=500",yes
"Lemery Savings and Loan Bank, Inc.",thrift_bank,,BSP,BSP Directory of Banks and Non-Bank Financial Institutions: thrift banks,61,2026-09-14,"https://www.bsp.gov.ph/_api/web/lists/getbytitle('Institutions')/items?$select=InstitutionID,Title,ShortBankName,InstitutionTypeID,InstitutionTypeID2,InstitutionTypeID3,Address,NumOffice,Status,Website,Modified&$filter=InstitutionTypeID%20eq%20'10'&$top=500",yes
"Life Savings Bank, Inc.",thrift_bank,,BSP,BSP Directory of Banks and Non-Bank Financial Institutions: thrift banks,62,2026-09-14,"https://www.bsp.gov.ph/_api/web/lists/getbytitle('Institutions')/items?$select=InstitutionID,Title,ShortBankName,InstitutionTypeID,InstitutionTypeID2,InstitutionTypeID3,Address,NumOffice,Status,Website,Modified&$filter=InstitutionTypeID%20eq%20'10'&$top=500",yes
LOLC Bank Philippines Incorporated (A Thrift Bank),thrift_bank,,BSP,BSP Directory of Banks and Non-Bank Financial Institutions: thrift banks,58,2026-09-14,"https://www.bsp.gov.ph/_api/web/lists/getbytitle('Institutions')/items?$select=InstitutionID,Title,ShortBankName,InstitutionTypeID,InstitutionTypeID2,InstitutionTypeID3,Address,NumOffice,Status,Website,Modified&$filter=InstitutionTypeID%20eq%20'10'&$top=500",yes
Luzon Development Bank,thrift_bank,,BSP,BSP Directory of Banks and Non-Bank Financial Institutions: thrift banks,63,2026-09-14,"https://www.bsp.gov.ph/_api/web/lists/getbytitle('Institutions')/items?$select=InstitutionID,Title,ShortBankName,InstitutionTypeID,InstitutionTypeID2,InstitutionTypeID3,Address,NumOffice,Status,Website,Modified&$filter=InstitutionTypeID%20eq%20'10'&$top=500",yes
Makiling Development Bank Corporation,thrift_bank,,BSP,BSP Directory of Banks and Non-Bank Financial Institutions: thrift banks,85,2026-09-14,"https://www.bsp.gov.ph/_api/web/lists/getbytitle('Institutions')/items?$select=InstitutionID,Title,ShortBankName,InstitutionTypeID,InstitutionTypeID2,InstitutionTypeID3,Address,NumOffice,Status,Website,Modified&$filter=InstitutionTypeID%20eq%20'10'&$top=500",yes
"Malayan Savings Bank, Inc.",thrift_bank,,BSP,BSP Directory of Banks and Non-Bank Financial Institutions: thrift banks,64,2026-09-14,"https://www.bsp.gov.ph/_api/web/lists/getbytitle('Institutions')/items?$select=InstitutionID,Title,ShortBankName,InstitutionTypeID,InstitutionTypeID2,InstitutionTypeID3,Address,NumOffice,Status,Website,Modified&$filter=InstitutionTypeID%20eq%20'10'&$top=500",yes
"Northpoint Development Bank, Inc.",thrift_bank,,BSP,BSP Directory of Banks and Non-Bank Financial Institutions: thrift banks,66,2026-09-14,"https://www.bsp.gov.ph/_api/web/lists/getbytitle('Institutions')/items?$select=InstitutionID,Title,ShortBankName,InstitutionTypeID,InstitutionTypeID2,InstitutionTypeID3,Address,NumOffice,Status,Website,Modified&$filter=InstitutionTypeID%20eq%20'10'&$top=500",yes
"Pacific Ace Savings Bank, Inc.",thrift_bank,,BSP,BSP Directory of Banks and Non-Bank Financial Institutions: thrift banks,68,2026-09-14,"https://www.bsp.gov.ph/_api/web/lists/getbytitle('Institutions')/items?$select=InstitutionID,Title,ShortBankName,InstitutionTypeID,InstitutionTypeID2,InstitutionTypeID3,Address,NumOffice,Status,Website,Modified&$filter=InstitutionTypeID%20eq%20'10'&$top=500",yes
Pampanga Development Bank,thrift_bank,,BSP,BSP Directory of Banks and Non-Bank Financial Institutions: thrift banks,69,2026-09-14,"https://www.bsp.gov.ph/_api/web/lists/getbytitle('Institutions')/items?$select=InstitutionID,Title,ShortBankName,InstitutionTypeID,InstitutionTypeID2,InstitutionTypeID3,Address,NumOffice,Status,Website,Modified&$filter=InstitutionTypeID%20eq%20'10'&$top=500",yes
"Penbank, Inc. (A Private Development Bank) (formerly: Peninsula Rural Bank, Inc.)",thrift_bank,,BSP,BSP Directory of Banks and Non-Bank Financial Institutions: thrift banks,70,2026-09-14,"https://www.bsp.gov.ph/_api/web/lists/getbytitle('Institutions')/items?$select=InstitutionID,Title,ShortBankName,InstitutionTypeID,InstitutionTypeID2,InstitutionTypeID3,Address,NumOffice,Status,Website,Modified&$filter=InstitutionTypeID%20eq%20'10'&$top=500",yes
"Phil Star Development Bank, Inc.",thrift_bank,,BSP,BSP Directory of Banks and Non-Bank Financial Institutions: thrift banks,73,2026-09-14,"https://www.bsp.gov.ph/_api/web/lists/getbytitle('Institutions')/items?$select=InstitutionID,Title,ShortBankName,InstitutionTypeID,InstitutionTypeID2,InstitutionTypeID3,Address,NumOffice,Status,Website,Modified&$filter=InstitutionTypeID%20eq%20'10'&$top=500",yes
"Philippine Business Bank, Inc., A Savings Bank",thrift_bank,,BSP,BSP Directory of Banks and Non-Bank Financial Institutions: thrift banks,71,2026-09-14,"https://www.bsp.gov.ph/_api/web/lists/getbytitle('Institutions')/items?$select=InstitutionID,Title,ShortBankName,InstitutionTypeID,InstitutionTypeID2,InstitutionTypeID3,Address,NumOffice,Status,Website,Modified&$filter=InstitutionTypeID%20eq%20'10'&$top=500",yes
Philippine Savings Bank,thrift_bank,,BSP,BSP Directory of Banks and Non-Bank Financial Institutions: thrift banks,72,2026-09-14,"https://www.bsp.gov.ph/_api/web/lists/getbytitle('Institutions')/items?$select=InstitutionID,Title,ShortBankName,InstitutionTypeID,InstitutionTypeID2,InstitutionTypeID3,Address,NumOffice,Status,Website,Modified&$filter=InstitutionTypeID%20eq%20'10'&$top=500",yes
Producers Savings Bank Corporation,thrift_bank,,BSP,BSP Directory of Banks and Non-Bank Financial Institutions: thrift banks,74,2026-09-14,"https://www.bsp.gov.ph/_api/web/lists/getbytitle('Institutions')/items?$select=InstitutionID,Title,ShortBankName,InstitutionTypeID,InstitutionTypeID2,InstitutionTypeID3,Address,NumOffice,Status,Website,Modified&$filter=InstitutionTypeID%20eq%20'10'&$top=500",yes
"Queen City Development Bank, Inc. or Queenbank, A Thrift Bank",thrift_bank,,BSP,BSP Directory of Banks and Non-Bank Financial Institutions: thrift banks,75,2026-09-14,"https://www.bsp.gov.ph/_api/web/lists/getbytitle('Institutions')/items?$select=InstitutionID,Title,ShortBankName,InstitutionTypeID,InstitutionTypeID2,InstitutionTypeID3,Address,NumOffice,Status,Website,Modified&$filter=InstitutionTypeID%20eq%20'10'&$top=500",yes
RCBC Microbank - A Thrift Bank Inc.,thrift_bank,,BSP,BSP Directory of Banks and Non-Bank Financial Institutions: thrift banks,65,2026-09-14,"https://www.bsp.gov.ph/_api/web/lists/getbytitle('Institutions')/items?$select=InstitutionID,Title,ShortBankName,InstitutionTypeID,InstitutionTypeID2,InstitutionTypeID3,Address,NumOffice,Status,Website,Modified&$filter=InstitutionTypeID%20eq%20'10'&$top=500",yes
"Sterling Bank of Asia, Inc. (A Savings Bank)",thrift_bank,,BSP,BSP Directory of Banks and Non-Bank Financial Institutions: thrift banks,76,2026-09-14,"https://www.bsp.gov.ph/_api/web/lists/getbytitle('Institutions')/items?$select=InstitutionID,Title,ShortBankName,InstitutionTypeID,InstitutionTypeID2,InstitutionTypeID3,Address,NumOffice,Status,Website,Modified&$filter=InstitutionTypeID%20eq%20'10'&$top=500",yes
"Sun Savings Bank, Inc.",thrift_bank,,BSP,BSP Directory of Banks and Non-Bank Financial Institutions: thrift banks,77,2026-09-14,"https://www.bsp.gov.ph/_api/web/lists/getbytitle('Institutions')/items?$select=InstitutionID,Title,ShortBankName,InstitutionTypeID,InstitutionTypeID2,InstitutionTypeID3,Address,NumOffice,Status,Website,Modified&$filter=InstitutionTypeID%20eq%20'10'&$top=500",yes
UCPB Savings Bank,thrift_bank,,BSP,BSP Directory of Banks and Non-Bank Financial Institutions: thrift banks,79,2026-09-14,"https://www.bsp.gov.ph/_api/web/lists/getbytitle('Institutions')/items?$select=InstitutionID,Title,ShortBankName,InstitutionTypeID,InstitutionTypeID2,InstitutionTypeID3,Address,NumOffice,Status,Website,Modified&$filter=InstitutionTypeID%20eq%20'10'&$top=500",yes
"University Savings Bank, Inc.",thrift_bank,,BSP,BSP Directory of Banks and Non-Bank Financial Institutions: thrift banks,80,2026-09-14,"https://www.bsp.gov.ph/_api/web/lists/getbytitle('Institutions')/items?$select=InstitutionID,Title,ShortBankName,InstitutionTypeID,InstitutionTypeID2,InstitutionTypeID3,Address,NumOffice,Status,Website,Modified&$filter=InstitutionTypeID%20eq%20'10'&$top=500",yes
Wealth Development Bank Corporation,thrift_bank,,BSP,BSP Directory of Banks and Non-Bank Financial Institutions: thrift banks,81,2026-09-14,"https://www.bsp.gov.ph/_api/web/lists/getbytitle('Institutions')/items?$select=InstitutionID,Title,ShortBankName,InstitutionTypeID,InstitutionTypeID2,InstitutionTypeID3,Address,NumOffice,Status,Website,Modified&$filter=InstitutionTypeID%20eq%20'10'&$top=500",yes
"Yuanta Savings Bank Philippines, Inc.",thrift_bank,,BSP,BSP Directory of Banks and Non-Bank Financial Institutions: thrift banks,78,2026-09-14,"https://www.bsp.gov.ph/_api/web/lists/getbytitle('Institutions')/items?$select=InstitutionID,Title,ShortBankName,InstitutionTypeID,InstitutionTypeID2,InstitutionTypeID3,Address,NumOffice,Status,Website,Modified&$filter=InstitutionTypeID%20eq%20'10'&$top=500",yes
Advance Credit Bank (A Rural Bank) Corp.,rural_bank,,BSP,BSP Directory of Banks and Non-Bank Financial Institutions: rural and cooperative banks,87,2026-09-14,"https://www.bsp.gov.ph/_api/web/lists/getbytitle('Institutions')/items?$select=InstitutionID,Title,ShortBankName,InstitutionTypeID,InstitutionTypeID2,InstitutionTypeID3,Address,NumOffice,Status,Website,Modified&$filter=InstitutionTypeID%20eq%20'11'&$top=500",no
Agribusiness Banking Corporation - A Rural Bank,rural_bank,,BSP,BSP Directory of Banks and Non-Bank Financial Institutions: rural and cooperative banks,88,2026-09-14,"https://www.bsp.gov.ph/_api/web/lists/getbytitle('Institutions')/items?$select=InstitutionID,Title,ShortBankName,InstitutionTypeID,InstitutionTypeID2,InstitutionTypeID3,Address,NumOffice,Status,Website,Modified&$filter=InstitutionTypeID%20eq%20'11'&$top=500",no
"Agricultural Bank of the Philippines, Inc. (A Rural Bank)",rural_bank,,BSP,BSP Directory of Banks and Non-Bank Financial Institutions: rural and cooperative banks,89,2026-09-14,"https://www.bsp.gov.ph/_api/web/lists/getbytitle('Institutions')/items?$select=InstitutionID,Title,ShortBankName,InstitutionTypeID,InstitutionTypeID2,InstitutionTypeID3,Address,NumOffice,Status,Website,Modified&$filter=InstitutionTypeID%20eq%20'11'&$top=500",no
"Aliaga Farmers Rural Bank, Inc.",rural_bank,,BSP,BSP Directory of Banks and Non-Bank Financial Institutions: rural and cooperative banks,90,2026-09-14,"https://www.bsp.gov.ph/_api/web/lists/getbytitle('Institutions')/items?$select=InstitutionID,Title,ShortBankName,InstitutionTypeID,InstitutionTypeID2,InstitutionTypeID3,Address,NumOffice,Status,Website,Modified&$filter=InstitutionTypeID%20eq%20'11'&$top=500",no
"Anilao Bank (Rural Bank of Anilao (Iloilo), Inc.",rural_bank,,BSP,BSP Directory of Banks and Non-Bank Financial Institutions: rural and cooperative banks,91,2026-09-14,"https://www.bsp.gov.ph/_api/web/lists/getbytitle('Institutions')/items?$select=InstitutionID,Title,ShortBankName,InstitutionTypeID,InstitutionTypeID2,InstitutionTypeID3,Address,NumOffice,Status,Website,Modified&$filter=InstitutionTypeID%20eq%20'11'&$top=500",no
"ARDCIBank, Inc., A Rural Bank",rural_bank,,BSP,BSP Directory of Banks and Non-Bank Financial Institutions: rural and cooperative banks,92,2026-09-14,"https://www.bsp.gov.ph/_api/web/lists/getbytitle('Institutions')/items?$select=InstitutionID,Title,ShortBankName,InstitutionTypeID,InstitutionTypeID2,InstitutionTypeID3,Address,NumOffice,Status,Website,Modified&$filter=InstitutionTypeID%20eq%20'11'&$top=500",no
"ASENSO Rural Bank of Bautista, Inc.",rural_bank,,BSP,BSP Directory of Banks and Non-Bank Financial Institutions: rural and cooperative banks,93,2026-09-14,"https://www.bsp.gov.ph/_api/web/lists/getbytitle('Institutions')/items?$select=InstitutionID,Title,ShortBankName,InstitutionTypeID,InstitutionTypeID2,InstitutionTypeID3,Address,NumOffice,Status,Website,Modified&$filter=InstitutionTypeID%20eq%20'11'&$top=500",no
"Aspac Rural Bank, Inc.",rural_bank,,BSP,BSP Directory of Banks and Non-Bank Financial Institutions: rural and cooperative banks,94,2026-09-14,"https://www.bsp.gov.ph/_api/web/lists/getbytitle('Institutions')/items?$select=InstitutionID,Title,ShortBankName,InstitutionTypeID,InstitutionTypeID2,InstitutionTypeID3,Address,NumOffice,Status,Website,Modified&$filter=InstitutionTypeID%20eq%20'11'&$top=500",no
"AuroraBank (A Rural Bank), Inc.",rural_bank,,BSP,BSP Directory of Banks and Non-Bank Financial Institutions: rural and cooperative banks,95,2026-09-14,"https://www.bsp.gov.ph/_api/web/lists/getbytitle('Institutions')/items?$select=InstitutionID,Title,ShortBankName,InstitutionTypeID,InstitutionTypeID2,InstitutionTypeID3,Address,NumOffice,Status,Website,Modified&$filter=InstitutionTypeID%20eq%20'11'&$top=500",no
"Baclaran Rural Bank, Inc.",rural_bank,,BSP,BSP Directory of Banks and Non-Bank Financial Institutions: rural and cooperative banks,96,2026-09-14,"https://www.bsp.gov.ph/_api/web/lists/getbytitle('Institutions')/items?$select=InstitutionID,Title,ShortBankName,InstitutionTypeID,InstitutionTypeID2,InstitutionTypeID3,Address,NumOffice,Status,Website,Modified&$filter=InstitutionTypeID%20eq%20'11'&$top=500",no
"Balanga Rural Bank, Inc.",rural_bank,,BSP,BSP Directory of Banks and Non-Bank Financial Institutions: rural and cooperative banks,97,2026-09-14,"https://www.bsp.gov.ph/_api/web/lists/getbytitle('Institutions')/items?$select=InstitutionID,Title,ShortBankName,InstitutionTypeID,InstitutionTypeID2,InstitutionTypeID3,Address,NumOffice,Status,Website,Modified&$filter=InstitutionTypeID%20eq%20'11'&$top=500",no
"Baliuag Rural Bank, Inc.",rural_bank,,BSP,BSP Directory of Banks and Non-Bank Financial Institutions: rural and cooperative banks,98,2026-09-14,"https://www.bsp.gov.ph/_api/web/lists/getbytitle('Institutions')/items?$select=InstitutionID,Title,ShortBankName,InstitutionTypeID,InstitutionTypeID2,InstitutionTypeID3,Address,NumOffice,Status,Website,Modified&$filter=InstitutionTypeID%20eq%20'11'&$top=500",no
"Banco Abucay, Inc.",rural_bank,,BSP,BSP Directory of Banks and Non-Bank Financial Institutions: rural and cooperative banks,99,2026-09-14,"https://www.bsp.gov.ph/_api/web/lists/getbytitle('Institutions')/items?$select=InstitutionID,Title,ShortBankName,InstitutionTypeID,InstitutionTypeID2,InstitutionTypeID3,Address,NumOffice,Status,Website,Modified&$filter=InstitutionTypeID%20eq%20'11'&$top=500",no
"Banco Bakun, Inc. (A Rural Bank)",rural_bank,,BSP,BSP Directory of Banks and Non-Bank Financial Institutions: rural and cooperative banks,100,2026-09-14,"https://www.bsp.gov.ph/_api/web/lists/getbytitle('Institutions')/items?$select=InstitutionID,Title,ShortBankName,InstitutionTypeID,InstitutionTypeID2,InstitutionTypeID3,Address,NumOffice,Status,Website,Modified&$filter=InstitutionTypeID%20eq%20'11'&$top=500",no
Banco Cooperativa De Zamboanga,rural_bank,,BSP,BSP Directory of Banks and Non-Bank Financial Institutions: rural and cooperative banks,101,2026-09-14,"https://www.bsp.gov.ph/_api/web/lists/getbytitle('Institutions')/items?$select=InstitutionID,Title,ShortBankName,InstitutionTypeID,InstitutionTypeID2,InstitutionTypeID3,Address,NumOffice,Status,Website,Modified&$filter=InstitutionTypeID%20eq%20'11'&$top=500",no
"Banco De Calamba, Inc. (A Rural Bank)",rural_bank,,BSP,BSP Directory of Banks and Non-Bank Financial Institutions: rural and cooperative banks,102,2026-09-14,"https://www.bsp.gov.ph/_api/web/lists/getbytitle('Institutions')/items?$select=InstitutionID,Title,ShortBankName,InstitutionTypeID,InstitutionTypeID2,InstitutionTypeID3,Address,NumOffice,Status,Website,Modified&$filter=InstitutionTypeID%20eq%20'11'&$top=500",no
"Banco de Mindoro, Inc. (A Rural Bank)",rural_bank,,BSP,BSP Directory of Banks and Non-Bank Financial Institutions: rural and cooperative banks,103,2026-09-14,"https://www.bsp.gov.ph/_api/web/lists/getbytitle('Institutions')/items?$select=InstitutionID,Title,ShortBankName,InstitutionTypeID,InstitutionTypeID2,InstitutionTypeID3,Address,NumOffice,Status,Website,Modified&$filter=InstitutionTypeID%20eq%20'11'&$top=500",no
"Banco Mexico, Inc. (A Rural Bank)",rural_bank,,BSP,BSP Directory of Banks and Non-Bank Financial Institutions: rural and cooperative banks,104,2026-09-14,"https://www.bsp.gov.ph/_api/web/lists/getbytitle('Institutions')/items?$select=InstitutionID,Title,ShortBankName,InstitutionTypeID,InstitutionTypeID2,InstitutionTypeID3,Address,NumOffice,Status,Website,Modified&$filter=InstitutionTypeID%20eq%20'11'&$top=500",no
"Banco San Jose (Camsur), Inc. – A Rural Bank",rural_bank,,BSP,BSP Directory of Banks and Non-Bank Financial Institutions: rural and cooperative banks,105,2026-09-14,"https://www.bsp.gov.ph/_api/web/lists/getbytitle('Institutions')/items?$select=InstitutionID,Title,ShortBankName,InstitutionTypeID,InstitutionTypeID2,InstitutionTypeID3,Address,NumOffice,Status,Website,Modified&$filter=InstitutionTypeID%20eq%20'11'&$top=500",no
"Banco San Vicente, Inc. (A Rural Bank)",rural_bank,,BSP,BSP Directory of Banks and Non-Bank Financial Institutions: rural and cooperative banks,106,2026-09-14,"https://www.bsp.gov.ph/_api/web/lists/getbytitle('Institutions')/items?$select=InstitutionID,Title,ShortBankName,InstitutionTypeID,InstitutionTypeID2,InstitutionTypeID3,Address,NumOffice,Status,Website,Modified&$filter=InstitutionTypeID%20eq%20'11'&$top=500",no
"Banco Santiago De Libon, Inc., (A Rural Bank)",rural_bank,,BSP,BSP Directory of Banks and Non-Bank Financial Institutions: rural and cooperative banks,107,2026-09-14,"https://www.bsp.gov.ph/_api/web/lists/getbytitle('Institutions')/items?$select=InstitutionID,Title,ShortBankName,InstitutionTypeID,InstitutionTypeID2,InstitutionTypeID3,Address,NumOffice,Status,Website,Modified&$filter=InstitutionTypeID%20eq%20'11'&$top=500",no
"Banco Sual (A Rural Bank), Inc.",rural_bank,,BSP,BSP Directory of Banks and Non-Bank Financial Institutions: rural and cooperative banks,108,2026-09-14,"https://www.bsp.gov.ph/_api/web/lists/getbytitle('Institutions')/items?$select=InstitutionID,Title,ShortBankName,InstitutionTypeID,InstitutionTypeID2,InstitutionTypeID3,Address,NumOffice,Status,Website,Modified&$filter=InstitutionTypeID%20eq%20'11'&$top=500",no
"Bangko Kaisa, Inc. (Formerly: Rural Bank of Bugasong (Antique), Inc.)",rural_bank,,BSP,BSP Directory of Banks and Non-Bank Financial Institutions: rural and cooperative banks,109,2026-09-14,"https://www.bsp.gov.ph/_api/web/lists/getbytitle('Institutions')/items?$select=InstitutionID,Title,ShortBankName,InstitutionTypeID,InstitutionTypeID2,InstitutionTypeID3,Address,NumOffice,Status,Website,Modified&$filter=InstitutionTypeID%20eq%20'11'&$top=500",no
"Bangko Mabuhay (A Rural Bank), Inc.",rural_bank,,BSP,BSP Directory of Banks and Non-Bank Financial Institutions: rural and cooperative banks,110,2026-09-14,"https://www.bsp.gov.ph/_api/web/lists/getbytitle('Institutions')/items?$select=InstitutionID,Title,ShortBankName,InstitutionTypeID,InstitutionTypeID2,InstitutionTypeID3,Address,NumOffice,Status,Website,Modified&$filter=InstitutionTypeID%20eq%20'11'&$top=500",no
"Bangko Magsaysay (Isabela), Inc. - A Rural Bank",rural_bank,,BSP,BSP Directory of Banks and Non-Bank Financial Institutions: rural and cooperative banks,111,2026-09-14,"https://www.bsp.gov.ph/_api/web/lists/getbytitle('Institutions')/items?$select=InstitutionID,Title,ShortBankName,InstitutionTypeID,InstitutionTypeID2,InstitutionTypeID3,Address,NumOffice,Status,Website,Modified&$filter=InstitutionTypeID%20eq%20'11'&$top=500",no
"Bangko Montañosa, Inc. (A Rural Bank)",rural_bank,,BSP,BSP Directory of Banks and Non-Bank Financial Institutions: rural and cooperative banks,112,2026-09-14,"https://www.bsp.gov.ph/_api/web/lists/getbytitle('Institutions')/items?$select=InstitutionID,Title,ShortBankName,InstitutionTypeID,InstitutionTypeID2,InstitutionTypeID3,Address,NumOffice,Status,Website,Modified&$filter=InstitutionTypeID%20eq%20'11'&$top=500",no
"Bangko ng Kabuhayan, (A Rural Bank) Inc.",rural_bank,,BSP,BSP Directory of Banks and Non-Bank Financial Institutions: rural and cooperative banks,113,2026-09-14,"https://www.bsp.gov.ph/_api/web/lists/getbytitle('Institutions')/items?$select=InstitutionID,Title,ShortBankName,InstitutionTypeID,InstitutionTypeID2,InstitutionTypeID3,Address,NumOffice,Status,Website,Modified&$filter=InstitutionTypeID%20eq%20'11'&$top=500",no
"Bangko Nuestra Senora Del Pilar, Inc. (A Rural Bank)",rural_bank,,BSP,BSP Directory of Banks and Non-Bank Financial Institutions: rural and cooperative banks,114,2026-09-14,"https://www.bsp.gov.ph/_api/web/lists/getbytitle('Institutions')/items?$select=InstitutionID,Title,ShortBankName,InstitutionTypeID,InstitutionTypeID2,InstitutionTypeID3,Address,NumOffice,Status,Website,Modified&$filter=InstitutionTypeID%20eq%20'11'&$top=500",no
Bangko Pasig (Rural Bank),rural_bank,,BSP,BSP Directory of Banks and Non-Bank Financial Institutions: rural and cooperative banks,115,2026-09-14,"https://www.bsp.gov.ph/_api/web/lists/getbytitle('Institutions')/items?$select=InstitutionID,Title,ShortBankName,InstitutionTypeID,InstitutionTypeID2,InstitutionTypeID3,Address,NumOffice,Status,Website,Modified&$filter=InstitutionTypeID%20eq%20'11'&$top=500",no
"Bangko Rural ng San Teodoro, Inc.",rural_bank,,BSP,BSP Directory of Banks and Non-Bank Financial Institutions: rural and cooperative banks,116,2026-09-14,"https://www.bsp.gov.ph/_api/web/lists/getbytitle('Institutions')/items?$select=InstitutionID,Title,ShortBankName,InstitutionTypeID,InstitutionTypeID2,InstitutionTypeID3,Address,NumOffice,Status,Website,Modified&$filter=InstitutionTypeID%20eq%20'11'&$top=500",no
"Bank of Hope, Inc. (A Rural Bank)",rural_bank,,BSP,BSP Directory of Banks and Non-Bank Financial Institutions: rural and cooperative banks,117,2026-09-14,"https://www.bsp.gov.ph/_api/web/lists/getbytitle('Institutions')/items?$select=InstitutionID,Title,ShortBankName,InstitutionTypeID,InstitutionTypeID2,InstitutionTypeID3,Address,NumOffice,Status,Website,Modified&$filter=InstitutionTypeID%20eq%20'11'&$top=500",no
"Bank of Ormoc, Inc. (A Rural Bank)",rural_bank,,BSP,BSP Directory of Banks and Non-Bank Financial Institutions: rural and cooperative banks,118,2026-09-14,"https://www.bsp.gov.ph/_api/web/lists/getbytitle('Institutions')/items?$select=InstitutionID,Title,ShortBankName,InstitutionTypeID,InstitutionTypeID2,InstitutionTypeID3,Address,NumOffice,Status,Website,Modified&$filter=InstitutionTypeID%20eq%20'11'&$top=500",no
"Banko Zambaleño Inc., (BZI) (A Rural Bank)",rural_bank,,BSP,BSP Directory of Banks and Non-Bank Financial Institutions: rural and cooperative banks,119,2026-09-14,"https://www.bsp.gov.ph/_api/web/lists/getbytitle('Institutions')/items?$select=InstitutionID,Title,ShortBankName,InstitutionTypeID,InstitutionTypeID2,InstitutionTypeID3,Address,NumOffice,Status,Website,Modified&$filter=InstitutionTypeID%20eq%20'11'&$top=500",no
"Bankways, Inc. (A Rural Bank)",rural_bank,,BSP,BSP Directory of Banks and Non-Bank Financial Institutions: rural and cooperative banks,120,2026-09-14,"https://www.bsp.gov.ph/_api/web/lists/getbytitle('Institutions')/items?$select=InstitutionID,Title,ShortBankName,InstitutionTypeID,InstitutionTypeID2,InstitutionTypeID3,Address,NumOffice,Status,Website,Modified&$filter=InstitutionTypeID%20eq%20'11'&$top=500",no
"Bannawag Bank, Inc. (A Rural Bank)",rural_bank,,BSP,BSP Directory of Banks and Non-Bank Financial Institutions: rural and cooperative banks,121,2026-09-14,"https://www.bsp.gov.ph/_api/web/lists/getbytitle('Institutions')/items?$select=InstitutionID,Title,ShortBankName,InstitutionTypeID,InstitutionTypeID2,InstitutionTypeID3,Address,NumOffice,Status,Website,Modified&$filter=InstitutionTypeID%20eq%20'11'&$top=500",no
"Batangas Rural Bank for Cooperatives, Inc.",rural_bank,,BSP,BSP Directory of Banks and Non-Bank Financial Institutions: rural and cooperative banks,122,2026-09-14,"https://www.bsp.gov.ph/_api/web/lists/getbytitle('Institutions')/items?$select=InstitutionID,Title,ShortBankName,InstitutionTypeID,InstitutionTypeID2,InstitutionTypeID3,Address,NumOffice,Status,Website,Modified&$filter=InstitutionTypeID%20eq%20'11'&$top=500",no
"Bayanihan Bank, Inc",rural_bank,,BSP,BSP Directory of Banks and Non-Bank Financial Institutions: rural and cooperative banks,123,2026-09-14,"https://www.bsp.gov.ph/_api/web/lists/getbytitle('Institutions')/items?$select=InstitutionID,Title,ShortBankName,InstitutionTypeID,InstitutionTypeID2,InstitutionTypeID3,Address,NumOffice,Status,Website,Modified&$filter=InstitutionTypeID%20eq%20'11'&$top=500",no
"Baybank, Inc. (A Rural Bank)",rural_bank,,BSP,BSP Directory of Banks and Non-Bank Financial Institutions: rural and cooperative banks,124,2026-09-14,"https://www.bsp.gov.ph/_api/web/lists/getbytitle('Institutions')/items?$select=InstitutionID,Title,ShortBankName,InstitutionTypeID,InstitutionTypeID2,InstitutionTypeID3,Address,NumOffice,Status,Website,Modified&$filter=InstitutionTypeID%20eq%20'11'&$top=500",no
"Benguet Center Bank, Inc. A Rural Bank",rural_bank,,BSP,BSP Directory of Banks and Non-Bank Financial Institutions: rural and cooperative banks,125,2026-09-14,"https://www.bsp.gov.ph/_api/web/lists/getbytitle('Institutions')/items?$select=InstitutionID,Title,ShortBankName,InstitutionTypeID,InstitutionTypeID2,InstitutionTypeID3,Address,NumOffice,Status,Website,Modified&$filter=InstitutionTypeID%20eq%20'11'&$top=500",no
"BHF Rural Bank, Inc.",rural_bank,,BSP,BSP Directory of Banks and Non-Bank Financial Institutions: rural and cooperative banks,126,2026-09-14,"https://www.bsp.gov.ph/_api/web/lists/getbytitle('Institutions')/items?$select=InstitutionID,Title,ShortBankName,InstitutionTypeID,InstitutionTypeID2,InstitutionTypeID3,Address,NumOffice,Status,Website,Modified&$filter=InstitutionTypeID%20eq%20'11'&$top=500",no
"BINHI Rural Bank, Inc. (Formerly: Rural Bank of Balingasag (Misamis Oriental), Inc.)",rural_bank,,BSP,BSP Directory of Banks and Non-Bank Financial Institutions: rural and cooperative banks,128,2026-09-14,"https://www.bsp.gov.ph/_api/web/lists/getbytitle('Institutions')/items?$select=InstitutionID,Title,ShortBankName,InstitutionTypeID,InstitutionTypeID2,InstitutionTypeID3,Address,NumOffice,Status,Website,Modified&$filter=InstitutionTypeID%20eq%20'11'&$top=500",no
"Biñan Rural Bank, Inc.",rural_bank,,BSP,BSP Directory of Banks and Non-Bank Financial Institutions: rural and cooperative banks,127,2026-09-14,"https://www.bsp.gov.ph/_api/web/lists/getbytitle('Institutions')/items?$select=InstitutionID,Title,ShortBankName,InstitutionTypeID,InstitutionTypeID2,InstitutionTypeID3,Address,NumOffice,Status,Website,Modified&$filter=InstitutionTypeID%20eq%20'11'&$top=500",no
"BOF, Inc. (A Rural Bank)",rural_bank,,BSP,BSP Directory of Banks and Non-Bank Financial Institutions: rural and cooperative banks,129,2026-09-14,"https://www.bsp.gov.ph/_api/web/lists/getbytitle('Institutions')/items?$select=InstitutionID,Title,ShortBankName,InstitutionTypeID,InstitutionTypeID2,InstitutionTypeID3,Address,NumOffice,Status,Website,Modified&$filter=InstitutionTypeID%20eq%20'11'&$top=500",no
"Bolbok Rural Bank, Inc.",rural_bank,,BSP,BSP Directory of Banks and Non-Bank Financial Institutions: rural and cooperative banks,130,2026-09-14,"https://www.bsp.gov.ph/_api/web/lists/getbytitle('Institutions')/items?$select=InstitutionID,Title,ShortBankName,InstitutionTypeID,InstitutionTypeID2,InstitutionTypeID3,Address,NumOffice,Status,Website,Modified&$filter=InstitutionTypeID%20eq%20'11'&$top=500",no
"BRIC Bank, Inc. A Rural Bank",rural_bank,,BSP,BSP Directory of Banks and Non-Bank Financial Institutions: rural and cooperative banks,131,2026-09-14,"https://www.bsp.gov.ph/_api/web/lists/getbytitle('Institutions')/items?$select=InstitutionID,Title,ShortBankName,InstitutionTypeID,InstitutionTypeID2,InstitutionTypeID3,Address,NumOffice,Status,Website,Modified&$filter=InstitutionTypeID%20eq%20'11'&$top=500",no
"Bukidnon Bank, Inc. (A Rural Bank)",rural_bank,,BSP,BSP Directory of Banks and Non-Bank Financial Institutions: rural and cooperative banks,132,2026-09-14,"https://www.bsp.gov.ph/_api/web/lists/getbytitle('Institutions')/items?$select=InstitutionID,Title,ShortBankName,InstitutionTypeID,InstitutionTypeID2,InstitutionTypeID3,Address,NumOffice,Status,Website,Modified&$filter=InstitutionTypeID%20eq%20'11'&$top=500",no
"Butuan City Rural Bank, Inc.",rural_bank,,BSP,BSP Directory of Banks and Non-Bank Financial Institutions: rural and cooperative banks,133,2026-09-14,"https://www.bsp.gov.ph/_api/web/lists/getbytitle('Institutions')/items?$select=InstitutionID,Title,ShortBankName,InstitutionTypeID,InstitutionTypeID2,InstitutionTypeID3,Address,NumOffice,Status,Website,Modified&$filter=InstitutionTypeID%20eq%20'11'&$top=500",no
"Cagsawa Rural Bank, Inc.",rural_bank,,BSP,BSP Directory of Banks and Non-Bank Financial Institutions: rural and cooperative banks,134,2026-09-14,"https://www.bsp.gov.ph/_api/web/lists/getbytitle('Institutions')/items?$select=InstitutionID,Title,ShortBankName,InstitutionTypeID,InstitutionTypeID2,InstitutionTypeID3,Address,NumOffice,Status,Website,Modified&$filter=InstitutionTypeID%20eq%20'11'&$top=500",no
"Camalig Bank, Inc. (A Rural Bank)",rural_bank,,BSP,BSP Directory of Banks and Non-Bank Financial Institutions: rural and cooperative banks,135,2026-09-14,"https://www.bsp.gov.ph/_api/web/lists/getbytitle('Institutions')/items?$select=InstitutionID,Title,ShortBankName,InstitutionTypeID,InstitutionTypeID2,InstitutionTypeID3,Address,NumOffice,Status,Website,Modified&$filter=InstitutionTypeID%20eq%20'11'&$top=500",no
"Camiling Rural Bank, Inc.",rural_bank,,BSP,BSP Directory of Banks and Non-Bank Financial Institutions: rural and cooperative banks,136,2026-09-14,"https://www.bsp.gov.ph/_api/web/lists/getbytitle('Institutions')/items?$select=InstitutionID,Title,ShortBankName,InstitutionTypeID,InstitutionTypeID2,InstitutionTypeID3,Address,NumOffice,Status,Website,Modified&$filter=InstitutionTypeID%20eq%20'11'&$top=500",no
"Cantilan Bank, Inc. (A Rural Bank)",rural_bank,,BSP,BSP Directory of Banks and Non-Bank Financial Institutions: rural and cooperative banks,137,2026-09-14,"https://www.bsp.gov.ph/_api/web/lists/getbytitle('Institutions')/items?$select=InstitutionID,Title,ShortBankName,InstitutionTypeID,InstitutionTypeID2,InstitutionTypeID3,Address,NumOffice,Status,Website,Modified&$filter=InstitutionTypeID%20eq%20'11'&$top=500",no
"Card Bank, Inc. (A Microfinance - Oriented Rural Bank)",rural_bank,,BSP,BSP Directory of Banks and Non-Bank Financial Institutions: rural and cooperative banks,138,2026-09-14,"https://www.bsp.gov.ph/_api/web/lists/getbytitle('Institutions')/items?$select=InstitutionID,Title,ShortBankName,InstitutionTypeID,InstitutionTypeID2,InstitutionTypeID3,Address,NumOffice,Status,Website,Modified&$filter=InstitutionTypeID%20eq%20'11'&$top=500",no
"CARD MRI Rizal Bank, Inc., A Microfinance-Oriented Rural Bank",rural_bank,,BSP,BSP Directory of Banks and Non-Bank Financial Institutions: rural and cooperative banks,139,2026-09-14,"https://www.bsp.gov.ph/_api/web/lists/getbytitle('Institutions')/items?$select=InstitutionID,Title,ShortBankName,InstitutionTypeID,InstitutionTypeID2,InstitutionTypeID3,Address,NumOffice,Status,Website,Modified&$filter=InstitutionTypeID%20eq%20'11'&$top=500",no
"Caritas Banco ng Masa, Inc. (A Rural Bank)",rural_bank,,BSP,BSP Directory of Banks and Non-Bank Financial Institutions: rural and cooperative banks,140,2026-09-14,"https://www.bsp.gov.ph/_api/web/lists/getbytitle('Institutions')/items?$select=InstitutionID,Title,ShortBankName,InstitutionTypeID,InstitutionTypeID2,InstitutionTypeID3,Address,NumOffice,Status,Website,Modified&$filter=InstitutionTypeID%20eq%20'11'&$top=500",no
"Cebuana Lhuillier Rural Bank, Inc.",rural_bank,,BSP,BSP Directory of Banks and Non-Bank Financial Institutions: rural and cooperative banks,142,2026-09-14,"https://www.bsp.gov.ph/_api/web/lists/getbytitle('Institutions')/items?$select=InstitutionID,Title,ShortBankName,InstitutionTypeID,InstitutionTypeID2,InstitutionTypeID3,Address,NumOffice,Status,Website,Modified&$filter=InstitutionTypeID%20eq%20'11'&$top=500",no
"Century Rural Bank, Inc.",rural_bank,,BSP,BSP Directory of Banks and Non-Bank Financial Institutions: rural and cooperative banks,143,2026-09-14,"https://www.bsp.gov.ph/_api/web/lists/getbytitle('Institutions')/items?$select=InstitutionID,Title,ShortBankName,InstitutionTypeID,InstitutionTypeID2,InstitutionTypeID3,Address,NumOffice,Status,Website,Modified&$filter=InstitutionTypeID%20eq%20'11'&$top=500",no
"Chosen Bank (A Rural Bank), Inc.",rural_bank,,BSP,BSP Directory of Banks and Non-Bank Financial Institutions: rural and cooperative banks,273,2026-09-14,"https://www.bsp.gov.ph/_api/web/lists/getbytitle('Institutions')/items?$select=InstitutionID,Title,ShortBankName,InstitutionTypeID,InstitutionTypeID2,InstitutionTypeID3,Address,NumOffice,Status,Website,Modified&$filter=InstitutionTypeID%20eq%20'11'&$top=500",no
"Citizen's Rural Bank (Cabiao), Inc.",rural_bank,,BSP,BSP Directory of Banks and Non-Bank Financial Institutions: rural and cooperative banks,144,2026-09-14,"https://www.bsp.gov.ph/_api/web/lists/getbytitle('Institutions')/items?$select=InstitutionID,Title,ShortBankName,InstitutionTypeID,InstitutionTypeID2,InstitutionTypeID3,Address,NumOffice,Status,Website,Modified&$filter=InstitutionTypeID%20eq%20'11'&$top=500",no
"Classic Rural Bank, Inc.",rural_bank,,BSP,BSP Directory of Banks and Non-Bank Financial Institutions: rural and cooperative banks,145,2026-09-14,"https://www.bsp.gov.ph/_api/web/lists/getbytitle('Institutions')/items?$select=InstitutionID,Title,ShortBankName,InstitutionTypeID,InstitutionTypeID2,InstitutionTypeID3,Address,NumOffice,Status,Website,Modified&$filter=InstitutionTypeID%20eq%20'11'&$top=500",no
"Common Wealth Rural Bank, Inc.",rural_bank,,BSP,BSP Directory of Banks and Non-Bank Financial Institutions: rural and cooperative banks,146,2026-09-14,"https://www.bsp.gov.ph/_api/web/lists/getbytitle('Institutions')/items?$select=InstitutionID,Title,ShortBankName,InstitutionTypeID,InstitutionTypeID2,InstitutionTypeID3,Address,NumOffice,Status,Website,Modified&$filter=InstitutionTypeID%20eq%20'11'&$top=500",no
"Community Rural Bank of Dapitan City, Incorporated",rural_bank,,BSP,BSP Directory of Banks and Non-Bank Financial Institutions: rural and cooperative banks,147,2026-09-14,"https://www.bsp.gov.ph/_api/web/lists/getbytitle('Institutions')/items?$select=InstitutionID,Title,ShortBankName,InstitutionTypeID,InstitutionTypeID2,InstitutionTypeID3,Address,NumOffice,Status,Website,Modified&$filter=InstitutionTypeID%20eq%20'11'&$top=500",no
"Community Rural Bank of San Gabriel (La Union), Inc.",rural_bank,,BSP,BSP Directory of Banks and Non-Bank Financial Institutions: rural and cooperative banks,148,2026-09-14,"https://www.bsp.gov.ph/_api/web/lists/getbytitle('Institutions')/items?$select=InstitutionID,Title,ShortBankName,InstitutionTypeID,InstitutionTypeID2,InstitutionTypeID3,Address,NumOffice,Status,Website,Modified&$filter=InstitutionTypeID%20eq%20'11'&$top=500",no
Cooperative Bank of Benguet (CBB),rural_bank,,BSP,BSP Directory of Banks and Non-Bank Financial Institutions: rural and cooperative banks,149,2026-09-14,"https://www.bsp.gov.ph/_api/web/lists/getbytitle('Institutions')/items?$select=InstitutionID,Title,ShortBankName,InstitutionTypeID,InstitutionTypeID2,InstitutionTypeID3,Address,NumOffice,Status,Website,Modified&$filter=InstitutionTypeID%20eq%20'11'&$top=500",no
Cooperative Bank of Cagayan,rural_bank,,BSP,BSP Directory of Banks and Non-Bank Financial Institutions: rural and cooperative banks,150,2026-09-14,"https://www.bsp.gov.ph/_api/web/lists/getbytitle('Institutions')/items?$select=InstitutionID,Title,ShortBankName,InstitutionTypeID,InstitutionTypeID2,InstitutionTypeID3,Address,NumOffice,Status,Website,Modified&$filter=InstitutionTypeID%20eq%20'11'&$top=500",no
Cooperative Bank of Cebu,rural_bank,,BSP,BSP Directory of Banks and Non-Bank Financial Institutions: rural and cooperative banks,151,2026-09-14,"https://www.bsp.gov.ph/_api/web/lists/getbytitle('Institutions')/items?$select=InstitutionID,Title,ShortBankName,InstitutionTypeID,InstitutionTypeID2,InstitutionTypeID3,Address,NumOffice,Status,Website,Modified&$filter=InstitutionTypeID%20eq%20'11'&$top=500",no
Cooperative Bank of Cotabato,rural_bank,,BSP,BSP Directory of Banks and Non-Bank Financial Institutions: rural and cooperative banks,152,2026-09-14,"https://www.bsp.gov.ph/_api/web/lists/getbytitle('Institutions')/items?$select=InstitutionID,Title,ShortBankName,InstitutionTypeID,InstitutionTypeID2,InstitutionTypeID3,Address,NumOffice,Status,Website,Modified&$filter=InstitutionTypeID%20eq%20'11'&$top=500",no
Cooperative Bank of La Union,rural_bank,,BSP,BSP Directory of Banks and Non-Bank Financial Institutions: rural and cooperative banks,153,2026-09-14,"https://www.bsp.gov.ph/_api/web/lists/getbytitle('Institutions')/items?$select=InstitutionID,Title,ShortBankName,InstitutionTypeID,InstitutionTypeID2,InstitutionTypeID3,Address,NumOffice,Status,Website,Modified&$filter=InstitutionTypeID%20eq%20'11'&$top=500",no
Cooperative Bank of Mt. Province,rural_bank,,BSP,BSP Directory of Banks and Non-Bank Financial Institutions: rural and cooperative banks,154,2026-09-14,"https://www.bsp.gov.ph/_api/web/lists/getbytitle('Institutions')/items?$select=InstitutionID,Title,ShortBankName,InstitutionTypeID,InstitutionTypeID2,InstitutionTypeID3,Address,NumOffice,Status,Website,Modified&$filter=InstitutionTypeID%20eq%20'11'&$top=500",no
Cooperative Bank of Negros Oriental,rural_bank,,BSP,BSP Directory of Banks and Non-Bank Financial Institutions: rural and cooperative banks,155,2026-09-14,"https://www.bsp.gov.ph/_api/web/lists/getbytitle('Institutions')/items?$select=InstitutionID,Title,ShortBankName,InstitutionTypeID,InstitutionTypeID2,InstitutionTypeID3,Address,NumOffice,Status,Website,Modified&$filter=InstitutionTypeID%20eq%20'11'&$top=500",no
Cooperative Bank of Nueva Vizcaya,rural_bank,,BSP,BSP Directory of Banks and Non-Bank Financial Institutions: rural and cooperative banks,156,2026-09-14,"https://www.bsp.gov.ph/_api/web/lists/getbytitle('Institutions')/items?$select=InstitutionID,Title,ShortBankName,InstitutionTypeID,InstitutionTypeID2,InstitutionTypeID3,Address,NumOffice,Status,Website,Modified&$filter=InstitutionTypeID%20eq%20'11'&$top=500",no
Cooperative Bank of Palawan,rural_bank,,BSP,BSP Directory of Banks and Non-Bank Financial Institutions: rural and cooperative banks,157,2026-09-14,"https://www.bsp.gov.ph/_api/web/lists/getbytitle('Institutions')/items?$select=InstitutionID,Title,ShortBankName,InstitutionTypeID,InstitutionTypeID2,InstitutionTypeID3,Address,NumOffice,Status,Website,Modified&$filter=InstitutionTypeID%20eq%20'11'&$top=500",no
Cooperative Bank of Quezon Province,rural_bank,,BSP,BSP Directory of Banks and Non-Bank Financial Institutions: rural and cooperative banks,158,2026-09-14,"https://www.bsp.gov.ph/_api/web/lists/getbytitle('Institutions')/items?$select=InstitutionID,Title,ShortBankName,InstitutionTypeID,InstitutionTypeID2,InstitutionTypeID3,Address,NumOffice,Status,Website,Modified&$filter=InstitutionTypeID%20eq%20'11'&$top=500",no
Cooperative Bank of Zambales,rural_bank,,BSP,BSP Directory of Banks and Non-Bank Financial Institutions: rural and cooperative banks,159,2026-09-14,"https://www.bsp.gov.ph/_api/web/lists/getbytitle('Institutions')/items?$select=InstitutionID,Title,ShortBankName,InstitutionTypeID,InstitutionTypeID2,InstitutionTypeID3,Address,NumOffice,Status,Website,Modified&$filter=InstitutionTypeID%20eq%20'11'&$top=500",no
"Cordillera Bank, Inc. (A Rural Bank)",rural_bank,,BSP,BSP Directory of Banks and Non-Bank Financial Institutions: rural and cooperative banks,160,2026-09-14,"https://www.bsp.gov.ph/_api/web/lists/getbytitle('Institutions')/items?$select=InstitutionID,Title,ShortBankName,InstitutionTypeID,InstitutionTypeID2,InstitutionTypeID3,Address,NumOffice,Status,Website,Modified&$filter=InstitutionTypeID%20eq%20'11'&$top=500",no
"Crown Bank, Inc. (A Rural Bank)",rural_bank,,BSP,BSP Directory of Banks and Non-Bank Financial Institutions: rural and cooperative banks,161,2026-09-14,"https://www.bsp.gov.ph/_api/web/lists/getbytitle('Institutions')/items?$select=InstitutionID,Title,ShortBankName,InstitutionTypeID,InstitutionTypeID2,InstitutionTypeID3,Address,NumOffice,Status,Website,Modified&$filter=InstitutionTypeID%20eq%20'11'&$top=500",no
"CSFirst Bank, INC. -A Rural Bank",rural_bank,,BSP,BSP Directory of Banks and Non-Bank Financial Institutions: rural and cooperative banks,162,2026-09-14,"https://www.bsp.gov.ph/_api/web/lists/getbytitle('Institutions')/items?$select=InstitutionID,Title,ShortBankName,InstitutionTypeID,InstitutionTypeID2,InstitutionTypeID3,Address,NumOffice,Status,Website,Modified&$filter=InstitutionTypeID%20eq%20'11'&$top=500",no
"Cuyapo Rural Bank, Inc.",rural_bank,,BSP,BSP Directory of Banks and Non-Bank Financial Institutions: rural and cooperative banks,163,2026-09-14,"https://www.bsp.gov.ph/_api/web/lists/getbytitle('Institutions')/items?$select=InstitutionID,Title,ShortBankName,InstitutionTypeID,InstitutionTypeID2,InstitutionTypeID3,Address,NumOffice,Status,Website,Modified&$filter=InstitutionTypeID%20eq%20'11'&$top=500",no
"Diamond Rural Bank, Inc.",rural_bank,,BSP,BSP Directory of Banks and Non-Bank Financial Institutions: rural and cooperative banks,164,2026-09-14,"https://www.bsp.gov.ph/_api/web/lists/getbytitle('Institutions')/items?$select=InstitutionID,Title,ShortBankName,InstitutionTypeID,InstitutionTypeID2,InstitutionTypeID3,Address,NumOffice,Status,Website,Modified&$filter=InstitutionTypeID%20eq%20'11'&$top=500",no
"Dumaguete Rural Bank, Inc.",rural_bank,,BSP,BSP Directory of Banks and Non-Bank Financial Institutions: rural and cooperative banks,165,2026-09-14,"https://www.bsp.gov.ph/_api/web/lists/getbytitle('Institutions')/items?$select=InstitutionID,Title,ShortBankName,InstitutionTypeID,InstitutionTypeID2,InstitutionTypeID3,Address,NumOffice,Status,Website,Modified&$filter=InstitutionTypeID%20eq%20'11'&$top=500",no
"Dungganon Bank (A Rural Bank), Inc.",rural_bank,,BSP,BSP Directory of Banks and Non-Bank Financial Institutions: rural and cooperative banks,166,2026-09-14,"https://www.bsp.gov.ph/_api/web/lists/getbytitle('Institutions')/items?$select=InstitutionID,Title,ShortBankName,InstitutionTypeID,InstitutionTypeID2,InstitutionTypeID3,Address,NumOffice,Status,Website,Modified&$filter=InstitutionTypeID%20eq%20'11'&$top=500",no
"East West Rural Bank, Inc.",rural_bank,,BSP,BSP Directory of Banks and Non-Bank Financial Institutions: rural and cooperative banks,167,2026-09-14,"https://www.bsp.gov.ph/_api/web/lists/getbytitle('Institutions')/items?$select=InstitutionID,Title,ShortBankName,InstitutionTypeID,InstitutionTypeID2,InstitutionTypeID3,Address,NumOffice,Status,Website,Modified&$filter=InstitutionTypeID%20eq%20'11'&$top=500",no
ECCOBANK (A Rural Bank) Inc.,rural_bank,,BSP,BSP Directory of Banks and Non-Bank Financial Institutions: rural and cooperative banks,168,2026-09-14,"https://www.bsp.gov.ph/_api/web/lists/getbytitle('Institutions')/items?$select=InstitutionID,Title,ShortBankName,InstitutionTypeID,InstitutionTypeID2,InstitutionTypeID3,Address,NumOffice,Status,Website,Modified&$filter=InstitutionTypeID%20eq%20'11'&$top=500",no
"Enterprise Bank, Inc. (A Rural Bank)",rural_bank,,BSP,BSP Directory of Banks and Non-Bank Financial Institutions: rural and cooperative banks,169,2026-09-14,"https://www.bsp.gov.ph/_api/web/lists/getbytitle('Institutions')/items?$select=InstitutionID,Title,ShortBankName,InstitutionTypeID,InstitutionTypeID2,InstitutionTypeID3,Address,NumOffice,Status,Website,Modified&$filter=InstitutionTypeID%20eq%20'11'&$top=500",no
"Enterprise Capital Bank, Inc. (Taguig Rural Bank)",rural_bank,,BSP,BSP Directory of Banks and Non-Bank Financial Institutions: rural and cooperative banks,170,2026-09-14,"https://www.bsp.gov.ph/_api/web/lists/getbytitle('Institutions')/items?$select=InstitutionID,Title,ShortBankName,InstitutionTypeID,InstitutionTypeID2,InstitutionTypeID3,Address,NumOffice,Status,Website,Modified&$filter=InstitutionTypeID%20eq%20'11'&$top=500",no
"Entrepreneur Rural Bank, Inc.",rural_bank,,BSP,BSP Directory of Banks and Non-Bank Financial Institutions: rural and cooperative banks,171,2026-09-14,"https://www.bsp.gov.ph/_api/web/lists/getbytitle('Institutions')/items?$select=InstitutionID,Title,ShortBankName,InstitutionTypeID,InstitutionTypeID2,InstitutionTypeID3,Address,NumOffice,Status,Website,Modified&$filter=InstitutionTypeID%20eq%20'11'&$top=500",no
Far Eastern Bank (A Rural Bank) Inc.,rural_bank,,BSP,BSP Directory of Banks and Non-Bank Financial Institutions: rural and cooperative banks,172,2026-09-14,"https://www.bsp.gov.ph/_api/web/lists/getbytitle('Institutions')/items?$select=InstitutionID,Title,ShortBankName,InstitutionTypeID,InstitutionTypeID2,InstitutionTypeID3,Address,NumOffice,Status,Website,Modified&$filter=InstitutionTypeID%20eq%20'11'&$top=500",no
"Farm Bank, Inc. (A Rural Bank)",rural_bank,,BSP,BSP Directory of Banks and Non-Bank Financial Institutions: rural and cooperative banks,173,2026-09-14,"https://www.bsp.gov.ph/_api/web/lists/getbytitle('Institutions')/items?$select=InstitutionID,Title,ShortBankName,InstitutionTypeID,InstitutionTypeID2,InstitutionTypeID3,Address,NumOffice,Status,Website,Modified&$filter=InstitutionTypeID%20eq%20'11'&$top=500",no
"FBC First Bank of Calaca, Inc.",rural_bank,,BSP,BSP Directory of Banks and Non-Bank Financial Institutions: rural and cooperative banks,174,2026-09-14,"https://www.bsp.gov.ph/_api/web/lists/getbytitle('Institutions')/items?$select=InstitutionID,Title,ShortBankName,InstitutionTypeID,InstitutionTypeID2,InstitutionTypeID3,Address,NumOffice,Status,Website,Modified&$filter=InstitutionTypeID%20eq%20'11'&$top=500",no
Filidian Rural Bank of Antipolo Inc.,rural_bank,,BSP,BSP Directory of Banks and Non-Bank Financial Institutions: rural and cooperative banks,175,2026-09-14,"https://www.bsp.gov.ph/_api/web/lists/getbytitle('Institutions')/items?$select=InstitutionID,Title,ShortBankName,InstitutionTypeID,InstitutionTypeID2,InstitutionTypeID3,Address,NumOffice,Status,Website,Modified&$filter=InstitutionTypeID%20eq%20'11'&$top=500",no
"First Community Bank, Inc. (A Rural Bank)",rural_bank,,BSP,BSP Directory of Banks and Non-Bank Financial Institutions: rural and cooperative banks,176,2026-09-14,"https://www.bsp.gov.ph/_api/web/lists/getbytitle('Institutions')/items?$select=InstitutionID,Title,ShortBankName,InstitutionTypeID,InstitutionTypeID2,InstitutionTypeID3,Address,NumOffice,Status,Website,Modified&$filter=InstitutionTypeID%20eq%20'11'&$top=500",no
"First Imperial Business Bank, Inc. (A Rural Bank)",rural_bank,,BSP,BSP Directory of Banks and Non-Bank Financial Institutions: rural and cooperative banks,177,2026-09-14,"https://www.bsp.gov.ph/_api/web/lists/getbytitle('Institutions')/items?$select=InstitutionID,Title,ShortBankName,InstitutionTypeID,InstitutionTypeID2,InstitutionTypeID3,Address,NumOffice,Status,Website,Modified&$filter=InstitutionTypeID%20eq%20'11'&$top=500",no
"First Integrity Bank, Inc. (Rural Bank of Bailen)",rural_bank,,BSP,BSP Directory of Banks and Non-Bank Financial Institutions: rural and cooperative banks,178,2026-09-14,"https://www.bsp.gov.ph/_api/web/lists/getbytitle('Institutions')/items?$select=InstitutionID,Title,ShortBankName,InstitutionTypeID,InstitutionTypeID2,InstitutionTypeID3,Address,NumOffice,Status,Website,Modified&$filter=InstitutionTypeID%20eq%20'11'&$top=500",no
"First Isabela Cooperative Bank, Inc. (Ficobank)",rural_bank,,BSP,BSP Directory of Banks and Non-Bank Financial Institutions: rural and cooperative banks,179,2026-09-14,"https://www.bsp.gov.ph/_api/web/lists/getbytitle('Institutions')/items?$select=InstitutionID,Title,ShortBankName,InstitutionTypeID,InstitutionTypeID2,InstitutionTypeID3,Address,NumOffice,Status,Website,Modified&$filter=InstitutionTypeID%20eq%20'11'&$top=500",no
"First Mindoro Microfinance Rural Bank, Inc.",rural_bank,,BSP,BSP Directory of Banks and Non-Bank Financial Institutions: rural and cooperative banks,180,2026-09-14,"https://www.bsp.gov.ph/_api/web/lists/getbytitle('Institutions')/items?$select=InstitutionID,Title,ShortBankName,InstitutionTypeID,InstitutionTypeID2,InstitutionTypeID3,Address,NumOffice,Status,Website,Modified&$filter=InstitutionTypeID%20eq%20'11'&$top=500",no
"First Philippine Partners Bank, Inc. (A Rural Bank)",rural_bank,,BSP,BSP Directory of Banks and Non-Bank Financial Institutions: rural and cooperative banks,181,2026-09-14,"https://www.bsp.gov.ph/_api/web/lists/getbytitle('Institutions')/items?$select=InstitutionID,Title,ShortBankName,InstitutionTypeID,InstitutionTypeID2,InstitutionTypeID3,Address,NumOffice,Status,Website,Modified&$filter=InstitutionTypeID%20eq%20'11'&$top=500",no
"First State Bank, Inc., A Rural Bank",rural_bank,,BSP,BSP Directory of Banks and Non-Bank Financial Institutions: rural and cooperative banks,182,2026-09-14,"https://www.bsp.gov.ph/_api/web/lists/getbytitle('Institutions')/items?$select=InstitutionID,Title,ShortBankName,InstitutionTypeID,InstitutionTypeID2,InstitutionTypeID3,Address,NumOffice,Status,Website,Modified&$filter=InstitutionTypeID%20eq%20'11'&$top=500",no
"First TruBank (A Rural Bank), Inc.",rural_bank,,BSP,BSP Directory of Banks and Non-Bank Financial Institutions: rural and cooperative banks,183,2026-09-14,"https://www.bsp.gov.ph/_api/web/lists/getbytitle('Institutions')/items?$select=InstitutionID,Title,ShortBankName,InstitutionTypeID,InstitutionTypeID2,InstitutionTypeID3,Address,NumOffice,Status,Website,Modified&$filter=InstitutionTypeID%20eq%20'11'&$top=500",no
"First United Farmers Rural Bank, Inc.",rural_bank,,BSP,BSP Directory of Banks and Non-Bank Financial Institutions: rural and cooperative banks,184,2026-09-14,"https://www.bsp.gov.ph/_api/web/lists/getbytitle('Institutions')/items?$select=InstitutionID,Title,ShortBankName,InstitutionTypeID,InstitutionTypeID2,InstitutionTypeID3,Address,NumOffice,Status,Website,Modified&$filter=InstitutionTypeID%20eq%20'11'&$top=500",no
"Frontier Rural Bank, Inc.",rural_bank,,BSP,BSP Directory of Banks and Non-Bank Financial Institutions: rural and cooperative banks,185,2026-09-14,"https://www.bsp.gov.ph/_api/web/lists/getbytitle('Institutions')/items?$select=InstitutionID,Title,ShortBankName,InstitutionTypeID,InstitutionTypeID2,InstitutionTypeID3,Address,NumOffice,Status,Website,Modified&$filter=InstitutionTypeID%20eq%20'11'&$top=500",no
Gateway Rural Bank Incorporated,rural_bank,,BSP,BSP Directory of Banks and Non-Bank Financial Institutions: rural and cooperative banks,186,2026-09-14,"https://www.bsp.gov.ph/_api/web/lists/getbytitle('Institutions')/items?$select=InstitutionID,Title,ShortBankName,InstitutionTypeID,InstitutionTypeID2,InstitutionTypeID3,Address,NumOffice,Status,Website,Modified&$filter=InstitutionTypeID%20eq%20'11'&$top=500",no
"GM Bank of Luzon, Inc. (A Rural Bank)",rural_bank,,BSP,BSP Directory of Banks and Non-Bank Financial Institutions: rural and cooperative banks,187,2026-09-14,"https://www.bsp.gov.ph/_api/web/lists/getbytitle('Institutions')/items?$select=InstitutionID,Title,ShortBankName,InstitutionTypeID,InstitutionTypeID2,InstitutionTypeID3,Address,NumOffice,Status,Website,Modified&$filter=InstitutionTypeID%20eq%20'11'&$top=500",no
"Golden Rural Bank of the Philippines, Inc.",rural_bank,,BSP,BSP Directory of Banks and Non-Bank Financial Institutions: rural and cooperative banks,188,2026-09-14,"https://www.bsp.gov.ph/_api/web/lists/getbytitle('Institutions')/items?$select=InstitutionID,Title,ShortBankName,InstitutionTypeID,InstitutionTypeID2,InstitutionTypeID3,Address,NumOffice,Status,Website,Modified&$filter=InstitutionTypeID%20eq%20'11'&$top=500",no
"Guagua Rural Bank, Inc.",rural_bank,,BSP,BSP Directory of Banks and Non-Bank Financial Institutions: rural and cooperative banks,189,2026-09-14,"https://www.bsp.gov.ph/_api/web/lists/getbytitle('Institutions')/items?$select=InstitutionID,Title,ShortBankName,InstitutionTypeID,InstitutionTypeID2,InstitutionTypeID3,Address,NumOffice,Status,Website,Modified&$filter=InstitutionTypeID%20eq%20'11'&$top=500",no
"Guagua Savers Bank (A Rural Bank), Inc.",rural_bank,,BSP,BSP Directory of Banks and Non-Bank Financial Institutions: rural and cooperative banks,190,2026-09-14,"https://www.bsp.gov.ph/_api/web/lists/getbytitle('Institutions')/items?$select=InstitutionID,Title,ShortBankName,InstitutionTypeID,InstitutionTypeID2,InstitutionTypeID3,Address,NumOffice,Status,Website,Modified&$filter=InstitutionTypeID%20eq%20'11'&$top=500",no
"Highland Rural Bank, Inc.",rural_bank,,BSP,BSP Directory of Banks and Non-Bank Financial Institutions: rural and cooperative banks,191,2026-09-14,"https://www.bsp.gov.ph/_api/web/lists/getbytitle('Institutions')/items?$select=InstitutionID,Title,ShortBankName,InstitutionTypeID,InstitutionTypeID2,InstitutionTypeID3,Address,NumOffice,Status,Website,Modified&$filter=InstitutionTypeID%20eq%20'11'&$top=500",no
Ilocos Consolidated Cooperative Bank,rural_bank,,BSP,BSP Directory of Banks and Non-Bank Financial Institutions: rural and cooperative banks,192,2026-09-14,"https://www.bsp.gov.ph/_api/web/lists/getbytitle('Institutions')/items?$select=InstitutionID,Title,ShortBankName,InstitutionTypeID,InstitutionTypeID2,InstitutionTypeID3,Address,NumOffice,Status,Website,Modified&$filter=InstitutionTypeID%20eq%20'11'&$top=500",no
"Imus Rural Bank, Inc.",rural_bank,,BSP,BSP Directory of Banks and Non-Bank Financial Institutions: rural and cooperative banks,193,2026-09-14,"https://www.bsp.gov.ph/_api/web/lists/getbytitle('Institutions')/items?$select=InstitutionID,Title,ShortBankName,InstitutionTypeID,InstitutionTypeID2,InstitutionTypeID3,Address,NumOffice,Status,Website,Modified&$filter=InstitutionTypeID%20eq%20'11'&$top=500",no
Innovative Bank Inc. (A Rural Bank),rural_bank,,BSP,BSP Directory of Banks and Non-Bank Financial Institutions: rural and cooperative banks,194,2026-09-14,"https://www.bsp.gov.ph/_api/web/lists/getbytitle('Institutions')/items?$select=InstitutionID,Title,ShortBankName,InstitutionTypeID,InstitutionTypeID2,InstitutionTypeID3,Address,NumOffice,Status,Website,Modified&$filter=InstitutionTypeID%20eq%20'11'&$top=500",no
"Janiuay Rural Bank, Inc.",rural_bank,,BSP,BSP Directory of Banks and Non-Bank Financial Institutions: rural and cooperative banks,195,2026-09-14,"https://www.bsp.gov.ph/_api/web/lists/getbytitle('Institutions')/items?$select=InstitutionID,Title,ShortBankName,InstitutionTypeID,InstitutionTypeID2,InstitutionTypeID3,Address,NumOffice,Status,Website,Modified&$filter=InstitutionTypeID%20eq%20'11'&$top=500",no
Katipunan Banking Corporation (A Rural Bank),rural_bank,,BSP,BSP Directory of Banks and Non-Bank Financial Institutions: rural and cooperative banks,196,2026-09-14,"https://www.bsp.gov.ph/_api/web/lists/getbytitle('Institutions')/items?$select=InstitutionID,Title,ShortBankName,InstitutionTypeID,InstitutionTypeID2,InstitutionTypeID3,Address,NumOffice,Status,Website,Modified&$filter=InstitutionTypeID%20eq%20'11'&$top=500",no
"Key Rural Bank, Inc.",rural_bank,,BSP,BSP Directory of Banks and Non-Bank Financial Institutions: rural and cooperative banks,197,2026-09-14,"https://www.bsp.gov.ph/_api/web/lists/getbytitle('Institutions')/items?$select=InstitutionID,Title,ShortBankName,InstitutionTypeID,InstitutionTypeID2,InstitutionTypeID3,Address,NumOffice,Status,Website,Modified&$filter=InstitutionTypeID%20eq%20'11'&$top=500",no
"Lagawe Highlands Rural Bank, Inc.",rural_bank,,BSP,BSP Directory of Banks and Non-Bank Financial Institutions: rural and cooperative banks,198,2026-09-14,"https://www.bsp.gov.ph/_api/web/lists/getbytitle('Institutions')/items?$select=InstitutionID,Title,ShortBankName,InstitutionTypeID,InstitutionTypeID2,InstitutionTypeID3,Address,NumOffice,Status,Website,Modified&$filter=InstitutionTypeID%20eq%20'11'&$top=500",no
"Laguna Prestige Banking Corporation, (A Rural Bank)",rural_bank,,BSP,BSP Directory of Banks and Non-Bank Financial Institutions: rural and cooperative banks,199,2026-09-14,"https://www.bsp.gov.ph/_api/web/lists/getbytitle('Institutions')/items?$select=InstitutionID,Title,ShortBankName,InstitutionTypeID,InstitutionTypeID2,InstitutionTypeID3,Address,NumOffice,Status,Website,Modified&$filter=InstitutionTypeID%20eq%20'11'&$top=500",no
"Liberty Bank (A Rural Bank), Inc.",rural_bank,,BSP,BSP Directory of Banks and Non-Bank Financial Institutions: rural and cooperative banks,200,2026-09-14,"https://www.bsp.gov.ph/_api/web/lists/getbytitle('Institutions')/items?$select=InstitutionID,Title,ShortBankName,InstitutionTypeID,InstitutionTypeID2,InstitutionTypeID3,Address,NumOffice,Status,Website,Modified&$filter=InstitutionTypeID%20eq%20'11'&$top=500",no
LifeBank- A Rural Bank,rural_bank,,BSP,BSP Directory of Banks and Non-Bank Financial Institutions: rural and cooperative banks,201,2026-09-14,"https://www.bsp.gov.ph/_api/web/lists/getbytitle('Institutions')/items?$select=InstitutionID,Title,ShortBankName,InstitutionTypeID,InstitutionTypeID2,InstitutionTypeID3,Address,NumOffice,Status,Website,Modified&$filter=InstitutionTypeID%20eq%20'11'&$top=500",no
"Limcoma Rural Bank, Inc.",rural_bank,,BSP,BSP Directory of Banks and Non-Bank Financial Institutions: rural and cooperative banks,202,2026-09-14,"https://www.bsp.gov.ph/_api/web/lists/getbytitle('Institutions')/items?$select=InstitutionID,Title,ShortBankName,InstitutionTypeID,InstitutionTypeID2,InstitutionTypeID3,Address,NumOffice,Status,Website,Modified&$filter=InstitutionTypeID%20eq%20'11'&$top=500",no
"Lipa Bank, Inc. (A Rural Bank)",rural_bank,,BSP,BSP Directory of Banks and Non-Bank Financial Institutions: rural and cooperative banks,203,2026-09-14,"https://www.bsp.gov.ph/_api/web/lists/getbytitle('Institutions')/items?$select=InstitutionID,Title,ShortBankName,InstitutionTypeID,InstitutionTypeID2,InstitutionTypeID3,Address,NumOffice,Status,Website,Modified&$filter=InstitutionTypeID%20eq%20'11'&$top=500",no
"LUDB Bank, Inc. (A Rural Bank)",rural_bank,,BSP,BSP Directory of Banks and Non-Bank Financial Institutions: rural and cooperative banks,204,2026-09-14,"https://www.bsp.gov.ph/_api/web/lists/getbytitle('Institutions')/items?$select=InstitutionID,Title,ShortBankName,InstitutionTypeID,InstitutionTypeID2,InstitutionTypeID3,Address,NumOffice,Status,Website,Modified&$filter=InstitutionTypeID%20eq%20'11'&$top=500",no
"Mactan Rural Bank (Lapu-Lapu City), Inc.",rural_bank,,BSP,BSP Directory of Banks and Non-Bank Financial Institutions: rural and cooperative banks,205,2026-09-14,"https://www.bsp.gov.ph/_api/web/lists/getbytitle('Institutions')/items?$select=InstitutionID,Title,ShortBankName,InstitutionTypeID,InstitutionTypeID2,InstitutionTypeID3,Address,NumOffice,Status,Website,Modified&$filter=InstitutionTypeID%20eq%20'11'&$top=500",no
"Maharlika Rural Bank, Inc.",rural_bank,,BSP,BSP Directory of Banks and Non-Bank Financial Institutions: rural and cooperative banks,206,2026-09-14,"https://www.bsp.gov.ph/_api/web/lists/getbytitle('Institutions')/items?$select=InstitutionID,Title,ShortBankName,InstitutionTypeID,InstitutionTypeID2,InstitutionTypeID3,Address,NumOffice,Status,Website,Modified&$filter=InstitutionTypeID%20eq%20'11'&$top=500",no
"Malarayat Rural Bank, Inc.",rural_bank,,BSP,BSP Directory of Banks and Non-Bank Financial Institutions: rural and cooperative banks,207,2026-09-14,"https://www.bsp.gov.ph/_api/web/lists/getbytitle('Institutions')/items?$select=InstitutionID,Title,ShortBankName,InstitutionTypeID,InstitutionTypeID2,InstitutionTypeID3,Address,NumOffice,Status,Website,Modified&$filter=InstitutionTypeID%20eq%20'11'&$top=500",no
"Mallig Plains Rural Bank (Isabela), Inc.",rural_bank,,BSP,BSP Directory of Banks and Non-Bank Financial Institutions: rural and cooperative banks,208,2026-09-14,"https://www.bsp.gov.ph/_api/web/lists/getbytitle('Institutions')/items?$select=InstitutionID,Title,ShortBankName,InstitutionTypeID,InstitutionTypeID2,InstitutionTypeID3,Address,NumOffice,Status,Website,Modified&$filter=InstitutionTypeID%20eq%20'11'&$top=500",no
Manor Bank - A Rural Bank Corp.,rural_bank,,BSP,BSP Directory of Banks and Non-Bank Financial Institutions: rural and cooperative banks,209,2026-09-14,"https://www.bsp.gov.ph/_api/web/lists/getbytitle('Institutions')/items?$select=InstitutionID,Title,ShortBankName,InstitutionTypeID,InstitutionTypeID2,InstitutionTypeID3,Address,NumOffice,Status,Website,Modified&$filter=InstitutionTypeID%20eq%20'11'&$top=500",no
"Marayo Bank, Inc. (A Rural Bank)",rural_bank,,BSP,BSP Directory of Banks and Non-Bank Financial Institutions: rural and cooperative banks,210,2026-09-14,"https://www.bsp.gov.ph/_api/web/lists/getbytitle('Institutions')/items?$select=InstitutionID,Title,ShortBankName,InstitutionTypeID,InstitutionTypeID2,InstitutionTypeID3,Address,NumOffice,Status,Website,Modified&$filter=InstitutionTypeID%20eq%20'11'&$top=500",no
Maritime Bank Corporation (A Rural Bank),rural_bank,,BSP,BSP Directory of Banks and Non-Bank Financial Institutions: rural and cooperative banks,212,2026-09-14,"https://www.bsp.gov.ph/_api/web/lists/getbytitle('Institutions')/items?$select=InstitutionID,Title,ShortBankName,InstitutionTypeID,InstitutionTypeID2,InstitutionTypeID3,Address,NumOffice,Status,Website,Modified&$filter=InstitutionTypeID%20eq%20'11'&$top=500",no
"Masagana Rural Bank, (Gen. Natividad, N.E.), Inc.",rural_bank,,BSP,BSP Directory of Banks and Non-Bank Financial Institutions: rural and cooperative banks,213,2026-09-14,"https://www.bsp.gov.ph/_api/web/lists/getbytitle('Institutions')/items?$select=InstitutionID,Title,ShortBankName,InstitutionTypeID,InstitutionTypeID2,InstitutionTypeID3,Address,NumOffice,Status,Website,Modified&$filter=InstitutionTypeID%20eq%20'11'&$top=500",no
"Mega Rural Bank (Lucena City), Inc.",rural_bank,,BSP,BSP Directory of Banks and Non-Bank Financial Institutions: rural and cooperative banks,214,2026-09-14,"https://www.bsp.gov.ph/_api/web/lists/getbytitle('Institutions')/items?$select=InstitutionID,Title,ShortBankName,InstitutionTypeID,InstitutionTypeID2,InstitutionTypeID3,Address,NumOffice,Status,Website,Modified&$filter=InstitutionTypeID%20eq%20'11'&$top=500",no
Mindanao Consolidated Cooperative Bank,rural_bank,,BSP,BSP Directory of Banks and Non-Bank Financial Institutions: rural and cooperative banks,215,2026-09-14,"https://www.bsp.gov.ph/_api/web/lists/getbytitle('Institutions')/items?$select=InstitutionID,Title,ShortBankName,InstitutionTypeID,InstitutionTypeID2,InstitutionTypeID3,Address,NumOffice,Status,Website,Modified&$filter=InstitutionTypeID%20eq%20'11'&$top=500",no
"Misamis Bank, Inc. A Rural Bank",rural_bank,,BSP,BSP Directory of Banks and Non-Bank Financial Institutions: rural and cooperative banks,216,2026-09-14,"https://www.bsp.gov.ph/_api/web/lists/getbytitle('Institutions')/items?$select=InstitutionID,Title,ShortBankName,InstitutionTypeID,InstitutionTypeID2,InstitutionTypeID3,Address,NumOffice,Status,Website,Modified&$filter=InstitutionTypeID%20eq%20'11'&$top=500",no
"Money Mall Rural Bank, Inc.",rural_bank,,BSP,BSP Directory of Banks and Non-Bank Financial Institutions: rural and cooperative banks,217,2026-09-14,"https://www.bsp.gov.ph/_api/web/lists/getbytitle('Institutions')/items?$select=InstitutionID,Title,ShortBankName,InstitutionTypeID,InstitutionTypeID2,InstitutionTypeID3,Address,NumOffice,Status,Website,Modified&$filter=InstitutionTypeID%20eq%20'11'&$top=500",no
"Mount Carmel Rural Bank, Inc.",rural_bank,,BSP,BSP Directory of Banks and Non-Bank Financial Institutions: rural and cooperative banks,218,2026-09-14,"https://www.bsp.gov.ph/_api/web/lists/getbytitle('Institutions')/items?$select=InstitutionID,Title,ShortBankName,InstitutionTypeID,InstitutionTypeID2,InstitutionTypeID3,Address,NumOffice,Status,Website,Modified&$filter=InstitutionTypeID%20eq%20'11'&$top=500",no
MVSM Bank (A Rural Bank Since 1953) Inc.,rural_bank,,BSP,BSP Directory of Banks and Non-Bank Financial Institutions: rural and cooperative banks,219,2026-09-14,"https://www.bsp.gov.ph/_api/web/lists/getbytitle('Institutions')/items?$select=InstitutionID,Title,ShortBankName,InstitutionTypeID,InstitutionTypeID2,InstitutionTypeID3,Address,NumOffice,Status,Website,Modified&$filter=InstitutionTypeID%20eq%20'11'&$top=500",no
National Teachers & Employees Cooperative Bank,rural_bank,,BSP,BSP Directory of Banks and Non-Bank Financial Institutions: rural and cooperative banks,220,2026-09-14,"https://www.bsp.gov.ph/_api/web/lists/getbytitle('Institutions')/items?$select=InstitutionID,Title,ShortBankName,InstitutionTypeID,InstitutionTypeID2,InstitutionTypeID3,Address,NumOffice,Status,Website,Modified&$filter=InstitutionTypeID%20eq%20'11'&$top=500",no
Negros Cooperative Bank,rural_bank,,BSP,BSP Directory of Banks and Non-Bank Financial Institutions: rural and cooperative banks,221,2026-09-14,"https://www.bsp.gov.ph/_api/web/lists/getbytitle('Institutions')/items?$select=InstitutionID,Title,ShortBankName,InstitutionTypeID,InstitutionTypeID2,InstitutionTypeID3,Address,NumOffice,Status,Website,Modified&$filter=InstitutionTypeID%20eq%20'11'&$top=500",no
"Netbank (A Rural Bank), Inc.",rural_bank,,BSP,BSP Directory of Banks and Non-Bank Financial Institutions: rural and cooperative banks,222,2026-09-14,"https://www.bsp.gov.ph/_api/web/lists/getbytitle('Institutions')/items?$select=InstitutionID,Title,ShortBankName,InstitutionTypeID,InstitutionTypeID2,InstitutionTypeID3,Address,NumOffice,Status,Website,Modified&$filter=InstitutionTypeID%20eq%20'11'&$top=500",no
Network Consolidated Cooperative Bank,rural_bank,,BSP,BSP Directory of Banks and Non-Bank Financial Institutions: rural and cooperative banks,223,2026-09-14,"https://www.bsp.gov.ph/_api/web/lists/getbytitle('Institutions')/items?$select=InstitutionID,Title,ShortBankName,InstitutionTypeID,InstitutionTypeID2,InstitutionTypeID3,Address,NumOffice,Status,Website,Modified&$filter=InstitutionTypeID%20eq%20'11'&$top=500",no
"New Rural Bank of Agoncillo, Inc.",rural_bank,,BSP,BSP Directory of Banks and Non-Bank Financial Institutions: rural and cooperative banks,224,2026-09-14,"https://www.bsp.gov.ph/_api/web/lists/getbytitle('Institutions')/items?$select=InstitutionID,Title,ShortBankName,InstitutionTypeID,InstitutionTypeID2,InstitutionTypeID3,Address,NumOffice,Status,Website,Modified&$filter=InstitutionTypeID%20eq%20'11'&$top=500",no
"New Rural Bank of San Leonardo (Nueva Ecija), Inc.",rural_bank,,BSP,BSP Directory of Banks and Non-Bank Financial Institutions: rural and cooperative banks,225,2026-09-14,"https://www.bsp.gov.ph/_api/web/lists/getbytitle('Institutions')/items?$select=InstitutionID,Title,ShortBankName,InstitutionTypeID,InstitutionTypeID2,InstitutionTypeID3,Address,NumOffice,Status,Website,Modified&$filter=InstitutionTypeID%20eq%20'11'&$top=500",no
North Pacific Banking Corporation (A Rural Bank),rural_bank,,BSP,BSP Directory of Banks and Non-Bank Financial Institutions: rural and cooperative banks,226,2026-09-14,"https://www.bsp.gov.ph/_api/web/lists/getbytitle('Institutions')/items?$select=InstitutionID,Title,ShortBankName,InstitutionTypeID,InstitutionTypeID2,InstitutionTypeID3,Address,NumOffice,Status,Website,Modified&$filter=InstitutionTypeID%20eq%20'11'&$top=500",no
NORTH STAR BANK (A RURAL BANK) INC.,rural_bank,,BSP,BSP Directory of Banks and Non-Bank Financial Institutions: rural and cooperative banks,275,2026-09-14,"https://www.bsp.gov.ph/_api/web/lists/getbytitle('Institutions')/items?$select=InstitutionID,Title,ShortBankName,InstitutionTypeID,InstitutionTypeID2,InstitutionTypeID3,Address,NumOffice,Status,Website,Modified&$filter=InstitutionTypeID%20eq%20'11'&$top=500",no
Occidental Mindoro Cooperative Bank (OMCB),rural_bank,,BSP,BSP Directory of Banks and Non-Bank Financial Institutions: rural and cooperative banks,227,2026-09-14,"https://www.bsp.gov.ph/_api/web/lists/getbytitle('Institutions')/items?$select=InstitutionID,Title,ShortBankName,InstitutionTypeID,InstitutionTypeID2,InstitutionTypeID3,Address,NumOffice,Status,Website,Modified&$filter=InstitutionTypeID%20eq%20'11'&$top=500",no
One Cooperative Bank,rural_bank,,BSP,BSP Directory of Banks and Non-Bank Financial Institutions: rural and cooperative banks,228,2026-09-14,"https://www.bsp.gov.ph/_api/web/lists/getbytitle('Institutions')/items?$select=InstitutionID,Title,ShortBankName,InstitutionTypeID,InstitutionTypeID2,InstitutionTypeID3,Address,NumOffice,Status,Website,Modified&$filter=InstitutionTypeID%20eq%20'11'&$top=500",no
One Unified Rural Bank of Cavite Incorporated,rural_bank,,BSP,BSP Directory of Banks and Non-Bank Financial Institutions: rural and cooperative banks,229,2026-09-14,"https://www.bsp.gov.ph/_api/web/lists/getbytitle('Institutions')/items?$select=InstitutionID,Title,ShortBankName,InstitutionTypeID,InstitutionTypeID2,InstitutionTypeID3,Address,NumOffice,Status,Website,Modified&$filter=InstitutionTypeID%20eq%20'11'&$top=500",no
"Ormon Bank (Rural Bank of Mulanay (Quezon), Inc.)",rural_bank,,BSP,BSP Directory of Banks and Non-Bank Financial Institutions: rural and cooperative banks,230,2026-09-14,"https://www.bsp.gov.ph/_api/web/lists/getbytitle('Institutions')/items?$select=InstitutionID,Title,ShortBankName,InstitutionTypeID,InstitutionTypeID2,InstitutionTypeID3,Address,NumOffice,Status,Website,Modified&$filter=InstitutionTypeID%20eq%20'11'&$top=500",no
"Own Bank, The Rural Bank of Cavite City, Inc.",rural_bank,,BSP,BSP Directory of Banks and Non-Bank Financial Institutions: rural and cooperative banks,231,2026-09-14,"https://www.bsp.gov.ph/_api/web/lists/getbytitle('Institutions')/items?$select=InstitutionID,Title,ShortBankName,InstitutionTypeID,InstitutionTypeID2,InstitutionTypeID3,Address,NumOffice,Status,Website,Modified&$filter=InstitutionTypeID%20eq%20'11'&$top=500",no
"Pangasinan Bank (A Rural Bank), Inc.",rural_bank,,BSP,BSP Directory of Banks and Non-Bank Financial Institutions: rural and cooperative banks,232,2026-09-14,"https://www.bsp.gov.ph/_api/web/lists/getbytitle('Institutions')/items?$select=InstitutionID,Title,ShortBankName,InstitutionTypeID,InstitutionTypeID2,InstitutionTypeID3,Address,NumOffice,Status,Website,Modified&$filter=InstitutionTypeID%20eq%20'11'&$top=500",no
"Panguil Bay Rural Bank Of Ozamiz, Inc.",rural_bank,,BSP,BSP Directory of Banks and Non-Bank Financial Institutions: rural and cooperative banks,233,2026-09-14,"https://www.bsp.gov.ph/_api/web/lists/getbytitle('Institutions')/items?$select=InstitutionID,Title,ShortBankName,InstitutionTypeID,InstitutionTypeID2,InstitutionTypeID3,Address,NumOffice,Status,Website,Modified&$filter=InstitutionTypeID%20eq%20'11'&$top=500",no
"Partner Rural Bank (Cotabato), Inc.",rural_bank,,BSP,BSP Directory of Banks and Non-Bank Financial Institutions: rural and cooperative banks,234,2026-09-14,"https://www.bsp.gov.ph/_api/web/lists/getbytitle('Institutions')/items?$select=InstitutionID,Title,ShortBankName,InstitutionTypeID,InstitutionTypeID2,InstitutionTypeID3,Address,NumOffice,Status,Website,Modified&$filter=InstitutionTypeID%20eq%20'11'&$top=500",no
"People's Rural Bank (Gen. Santos City), Inc.",rural_bank,,BSP,BSP Directory of Banks and Non-Bank Financial Institutions: rural and cooperative banks,236,2026-09-14,"https://www.bsp.gov.ph/_api/web/lists/getbytitle('Institutions')/items?$select=InstitutionID,Title,ShortBankName,InstitutionTypeID,InstitutionTypeID2,InstitutionTypeID3,Address,NumOffice,Status,Website,Modified&$filter=InstitutionTypeID%20eq%20'11'&$top=500",no
"People’s Hawak Kamay Bank, Inc.",rural_bank,,BSP,BSP Directory of Banks and Non-Bank Financial Institutions: rural and cooperative banks,235,2026-09-14,"https://www.bsp.gov.ph/_api/web/lists/getbytitle('Institutions')/items?$select=InstitutionID,Title,ShortBankName,InstitutionTypeID,InstitutionTypeID2,InstitutionTypeID3,Address,NumOffice,Status,Website,Modified&$filter=InstitutionTypeID%20eq%20'11'&$top=500",no
"Philippine SME Bank, Inc., A Rural Bank",rural_bank,,BSP,BSP Directory of Banks and Non-Bank Financial Institutions: rural and cooperative banks,237,2026-09-14,"https://www.bsp.gov.ph/_api/web/lists/getbytitle('Institutions')/items?$select=InstitutionID,Title,ShortBankName,InstitutionTypeID,InstitutionTypeID2,InstitutionTypeID3,Address,NumOffice,Status,Website,Modified&$filter=InstitutionTypeID%20eq%20'11'&$top=500",no
"Pioneer Bank (A Rural Bank), Inc.",rural_bank,,BSP,BSP Directory of Banks and Non-Bank Financial Institutions: rural and cooperative banks,238,2026-09-14,"https://www.bsp.gov.ph/_api/web/lists/getbytitle('Institutions')/items?$select=InstitutionID,Title,ShortBankName,InstitutionTypeID,InstitutionTypeID2,InstitutionTypeID3,Address,NumOffice,Status,Website,Modified&$filter=InstitutionTypeID%20eq%20'11'&$top=500",no
"Planbank ""Rural Bank of Canlubang Planters, Inc.""",rural_bank,,BSP,BSP Directory of Banks and Non-Bank Financial Institutions: rural and cooperative banks,239,2026-09-14,"https://www.bsp.gov.ph/_api/web/lists/getbytitle('Institutions')/items?$select=InstitutionID,Title,ShortBankName,InstitutionTypeID,InstitutionTypeID2,InstitutionTypeID3,Address,NumOffice,Status,Website,Modified&$filter=InstitutionTypeID%20eq%20'11'&$top=500",no
ProFarmers Rural Banking Corporation,rural_bank,,BSP,BSP Directory of Banks and Non-Bank Financial Institutions: rural and cooperative banks,240,2026-09-14,"https://www.bsp.gov.ph/_api/web/lists/getbytitle('Institutions')/items?$select=InstitutionID,Title,ShortBankName,InstitutionTypeID,InstitutionTypeID2,InstitutionTypeID3,Address,NumOffice,Status,Website,Modified&$filter=InstitutionTypeID%20eq%20'11'&$top=500",no
"Progressive Rural Bank, Inc.",rural_bank,,BSP,BSP Directory of Banks and Non-Bank Financial Institutions: rural and cooperative banks,241,2026-09-14,"https://www.bsp.gov.ph/_api/web/lists/getbytitle('Institutions')/items?$select=InstitutionID,Title,ShortBankName,InstitutionTypeID,InstitutionTypeID2,InstitutionTypeID3,Address,NumOffice,Status,Website,Modified&$filter=InstitutionTypeID%20eq%20'11'&$top=500",no
"Provident Rural Bank of Sta. Cruz (Laguna), Inc.",rural_bank,,BSP,BSP Directory of Banks and Non-Bank Financial Institutions: rural and cooperative banks,242,2026-09-14,"https://www.bsp.gov.ph/_api/web/lists/getbytitle('Institutions')/items?$select=InstitutionID,Title,ShortBankName,InstitutionTypeID,InstitutionTypeID2,InstitutionTypeID3,Address,NumOffice,Status,Website,Modified&$filter=InstitutionTypeID%20eq%20'11'&$top=500",no
"Quezon Capital Rural Bank, Inc.",rural_bank,,BSP,BSP Directory of Banks and Non-Bank Financial Institutions: rural and cooperative banks,243,2026-09-14,"https://www.bsp.gov.ph/_api/web/lists/getbytitle('Institutions')/items?$select=InstitutionID,Title,ShortBankName,InstitutionTypeID,InstitutionTypeID2,InstitutionTypeID3,Address,NumOffice,Status,Website,Modified&$filter=InstitutionTypeID%20eq%20'11'&$top=500",no
"Quezon Coconut Bank, Inc. (A Rural Bank)",rural_bank,,BSP,BSP Directory of Banks and Non-Bank Financial Institutions: rural and cooperative banks,244,2026-09-14,"https://www.bsp.gov.ph/_api/web/lists/getbytitle('Institutions')/items?$select=InstitutionID,Title,ShortBankName,InstitutionTypeID,InstitutionTypeID2,InstitutionTypeID3,Address,NumOffice,Status,Website,Modified&$filter=InstitutionTypeID%20eq%20'11'&$top=500",no
"Rang-Ay Bank (A Rural Bank), Inc.",rural_bank,,BSP,BSP Directory of Banks and Non-Bank Financial Institutions: rural and cooperative banks,245,2026-09-14,"https://www.bsp.gov.ph/_api/web/lists/getbytitle('Institutions')/items?$select=InstitutionID,Title,ShortBankName,InstitutionTypeID,InstitutionTypeID2,InstitutionTypeID3,Address,NumOffice,Status,Website,Modified&$filter=InstitutionTypeID%20eq%20'11'&$top=500",no
"RBT Bank, Inc., A Rural Bank",rural_bank,,BSP,BSP Directory of Banks and Non-Bank Financial Institutions: rural and cooperative banks,246,2026-09-14,"https://www.bsp.gov.ph/_api/web/lists/getbytitle('Institutions')/items?$select=InstitutionID,Title,ShortBankName,InstitutionTypeID,InstitutionTypeID2,InstitutionTypeID3,Address,NumOffice,Status,Website,Modified&$filter=InstitutionTypeID%20eq%20'11'&$top=500",no
RNG Bank,rural_bank,,BSP,BSP Directory of Banks and Non-Bank Financial Institutions: rural and cooperative banks,247,2026-09-14,"https://www.bsp.gov.ph/_api/web/lists/getbytitle('Institutions')/items?$select=InstitutionID,Title,ShortBankName,InstitutionTypeID,InstitutionTypeID2,InstitutionTypeID3,Address,NumOffice,Status,Website,Modified&$filter=InstitutionTypeID%20eq%20'11'&$top=500",no
"Rural Bank of Alabel (Sarangani), Inc.",rural_bank,,BSP,BSP Directory of Banks and Non-Bank Financial Institutions: rural and cooperative banks,248,2026-09-14,"https://www.bsp.gov.ph/_api/web/lists/getbytitle('Institutions')/items?$select=InstitutionID,Title,ShortBankName,InstitutionTypeID,InstitutionTypeID2,InstitutionTypeID3,Address,NumOffice,Status,Website,Modified&$filter=InstitutionTypeID%20eq%20'11'&$top=500",no
"Rural Bank of Alaminos (Pangasinan), Inc.",rural_bank,,BSP,BSP Directory of Banks and Non-Bank Financial Institutions: rural and cooperative banks,249,2026-09-14,"https://www.bsp.gov.ph/_api/web/lists/getbytitle('Institutions')/items?$select=InstitutionID,Title,ShortBankName,InstitutionTypeID,InstitutionTypeID2,InstitutionTypeID3,Address,NumOffice,Status,Website,Modified&$filter=InstitutionTypeID%20eq%20'11'&$top=500",no
"Rural Bank of Alicia (Isabela), Inc.",rural_bank,,BSP,BSP Directory of Banks and Non-Bank Financial Institutions: rural and cooperative banks,250,2026-09-14,"https://www.bsp.gov.ph/_api/web/lists/getbytitle('Institutions')/items?$select=InstitutionID,Title,ShortBankName,InstitutionTypeID,InstitutionTypeID2,InstitutionTypeID3,Address,NumOffice,Status,Website,Modified&$filter=InstitutionTypeID%20eq%20'11'&$top=500",no
"Rural Bank of Alitagtag, Inc.",rural_bank,,BSP,BSP Directory of Banks and Non-Bank Financial Institutions: rural and cooperative banks,251,2026-09-14,"https://www.bsp.gov.ph/_api/web/lists/getbytitle('Institutions')/items?$select=InstitutionID,Title,ShortBankName,InstitutionTypeID,InstitutionTypeID2,InstitutionTypeID3,Address,NumOffice,Status,Website,Modified&$filter=InstitutionTypeID%20eq%20'11'&$top=500",no
"Rural Bank of Altavas (Aklan), Inc.",rural_bank,,BSP,BSP Directory of Banks and Non-Bank Financial Institutions: rural and cooperative banks,252,2026-09-14,"https://www.bsp.gov.ph/_api/web/lists/getbytitle('Institutions')/items?$select=InstitutionID,Title,ShortBankName,InstitutionTypeID,InstitutionTypeID2,InstitutionTypeID3,Address,NumOffice,Status,Website,Modified&$filter=InstitutionTypeID%20eq%20'11'&$top=500",no
"Rural Bank of Amlan (Negros Oriental), Inc.",rural_bank,,BSP,BSP Directory of Banks and Non-Bank Financial Institutions: rural and cooperative banks,253,2026-09-14,"https://www.bsp.gov.ph/_api/web/lists/getbytitle('Institutions')/items?$select=InstitutionID,Title,ShortBankName,InstitutionTypeID,InstitutionTypeID2,InstitutionTypeID3,Address,NumOffice,Status,Website,Modified&$filter=InstitutionTypeID%20eq%20'11'&$top=500",no
"Rural Bank of Anda (Pangasinan), Inc.",rural_bank,,BSP,BSP Directory of Banks and Non-Bank Financial Institutions: rural and cooperative banks,254,2026-09-14,"https://www.bsp.gov.ph/_api/web/lists/getbytitle('Institutions')/items?$select=InstitutionID,Title,ShortBankName,InstitutionTypeID,InstitutionTypeID2,InstitutionTypeID3,Address,NumOffice,Status,Website,Modified&$filter=InstitutionTypeID%20eq%20'11'&$top=500",no
"Rural Bank of Angat (Bulacan), Inc.",rural_bank,,BSP,BSP Directory of Banks and Non-Bank Financial Institutions: rural and cooperative banks,255,2026-09-14,"https://www.bsp.gov.ph/_api/web/lists/getbytitle('Institutions')/items?$select=InstitutionID,Title,ShortBankName,InstitutionTypeID,InstitutionTypeID2,InstitutionTypeID3,Address,NumOffice,Status,Website,Modified&$filter=InstitutionTypeID%20eq%20'11'&$top=500",no
"Rural Bank of Angeles, Inc.",rural_bank,,BSP,BSP Directory of Banks and Non-Bank Financial Institutions: rural and cooperative banks,256,2026-09-14,"https://www.bsp.gov.ph/_api/web/lists/getbytitle('Institutions')/items?$select=InstitutionID,Title,ShortBankName,InstitutionTypeID,InstitutionTypeID2,InstitutionTypeID3,Address,NumOffice,Status,Website,Modified&$filter=InstitutionTypeID%20eq%20'11'&$top=500",no
"Rural Bank of Angono, Inc.",rural_bank,,BSP,BSP Directory of Banks and Non-Bank Financial Institutions: rural and cooperative banks,257,2026-09-14,"https://www.bsp.gov.ph/_api/web/lists/getbytitle('Institutions')/items?$select=InstitutionID,Title,ShortBankName,InstitutionTypeID,InstitutionTypeID2,InstitutionTypeID3,Address,NumOffice,Status,Website,Modified&$filter=InstitutionTypeID%20eq%20'11'&$top=500",no
"Rural Bank of Antipolo, Inc.",rural_bank,,BSP,BSP Directory of Banks and Non-Bank Financial Institutions: rural and cooperative banks,258,2026-09-14,"https://www.bsp.gov.ph/_api/web/lists/getbytitle('Institutions')/items?$select=InstitutionID,Title,ShortBankName,InstitutionTypeID,InstitutionTypeID2,InstitutionTypeID3,Address,NumOffice,Status,Website,Modified&$filter=InstitutionTypeID%20eq%20'11'&$top=500",no
"Rural Bank of Apalit, Inc.",rural_bank,,BSP,BSP Directory of Banks and Non-Bank Financial Institutions: rural and cooperative banks,259,2026-09-14,"https://www.bsp.gov.ph/_api/web/lists/getbytitle('Institutions')/items?$select=InstitutionID,Title,ShortBankName,InstitutionTypeID,InstitutionTypeID2,InstitutionTypeID3,Address,NumOffice,Status,Website,Modified&$filter=InstitutionTypeID%20eq%20'11'&$top=500",no
"Rural Bank of Bacnotan, Inc.",rural_bank,,BSP,BSP Directory of Banks and Non-Bank Financial Institutions: rural and cooperative banks,261,2026-09-14,"https://www.bsp.gov.ph/_api/web/lists/getbytitle('Institutions')/items?$select=InstitutionID,Title,ShortBankName,InstitutionTypeID,InstitutionTypeID2,InstitutionTypeID3,Address,NumOffice,Status,Website,Modified&$filter=InstitutionTypeID%20eq%20'11'&$top=500",no
"Rural Bank of Baco (Oriental Mindoro), Inc.",rural_bank,,BSP,BSP Directory of Banks and Non-Bank Financial Institutions: rural and cooperative banks,262,2026-09-14,"https://www.bsp.gov.ph/_api/web/lists/getbytitle('Institutions')/items?$select=InstitutionID,Title,ShortBankName,InstitutionTypeID,InstitutionTypeID2,InstitutionTypeID3,Address,NumOffice,Status,Website,Modified&$filter=InstitutionTypeID%20eq%20'11'&$top=500",no
"Rural Bank of Bacolod City, Inc.",rural_bank,,BSP,BSP Directory of Banks and Non-Bank Financial Institutions: rural and cooperative banks,263,2026-09-14,"https://www.bsp.gov.ph/_api/web/lists/getbytitle('Institutions')/items?$select=InstitutionID,Title,ShortBankName,InstitutionTypeID,InstitutionTypeID2,InstitutionTypeID3,Address,NumOffice,Status,Website,Modified&$filter=InstitutionTypeID%20eq%20'11'&$top=500",no
"Rural Bank of Bacong (Negros Oriental), Inc.",rural_bank,,BSP,BSP Directory of Banks and Non-Bank Financial Institutions: rural and cooperative banks,264,2026-09-14,"https://www.bsp.gov.ph/_api/web/lists/getbytitle('Institutions')/items?$select=InstitutionID,Title,ShortBankName,InstitutionTypeID,InstitutionTypeID2,InstitutionTypeID3,Address,NumOffice,Status,Website,Modified&$filter=InstitutionTypeID%20eq%20'11'&$top=500",no
"Rural Bank of Bagabag (N.V.), Inc.",rural_bank,,BSP,BSP Directory of Banks and Non-Bank Financial Institutions: rural and cooperative banks,265,2026-09-14,"https://www.bsp.gov.ph/_api/web/lists/getbytitle('Institutions')/items?$select=InstitutionID,Title,ShortBankName,InstitutionTypeID,InstitutionTypeID2,InstitutionTypeID3,Address,NumOffice,Status,Website,Modified&$filter=InstitutionTypeID%20eq%20'11'&$top=500",no
"Rural Bank of Bagac, Bataan, Inc.",rural_bank,,BSP,BSP Directory of Banks and Non-Bank Financial Institutions: rural and cooperative banks,266,2026-09-14,"https://www.bsp.gov.ph/_api/web/lists/getbytitle('Institutions')/items?$select=InstitutionID,Title,ShortBankName,InstitutionTypeID,InstitutionTypeID2,InstitutionTypeID3,Address,NumOffice,Status,Website,Modified&$filter=InstitutionTypeID%20eq%20'11'&$top=500",no
"Rural Bank of Baguio, Inc.",rural_bank,,BSP,BSP Directory of Banks and Non-Bank Financial Institutions: rural and cooperative banks,267,2026-09-14,"https://www.bsp.gov.ph/_api/web/lists/getbytitle('Institutions')/items?$select=InstitutionID,Title,ShortBankName,InstitutionTypeID,InstitutionTypeID2,InstitutionTypeID3,Address,NumOffice,Status,Website,Modified&$filter=InstitutionTypeID%20eq%20'11'&$top=500",no
"Rural Bank of Balungao (Pangasinan), Inc.",rural_bank,,BSP,BSP Directory of Banks and Non-Bank Financial Institutions: rural and cooperative banks,268,2026-09-14,"https://www.bsp.gov.ph/_api/web/lists/getbytitle('Institutions')/items?$select=InstitutionID,Title,ShortBankName,InstitutionTypeID,InstitutionTypeID2,InstitutionTypeID3,Address,NumOffice,Status,Website,Modified&$filter=InstitutionTypeID%20eq%20'11'&$top=500",no
"Rural Bank of Bambang (Nueva Vizcaya), Inc.",rural_bank,,BSP,BSP Directory of Banks and Non-Bank Financial Institutions: rural and cooperative banks,269,2026-09-14,"https://www.bsp.gov.ph/_api/web/lists/getbytitle('Institutions')/items?$select=InstitutionID,Title,ShortBankName,InstitutionTypeID,InstitutionTypeID2,InstitutionTypeID3,Address,NumOffice,Status,Website,Modified&$filter=InstitutionTypeID%20eq%20'11'&$top=500",no
"Rural Bank of Banga (Aklan), Inc.",rural_bank,,BSP,BSP Directory of Banks and Non-Bank Financial Institutions: rural and cooperative banks,270,2026-09-14,"https://www.bsp.gov.ph/_api/web/lists/getbytitle('Institutions')/items?$select=InstitutionID,Title,ShortBankName,InstitutionTypeID,InstitutionTypeID2,InstitutionTypeID3,Address,NumOffice,Status,Website,Modified&$filter=InstitutionTypeID%20eq%20'11'&$top=500",no
"Rural Bank of Bansud (Oriental Mindoro), Inc.",rural_bank,,BSP,BSP Directory of Banks and Non-Bank Financial Institutions: rural and cooperative banks,271,2026-09-14,"https://www.bsp.gov.ph/_api/web/lists/getbytitle('Institutions')/items?$select=InstitutionID,Title,ShortBankName,InstitutionTypeID,InstitutionTypeID2,InstitutionTypeID3,Address,NumOffice,Status,Website,Modified&$filter=InstitutionTypeID%20eq%20'11'&$top=500",no
"Rural Bank of Barili (Cebu), Inc.",rural_bank,,BSP,BSP Directory of Banks and Non-Bank Financial Institutions: rural and cooperative banks,272,2026-09-14,"https://www.bsp.gov.ph/_api/web/lists/getbytitle('Institutions')/items?$select=InstitutionID,Title,ShortBankName,InstitutionTypeID,InstitutionTypeID2,InstitutionTypeID3,Address,NumOffice,Status,Website,Modified&$filter=InstitutionTypeID%20eq%20'11'&$top=500",no
"Rural Bank of Bato (Leyte), Inc.",rural_bank,,BSP,BSP Directory of Banks and Non-Bank Financial Institutions: rural and cooperative banks,274,2026-09-14,"https://www.bsp.gov.ph/_api/web/lists/getbytitle('Institutions')/items?$select=InstitutionID,Title,ShortBankName,InstitutionTypeID,InstitutionTypeID2,InstitutionTypeID3,Address,NumOffice,Status,Website,Modified&$filter=InstitutionTypeID%20eq%20'11'&$top=500",no
"Rural Bank of Bay, Inc.",rural_bank,,BSP,BSP Directory of Banks and Non-Bank Financial Institutions: rural and cooperative banks,276,2026-09-14,"https://www.bsp.gov.ph/_api/web/lists/getbytitle('Institutions')/items?$select=InstitutionID,Title,ShortBankName,InstitutionTypeID,InstitutionTypeID2,InstitutionTypeID3,Address,NumOffice,Status,Website,Modified&$filter=InstitutionTypeID%20eq%20'11'&$top=500",no
"Rural Bank of Bayambang (Pangasinan), Inc.",rural_bank,,BSP,BSP Directory of Banks and Non-Bank Financial Institutions: rural and cooperative banks,277,2026-09-14,"https://www.bsp.gov.ph/_api/web/lists/getbytitle('Institutions')/items?$select=InstitutionID,Title,ShortBankName,InstitutionTypeID,InstitutionTypeID2,InstitutionTypeID3,Address,NumOffice,Status,Website,Modified&$filter=InstitutionTypeID%20eq%20'11'&$top=500",no
"Rural Bank of Bayombong, Inc.",rural_bank,,BSP,BSP Directory of Banks and Non-Bank Financial Institutions: rural and cooperative banks,278,2026-09-14,"https://www.bsp.gov.ph/_api/web/lists/getbytitle('Institutions')/items?$select=InstitutionID,Title,ShortBankName,InstitutionTypeID,InstitutionTypeID2,InstitutionTypeID3,Address,NumOffice,Status,Website,Modified&$filter=InstitutionTypeID%20eq%20'11'&$top=500",no
"Rural Bank of Bogo (Cebu), Inc.",rural_bank,,BSP,BSP Directory of Banks and Non-Bank Financial Institutions: rural and cooperative banks,279,2026-09-14,"https://www.bsp.gov.ph/_api/web/lists/getbytitle('Institutions')/items?$select=InstitutionID,Title,ShortBankName,InstitutionTypeID,InstitutionTypeID2,InstitutionTypeID3,Address,NumOffice,Status,Website,Modified&$filter=InstitutionTypeID%20eq%20'11'&$top=500",no
"Rural Bank of Bolinao (Pangasinan), Inc.",rural_bank,,BSP,BSP Directory of Banks and Non-Bank Financial Institutions: rural and cooperative banks,280,2026-09-14,"https://www.bsp.gov.ph/_api/web/lists/getbytitle('Institutions')/items?$select=InstitutionID,Title,ShortBankName,InstitutionTypeID,InstitutionTypeID2,InstitutionTypeID3,Address,NumOffice,Status,Website,Modified&$filter=InstitutionTypeID%20eq%20'11'&$top=500",no
"Rural Bank of Bonifacio (Misamis Occidental), Inc.",rural_bank,,BSP,BSP Directory of Banks and Non-Bank Financial Institutions: rural and cooperative banks,281,2026-09-14,"https://www.bsp.gov.ph/_api/web/lists/getbytitle('Institutions')/items?$select=InstitutionID,Title,ShortBankName,InstitutionTypeID,InstitutionTypeID2,InstitutionTypeID3,Address,NumOffice,Status,Website,Modified&$filter=InstitutionTypeID%20eq%20'11'&$top=500",no
"Rural Bank of Bontoc (Mountain Province), Inc.",rural_bank,,BSP,BSP Directory of Banks and Non-Bank Financial Institutions: rural and cooperative banks,282,2026-09-14,"https://www.bsp.gov.ph/_api/web/lists/getbytitle('Institutions')/items?$select=InstitutionID,Title,ShortBankName,InstitutionTypeID,InstitutionTypeID2,InstitutionTypeID3,Address,NumOffice,Status,Website,Modified&$filter=InstitutionTypeID%20eq%20'11'&$top=500",no
"Rural Bank of Brooke'S Point (Palawan), Inc.",rural_bank,,BSP,BSP Directory of Banks and Non-Bank Financial Institutions: rural and cooperative banks,283,2026-09-14,"https://www.bsp.gov.ph/_api/web/lists/getbytitle('Institutions')/items?$select=InstitutionID,Title,ShortBankName,InstitutionTypeID,InstitutionTypeID2,InstitutionTypeID3,Address,NumOffice,Status,Website,Modified&$filter=InstitutionTypeID%20eq%20'11'&$top=500",no
"Rural Bank of Bucay (Abra), Inc.",rural_bank,,BSP,BSP Directory of Banks and Non-Bank Financial Institutions: rural and cooperative banks,284,2026-09-14,"https://www.bsp.gov.ph/_api/web/lists/getbytitle('Institutions')/items?$select=InstitutionID,Title,ShortBankName,InstitutionTypeID,InstitutionTypeID2,InstitutionTypeID3,Address,NumOffice,Status,Website,Modified&$filter=InstitutionTypeID%20eq%20'11'&$top=500",no
"Rural Bank of Cabangan (Zambales), Inc.",rural_bank,,BSP,BSP Directory of Banks and Non-Bank Financial Institutions: rural and cooperative banks,285,2026-09-14,"https://www.bsp.gov.ph/_api/web/lists/getbytitle('Institutions')/items?$select=InstitutionID,Title,ShortBankName,InstitutionTypeID,InstitutionTypeID2,InstitutionTypeID3,Address,NumOffice,Status,Website,Modified&$filter=InstitutionTypeID%20eq%20'11'&$top=500",no
"Rural Bank of Cabatuan (Iloilo), Inc.",rural_bank,,BSP,BSP Directory of Banks and Non-Bank Financial Institutions: rural and cooperative banks,286,2026-09-14,"https://www.bsp.gov.ph/_api/web/lists/getbytitle('Institutions')/items?$select=InstitutionID,Title,ShortBankName,InstitutionTypeID,InstitutionTypeID2,InstitutionTypeID3,Address,NumOffice,Status,Website,Modified&$filter=InstitutionTypeID%20eq%20'11'&$top=500",no
"Rural Bank of Cabugao (Ilocos Sur), Inc.",rural_bank,,BSP,BSP Directory of Banks and Non-Bank Financial Institutions: rural and cooperative banks,287,2026-09-14,"https://www.bsp.gov.ph/_api/web/lists/getbytitle('Institutions')/items?$select=InstitutionID,Title,ShortBankName,InstitutionTypeID,InstitutionTypeID2,InstitutionTypeID3,Address,NumOffice,Status,Website,Modified&$filter=InstitutionTypeID%20eq%20'11'&$top=500",no
"Rural Bank of Cadiz, Inc.",rural_bank,,BSP,BSP Directory of Banks and Non-Bank Financial Institutions: rural and cooperative banks,288,2026-09-14,"https://www.bsp.gov.ph/_api/web/lists/getbytitle('Institutions')/items?$select=InstitutionID,Title,ShortBankName,InstitutionTypeID,InstitutionTypeID2,InstitutionTypeID3,Address,NumOffice,Status,Website,Modified&$filter=InstitutionTypeID%20eq%20'11'&$top=500",no
"Rural Bank of Calauan, Inc.",rural_bank,,BSP,BSP Directory of Banks and Non-Bank Financial Institutions: rural and cooperative banks,289,2026-09-14,"https://www.bsp.gov.ph/_api/web/lists/getbytitle('Institutions')/items?$select=InstitutionID,Title,ShortBankName,InstitutionTypeID,InstitutionTypeID2,InstitutionTypeID3,Address,NumOffice,Status,Website,Modified&$filter=InstitutionTypeID%20eq%20'11'&$top=500",no
"Rural Bank of Calbayog City, Inc.",rural_bank,,BSP,BSP Directory of Banks and Non-Bank Financial Institutions: rural and cooperative banks,290,2026-09-14,"https://www.bsp.gov.ph/_api/web/lists/getbytitle('Institutions')/items?$select=InstitutionID,Title,ShortBankName,InstitutionTypeID,InstitutionTypeID2,InstitutionTypeID3,Address,NumOffice,Status,Website,Modified&$filter=InstitutionTypeID%20eq%20'11'&$top=500",no
"Rural Bank of Calinog (Iloilo), Inc.",rural_bank,,BSP,BSP Directory of Banks and Non-Bank Financial Institutions: rural and cooperative banks,291,2026-09-14,"https://www.bsp.gov.ph/_api/web/lists/getbytitle('Institutions')/items?$select=InstitutionID,Title,ShortBankName,InstitutionTypeID,InstitutionTypeID2,InstitutionTypeID3,Address,NumOffice,Status,Website,Modified&$filter=InstitutionTypeID%20eq%20'11'&$top=500",no
"Rural Bank of Candelaria, Inc.",rural_bank,,BSP,BSP Directory of Banks and Non-Bank Financial Institutions: rural and cooperative banks,292,2026-09-14,"https://www.bsp.gov.ph/_api/web/lists/getbytitle('Institutions')/items?$select=InstitutionID,Title,ShortBankName,InstitutionTypeID,InstitutionTypeID2,InstitutionTypeID3,Address,NumOffice,Status,Website,Modified&$filter=InstitutionTypeID%20eq%20'11'&$top=500",no
"Rural Bank of Cardona (Rizal), Inc.",rural_bank,,BSP,BSP Directory of Banks and Non-Bank Financial Institutions: rural and cooperative banks,294,2026-09-14,"https://www.bsp.gov.ph/_api/web/lists/getbytitle('Institutions')/items?$select=InstitutionID,Title,ShortBankName,InstitutionTypeID,InstitutionTypeID2,InstitutionTypeID3,Address,NumOffice,Status,Website,Modified&$filter=InstitutionTypeID%20eq%20'11'&$top=500",no
"Rural Bank of Cauayan, Incorporated",rural_bank,,BSP,BSP Directory of Banks and Non-Bank Financial Institutions: rural and cooperative banks,295,2026-09-14,"https://www.bsp.gov.ph/_api/web/lists/getbytitle('Institutions')/items?$select=InstitutionID,Title,ShortBankName,InstitutionTypeID,InstitutionTypeID2,InstitutionTypeID3,Address,NumOffice,Status,Website,Modified&$filter=InstitutionTypeID%20eq%20'11'&$top=500",no
"Rural Bank of Cavinti (Laguna), Inc.",rural_bank,,BSP,BSP Directory of Banks and Non-Bank Financial Institutions: rural and cooperative banks,296,2026-09-14,"https://www.bsp.gov.ph/_api/web/lists/getbytitle('Institutions')/items?$select=InstitutionID,Title,ShortBankName,InstitutionTypeID,InstitutionTypeID2,InstitutionTypeID3,Address,NumOffice,Status,Website,Modified&$filter=InstitutionTypeID%20eq%20'11'&$top=500",no
"Rural Bank of Central Pangasinan (Bayambang), Inc.",rural_bank,,BSP,BSP Directory of Banks and Non-Bank Financial Institutions: rural and cooperative banks,297,2026-09-14,"https://www.bsp.gov.ph/_api/web/lists/getbytitle('Institutions')/items?$select=InstitutionID,Title,ShortBankName,InstitutionTypeID,InstitutionTypeID2,InstitutionTypeID3,Address,NumOffice,Status,Website,Modified&$filter=InstitutionTypeID%20eq%20'11'&$top=500",no
"Rural Bank of Compostela (COMVAL), Inc.",rural_bank,,BSP,BSP Directory of Banks and Non-Bank Financial Institutions: rural and cooperative banks,298,2026-09-14,"https://www.bsp.gov.ph/_api/web/lists/getbytitle('Institutions')/items?$select=InstitutionID,Title,ShortBankName,InstitutionTypeID,InstitutionTypeID2,InstitutionTypeID3,Address,NumOffice,Status,Website,Modified&$filter=InstitutionTypeID%20eq%20'11'&$top=500",no
"Rural Bank of Cuartero (Capiz), Inc.",rural_bank,,BSP,BSP Directory of Banks and Non-Bank Financial Institutions: rural and cooperative banks,299,2026-09-14,"https://www.bsp.gov.ph/_api/web/lists/getbytitle('Institutions')/items?$select=InstitutionID,Title,ShortBankName,InstitutionTypeID,InstitutionTypeID2,InstitutionTypeID3,Address,NumOffice,Status,Website,Modified&$filter=InstitutionTypeID%20eq%20'11'&$top=500",no
"Rural Bank of Cuenca, Inc.",rural_bank,,BSP,BSP Directory of Banks and Non-Bank Financial Institutions: rural and cooperative banks,300,2026-09-14,"https://www.bsp.gov.ph/_api/web/lists/getbytitle('Institutions')/items?$select=InstitutionID,Title,ShortBankName,InstitutionTypeID,InstitutionTypeID2,InstitutionTypeID3,Address,NumOffice,Status,Website,Modified&$filter=InstitutionTypeID%20eq%20'11'&$top=500",no
"Rural Bank of Digos, Inc.",rural_bank,,BSP,BSP Directory of Banks and Non-Bank Financial Institutions: rural and cooperative banks,301,2026-09-14,"https://www.bsp.gov.ph/_api/web/lists/getbytitle('Institutions')/items?$select=InstitutionID,Title,ShortBankName,InstitutionTypeID,InstitutionTypeID2,InstitutionTypeID3,Address,NumOffice,Status,Website,Modified&$filter=InstitutionTypeID%20eq%20'11'&$top=500",no
"Rural Bank of Dolores (Quezon), Inc.",rural_bank,,BSP,BSP Directory of Banks and Non-Bank Financial Institutions: rural and cooperative banks,302,2026-09-14,"https://www.bsp.gov.ph/_api/web/lists/getbytitle('Institutions')/items?$select=InstitutionID,Title,ShortBankName,InstitutionTypeID,InstitutionTypeID2,InstitutionTypeID3,Address,NumOffice,Status,Website,Modified&$filter=InstitutionTypeID%20eq%20'11'&$top=500",no
"Rural Bank of Donsol (Sorsogon), Inc.",rural_bank,,BSP,BSP Directory of Banks and Non-Bank Financial Institutions: rural and cooperative banks,304,2026-09-14,"https://www.bsp.gov.ph/_api/web/lists/getbytitle('Institutions')/items?$select=InstitutionID,Title,ShortBankName,InstitutionTypeID,InstitutionTypeID2,InstitutionTypeID3,Address,NumOffice,Status,Website,Modified&$filter=InstitutionTypeID%20eq%20'11'&$top=500",no
"Rural Bank of Doña Remedios Trinidad (Bulacan), Inc.",rural_bank,,BSP,BSP Directory of Banks and Non-Bank Financial Institutions: rural and cooperative banks,303,2026-09-14,"https://www.bsp.gov.ph/_api/web/lists/getbytitle('Institutions')/items?$select=InstitutionID,Title,ShortBankName,InstitutionTypeID,InstitutionTypeID2,InstitutionTypeID3,Address,NumOffice,Status,Website,Modified&$filter=InstitutionTypeID%20eq%20'11'&$top=500",no
"Rural Bank of Dulag (Leyte), Inc.",rural_bank,,BSP,BSP Directory of Banks and Non-Bank Financial Institutions: rural and cooperative banks,305,2026-09-14,"https://www.bsp.gov.ph/_api/web/lists/getbytitle('Institutions')/items?$select=InstitutionID,Title,ShortBankName,InstitutionTypeID,InstitutionTypeID2,InstitutionTypeID3,Address,NumOffice,Status,Website,Modified&$filter=InstitutionTypeID%20eq%20'11'&$top=500",no
"Rural Bank of Dumangas, Inc.",rural_bank,,BSP,BSP Directory of Banks and Non-Bank Financial Institutions: rural and cooperative banks,306,2026-09-14,"https://www.bsp.gov.ph/_api/web/lists/getbytitle('Institutions')/items?$select=InstitutionID,Title,ShortBankName,InstitutionTypeID,InstitutionTypeID2,InstitutionTypeID3,Address,NumOffice,Status,Website,Modified&$filter=InstitutionTypeID%20eq%20'11'&$top=500",no
"Rural Bank of Dupax (Nueva Vizcaya), Inc.",rural_bank,,BSP,BSP Directory of Banks and Non-Bank Financial Institutions: rural and cooperative banks,307,2026-09-14,"https://www.bsp.gov.ph/_api/web/lists/getbytitle('Institutions')/items?$select=InstitutionID,Title,ShortBankName,InstitutionTypeID,InstitutionTypeID2,InstitutionTypeID3,Address,NumOffice,Status,Website,Modified&$filter=InstitutionTypeID%20eq%20'11'&$top=500",no
"Rural Bank of El Salvador (Misamis Oriental), Inc.",rural_bank,,BSP,BSP Directory of Banks and Non-Bank Financial Institutions: rural and cooperative banks,308,2026-09-14,"https://www.bsp.gov.ph/_api/web/lists/getbytitle('Institutions')/items?$select=InstitutionID,Title,ShortBankName,InstitutionTypeID,InstitutionTypeID2,InstitutionTypeID3,Address,NumOffice,Status,Website,Modified&$filter=InstitutionTypeID%20eq%20'11'&$top=500",no
"Rural Bank of Escalante (Negros Occ.), Inc.",rural_bank,,BSP,BSP Directory of Banks and Non-Bank Financial Institutions: rural and cooperative banks,309,2026-09-14,"https://www.bsp.gov.ph/_api/web/lists/getbytitle('Institutions')/items?$select=InstitutionID,Title,ShortBankName,InstitutionTypeID,InstitutionTypeID2,InstitutionTypeID3,Address,NumOffice,Status,Website,Modified&$filter=InstitutionTypeID%20eq%20'11'&$top=500",no
"Rural Bank of Gandara (Samar), Inc.",rural_bank,,BSP,BSP Directory of Banks and Non-Bank Financial Institutions: rural and cooperative banks,310,2026-09-14,"https://www.bsp.gov.ph/_api/web/lists/getbytitle('Institutions')/items?$select=InstitutionID,Title,ShortBankName,InstitutionTypeID,InstitutionTypeID2,InstitutionTypeID3,Address,NumOffice,Status,Website,Modified&$filter=InstitutionTypeID%20eq%20'11'&$top=500",no
"Rural Bank of Gattaran (Cagayan), Inc.",rural_bank,,BSP,BSP Directory of Banks and Non-Bank Financial Institutions: rural and cooperative banks,311,2026-09-14,"https://www.bsp.gov.ph/_api/web/lists/getbytitle('Institutions')/items?$select=InstitutionID,Title,ShortBankName,InstitutionTypeID,InstitutionTypeID2,InstitutionTypeID3,Address,NumOffice,Status,Website,Modified&$filter=InstitutionTypeID%20eq%20'11'&$top=500",no
"Rural Bank of General Luna (Quezon), Inc.",rural_bank,,BSP,BSP Directory of Banks and Non-Bank Financial Institutions: rural and cooperative banks,312,2026-09-14,"https://www.bsp.gov.ph/_api/web/lists/getbytitle('Institutions')/items?$select=InstitutionID,Title,ShortBankName,InstitutionTypeID,InstitutionTypeID2,InstitutionTypeID3,Address,NumOffice,Status,Website,Modified&$filter=InstitutionTypeID%20eq%20'11'&$top=500",no
"Rural Bank of Gingoog, Inc.",rural_bank,,BSP,BSP Directory of Banks and Non-Bank Financial Institutions: rural and cooperative banks,313,2026-09-14,"https://www.bsp.gov.ph/_api/web/lists/getbytitle('Institutions')/items?$select=InstitutionID,Title,ShortBankName,InstitutionTypeID,InstitutionTypeID2,InstitutionTypeID3,Address,NumOffice,Status,Website,Modified&$filter=InstitutionTypeID%20eq%20'11'&$top=500",no
"Rural Bank of Gitagum (Misamis Oriental), Inc.",rural_bank,,BSP,BSP Directory of Banks and Non-Bank Financial Institutions: rural and cooperative banks,314,2026-09-14,"https://www.bsp.gov.ph/_api/web/lists/getbytitle('Institutions')/items?$select=InstitutionID,Title,ShortBankName,InstitutionTypeID,InstitutionTypeID2,InstitutionTypeID3,Address,NumOffice,Status,Website,Modified&$filter=InstitutionTypeID%20eq%20'11'&$top=500",no
"Rural Bank of Gloria (Or. Min.), Inc.",rural_bank,,BSP,BSP Directory of Banks and Non-Bank Financial Institutions: rural and cooperative banks,315,2026-09-14,"https://www.bsp.gov.ph/_api/web/lists/getbytitle('Institutions')/items?$select=InstitutionID,Title,ShortBankName,InstitutionTypeID,InstitutionTypeID2,InstitutionTypeID3,Address,NumOffice,Status,Website,Modified&$filter=InstitutionTypeID%20eq%20'11'&$top=500",no
"Rural Bank of Guinobatan, Inc.",rural_bank,,BSP,BSP Directory of Banks and Non-Bank Financial Institutions: rural and cooperative banks,316,2026-09-14,"https://www.bsp.gov.ph/_api/web/lists/getbytitle('Institutions')/items?$select=InstitutionID,Title,ShortBankName,InstitutionTypeID,InstitutionTypeID2,InstitutionTypeID3,Address,NumOffice,Status,Website,Modified&$filter=InstitutionTypeID%20eq%20'11'&$top=500",no
"Rural Bank of Guiuan (Eastern Samar), Inc.",rural_bank,,BSP,BSP Directory of Banks and Non-Bank Financial Institutions: rural and cooperative banks,317,2026-09-14,"https://www.bsp.gov.ph/_api/web/lists/getbytitle('Institutions')/items?$select=InstitutionID,Title,ShortBankName,InstitutionTypeID,InstitutionTypeID2,InstitutionTypeID3,Address,NumOffice,Status,Website,Modified&$filter=InstitutionTypeID%20eq%20'11'&$top=500",no
"Rural Bank of Hermosa (Bataan), Inc.",rural_bank,,BSP,BSP Directory of Banks and Non-Bank Financial Institutions: rural and cooperative banks,318,2026-09-14,"https://www.bsp.gov.ph/_api/web/lists/getbytitle('Institutions')/items?$select=InstitutionID,Title,ShortBankName,InstitutionTypeID,InstitutionTypeID2,InstitutionTypeID3,Address,NumOffice,Status,Website,Modified&$filter=InstitutionTypeID%20eq%20'11'&$top=500",no
"Rural Bank of Hilongos,Inc.",rural_bank,,BSP,BSP Directory of Banks and Non-Bank Financial Institutions: rural and cooperative banks,319,2026-09-14,"https://www.bsp.gov.ph/_api/web/lists/getbytitle('Institutions')/items?$select=InstitutionID,Title,ShortBankName,InstitutionTypeID,InstitutionTypeID2,InstitutionTypeID3,Address,NumOffice,Status,Website,Modified&$filter=InstitutionTypeID%20eq%20'11'&$top=500",no
"Rural Bank of Hindang (Leyte), Inc.",rural_bank,,BSP,BSP Directory of Banks and Non-Bank Financial Institutions: rural and cooperative banks,320,2026-09-14,"https://www.bsp.gov.ph/_api/web/lists/getbytitle('Institutions')/items?$select=InstitutionID,Title,ShortBankName,InstitutionTypeID,InstitutionTypeID2,InstitutionTypeID3,Address,NumOffice,Status,Website,Modified&$filter=InstitutionTypeID%20eq%20'11'&$top=500",no
"Rural Bank of Hinundayan (Southern Leyte), Inc.",rural_bank,,BSP,BSP Directory of Banks and Non-Bank Financial Institutions: rural and cooperative banks,321,2026-09-14,"https://www.bsp.gov.ph/_api/web/lists/getbytitle('Institutions')/items?$select=InstitutionID,Title,ShortBankName,InstitutionTypeID,InstitutionTypeID2,InstitutionTypeID3,Address,NumOffice,Status,Website,Modified&$filter=InstitutionTypeID%20eq%20'11'&$top=500",no
"Rural Bank of Ilog (Negros Occidental), Inc.",rural_bank,,BSP,BSP Directory of Banks and Non-Bank Financial Institutions: rural and cooperative banks,323,2026-09-14,"https://www.bsp.gov.ph/_api/web/lists/getbytitle('Institutions')/items?$select=InstitutionID,Title,ShortBankName,InstitutionTypeID,InstitutionTypeID2,InstitutionTypeID3,Address,NumOffice,Status,Website,Modified&$filter=InstitutionTypeID%20eq%20'11'&$top=500",no
"Rural Bank of Iloilo City, Inc.",rural_bank,,BSP,BSP Directory of Banks and Non-Bank Financial Institutions: rural and cooperative banks,324,2026-09-14,"https://www.bsp.gov.ph/_api/web/lists/getbytitle('Institutions')/items?$select=InstitutionID,Title,ShortBankName,InstitutionTypeID,InstitutionTypeID2,InstitutionTypeID3,Address,NumOffice,Status,Website,Modified&$filter=InstitutionTypeID%20eq%20'11'&$top=500",no
"Rural Bank of Infanta, Inc.",rural_bank,,BSP,BSP Directory of Banks and Non-Bank Financial Institutions: rural and cooperative banks,325,2026-09-14,"https://www.bsp.gov.ph/_api/web/lists/getbytitle('Institutions')/items?$select=InstitutionID,Title,ShortBankName,InstitutionTypeID,InstitutionTypeID2,InstitutionTypeID3,Address,NumOffice,Status,Website,Modified&$filter=InstitutionTypeID%20eq%20'11'&$top=500",no
"Rural Bank of Irosin, Inc.",rural_bank,,BSP,BSP Directory of Banks and Non-Bank Financial Institutions: rural and cooperative banks,326,2026-09-14,"https://www.bsp.gov.ph/_api/web/lists/getbytitle('Institutions')/items?$select=InstitutionID,Title,ShortBankName,InstitutionTypeID,InstitutionTypeID2,InstitutionTypeID3,Address,NumOffice,Status,Website,Modified&$filter=InstitutionTypeID%20eq%20'11'&$top=500",no
"Rural Bank of Itogon (Benguet), Inc.",rural_bank,,BSP,BSP Directory of Banks and Non-Bank Financial Institutions: rural and cooperative banks,327,2026-09-14,"https://www.bsp.gov.ph/_api/web/lists/getbytitle('Institutions')/items?$select=InstitutionID,Title,ShortBankName,InstitutionTypeID,InstitutionTypeID2,InstitutionTypeID3,Address,NumOffice,Status,Website,Modified&$filter=InstitutionTypeID%20eq%20'11'&$top=500",no
"Rural Bank of Jaen, Inc.",rural_bank,,BSP,BSP Directory of Banks and Non-Bank Financial Institutions: rural and cooperative banks,328,2026-09-14,"https://www.bsp.gov.ph/_api/web/lists/getbytitle('Institutions')/items?$select=InstitutionID,Title,ShortBankName,InstitutionTypeID,InstitutionTypeID2,InstitutionTypeID3,Address,NumOffice,Status,Website,Modified&$filter=InstitutionTypeID%20eq%20'11'&$top=500",no
"Rural Bank of Jamindan (Capiz), Inc.",rural_bank,,BSP,BSP Directory of Banks and Non-Bank Financial Institutions: rural and cooperative banks,329,2026-09-14,"https://www.bsp.gov.ph/_api/web/lists/getbytitle('Institutions')/items?$select=InstitutionID,Title,ShortBankName,InstitutionTypeID,InstitutionTypeID2,InstitutionTypeID3,Address,NumOffice,Status,Website,Modified&$filter=InstitutionTypeID%20eq%20'11'&$top=500",no
"Rural Bank of Jimenez (Misamis Occidental), Inc.",rural_bank,,BSP,BSP Directory of Banks and Non-Bank Financial Institutions: rural and cooperative banks,330,2026-09-14,"https://www.bsp.gov.ph/_api/web/lists/getbytitle('Institutions')/items?$select=InstitutionID,Title,ShortBankName,InstitutionTypeID,InstitutionTypeID2,InstitutionTypeID3,Address,NumOffice,Status,Website,Modified&$filter=InstitutionTypeID%20eq%20'11'&$top=500",no
"Rural Bank of Jose Panganiban (Camarines Norte), Inc.",rural_bank,,BSP,BSP Directory of Banks and Non-Bank Financial Institutions: rural and cooperative banks,331,2026-09-14,"https://www.bsp.gov.ph/_api/web/lists/getbytitle('Institutions')/items?$select=InstitutionID,Title,ShortBankName,InstitutionTypeID,InstitutionTypeID2,InstitutionTypeID3,Address,NumOffice,Status,Website,Modified&$filter=InstitutionTypeID%20eq%20'11'&$top=500",no
"Rural Bank of Kapalong (Davao), Inc.",rural_bank,,BSP,BSP Directory of Banks and Non-Bank Financial Institutions: rural and cooperative banks,332,2026-09-14,"https://www.bsp.gov.ph/_api/web/lists/getbytitle('Institutions')/items?$select=InstitutionID,Title,ShortBankName,InstitutionTypeID,InstitutionTypeID2,InstitutionTypeID3,Address,NumOffice,Status,Website,Modified&$filter=InstitutionTypeID%20eq%20'11'&$top=500",no
"Rural Bank of Kiamba (Sarangani), Inc.",rural_bank,,BSP,BSP Directory of Banks and Non-Bank Financial Institutions: rural and cooperative banks,333,2026-09-14,"https://www.bsp.gov.ph/_api/web/lists/getbytitle('Institutions')/items?$select=InstitutionID,Title,ShortBankName,InstitutionTypeID,InstitutionTypeID2,InstitutionTypeID3,Address,NumOffice,Status,Website,Modified&$filter=InstitutionTypeID%20eq%20'11'&$top=500",no
"Rural Bank of Kibawe (Bukidnon), Inc.",rural_bank,,BSP,BSP Directory of Banks and Non-Bank Financial Institutions: rural and cooperative banks,334,2026-09-14,"https://www.bsp.gov.ph/_api/web/lists/getbytitle('Institutions')/items?$select=InstitutionID,Title,ShortBankName,InstitutionTypeID,InstitutionTypeID2,InstitutionTypeID3,Address,NumOffice,Status,Website,Modified&$filter=InstitutionTypeID%20eq%20'11'&$top=500",no
"Rural Bank of La Paz, Inc.",rural_bank,,BSP,BSP Directory of Banks and Non-Bank Financial Institutions: rural and cooperative banks,335,2026-09-14,"https://www.bsp.gov.ph/_api/web/lists/getbytitle('Institutions')/items?$select=InstitutionID,Title,ShortBankName,InstitutionTypeID,InstitutionTypeID2,InstitutionTypeID3,Address,NumOffice,Status,Website,Modified&$filter=InstitutionTypeID%20eq%20'11'&$top=500",no
"Rural Bank of Labason (Zamboanga Del Norte), Incorporated",rural_bank,,BSP,BSP Directory of Banks and Non-Bank Financial Institutions: rural and cooperative banks,336,2026-09-14,"https://www.bsp.gov.ph/_api/web/lists/getbytitle('Institutions')/items?$select=InstitutionID,Title,ShortBankName,InstitutionTypeID,InstitutionTypeID2,InstitutionTypeID3,Address,NumOffice,Status,Website,Modified&$filter=InstitutionTypeID%20eq%20'11'&$top=500",no
"Rural Bank of Lanuza (Surigao Del Sur), Inc.",rural_bank,,BSP,BSP Directory of Banks and Non-Bank Financial Institutions: rural and cooperative banks,337,2026-09-14,"https://www.bsp.gov.ph/_api/web/lists/getbytitle('Institutions')/items?$select=InstitutionID,Title,ShortBankName,InstitutionTypeID,InstitutionTypeID2,InstitutionTypeID3,Address,NumOffice,Status,Website,Modified&$filter=InstitutionTypeID%20eq%20'11'&$top=500",no
"Rural Bank of Lebak (Sultan Kudarat), Incorporated",rural_bank,,BSP,BSP Directory of Banks and Non-Bank Financial Institutions: rural and cooperative banks,338,2026-09-14,"https://www.bsp.gov.ph/_api/web/lists/getbytitle('Institutions')/items?$select=InstitutionID,Title,ShortBankName,InstitutionTypeID,InstitutionTypeID2,InstitutionTypeID3,Address,NumOffice,Status,Website,Modified&$filter=InstitutionTypeID%20eq%20'11'&$top=500",no
"Rural Bank of Liloy (Zamboanga Del Norte), Inc.",rural_bank,,BSP,BSP Directory of Banks and Non-Bank Financial Institutions: rural and cooperative banks,340,2026-09-14,"https://www.bsp.gov.ph/_api/web/lists/getbytitle('Institutions')/items?$select=InstitutionID,Title,ShortBankName,InstitutionTypeID,InstitutionTypeID2,InstitutionTypeID3,Address,NumOffice,Status,Website,Modified&$filter=InstitutionTypeID%20eq%20'11'&$top=500",no
"Rural Bank of Lipa City (Batangas), Inc.",rural_bank,,BSP,BSP Directory of Banks and Non-Bank Financial Institutions: rural and cooperative banks,341,2026-09-14,"https://www.bsp.gov.ph/_api/web/lists/getbytitle('Institutions')/items?$select=InstitutionID,Title,ShortBankName,InstitutionTypeID,InstitutionTypeID2,InstitutionTypeID3,Address,NumOffice,Status,Website,Modified&$filter=InstitutionTypeID%20eq%20'11'&$top=500",no
"Rural Bank of Loon (Bohol), Inc.",rural_bank,,BSP,BSP Directory of Banks and Non-Bank Financial Institutions: rural and cooperative banks,342,2026-09-14,"https://www.bsp.gov.ph/_api/web/lists/getbytitle('Institutions')/items?$select=InstitutionID,Title,ShortBankName,InstitutionTypeID,InstitutionTypeID2,InstitutionTypeID3,Address,NumOffice,Status,Website,Modified&$filter=InstitutionTypeID%20eq%20'11'&$top=500",no
"Rural Bank of Lopez Jaena (Misamis Occidental), Inc.",rural_bank,,BSP,BSP Directory of Banks and Non-Bank Financial Institutions: rural and cooperative banks,343,2026-09-14,"https://www.bsp.gov.ph/_api/web/lists/getbytitle('Institutions')/items?$select=InstitutionID,Title,ShortBankName,InstitutionTypeID,InstitutionTypeID2,InstitutionTypeID3,Address,NumOffice,Status,Website,Modified&$filter=InstitutionTypeID%20eq%20'11'&$top=500",no
"Rural Bank of Lucban (Quezon), Inc.",rural_bank,,BSP,BSP Directory of Banks and Non-Bank Financial Institutions: rural and cooperative banks,344,2026-09-14,"https://www.bsp.gov.ph/_api/web/lists/getbytitle('Institutions')/items?$select=InstitutionID,Title,ShortBankName,InstitutionTypeID,InstitutionTypeID2,InstitutionTypeID3,Address,NumOffice,Status,Website,Modified&$filter=InstitutionTypeID%20eq%20'11'&$top=500",no
"Rural Bank of Luisiana (Laguna), Inc.",rural_bank,,BSP,BSP Directory of Banks and Non-Bank Financial Institutions: rural and cooperative banks,345,2026-09-14,"https://www.bsp.gov.ph/_api/web/lists/getbytitle('Institutions')/items?$select=InstitutionID,Title,ShortBankName,InstitutionTypeID,InstitutionTypeID2,InstitutionTypeID3,Address,NumOffice,Status,Website,Modified&$filter=InstitutionTypeID%20eq%20'11'&$top=500",no
"Rural Bank of Lumban (Laguna), Inc.",rural_bank,,BSP,BSP Directory of Banks and Non-Bank Financial Institutions: rural and cooperative banks,346,2026-09-14,"https://www.bsp.gov.ph/_api/web/lists/getbytitle('Institutions')/items?$select=InstitutionID,Title,ShortBankName,InstitutionTypeID,InstitutionTypeID2,InstitutionTypeID3,Address,NumOffice,Status,Website,Modified&$filter=InstitutionTypeID%20eq%20'11'&$top=500",no
"Rural Bank of Mabalacat, Inc.",rural_bank,,BSP,BSP Directory of Banks and Non-Bank Financial Institutions: rural and cooperative banks,347,2026-09-14,"https://www.bsp.gov.ph/_api/web/lists/getbytitle('Institutions')/items?$select=InstitutionID,Title,ShortBankName,InstitutionTypeID,InstitutionTypeID2,InstitutionTypeID3,Address,NumOffice,Status,Website,Modified&$filter=InstitutionTypeID%20eq%20'11'&$top=500",no
"Rural Bank of Madridejos (Cebu), Inc.",rural_bank,,BSP,BSP Directory of Banks and Non-Bank Financial Institutions: rural and cooperative banks,348,2026-09-14,"https://www.bsp.gov.ph/_api/web/lists/getbytitle('Institutions')/items?$select=InstitutionID,Title,ShortBankName,InstitutionTypeID,InstitutionTypeID2,InstitutionTypeID3,Address,NumOffice,Status,Website,Modified&$filter=InstitutionTypeID%20eq%20'11'&$top=500",no
"Rural Bank of Magdalena (Laguna), Inc.",rural_bank,,BSP,BSP Directory of Banks and Non-Bank Financial Institutions: rural and cooperative banks,349,2026-09-14,"https://www.bsp.gov.ph/_api/web/lists/getbytitle('Institutions')/items?$select=InstitutionID,Title,ShortBankName,InstitutionTypeID,InstitutionTypeID2,InstitutionTypeID3,Address,NumOffice,Status,Website,Modified&$filter=InstitutionTypeID%20eq%20'11'&$top=500",no
"Rural Bank of Makato (Aklan), Inc.",rural_bank,,BSP,BSP Directory of Banks and Non-Bank Financial Institutions: rural and cooperative banks,350,2026-09-14,"https://www.bsp.gov.ph/_api/web/lists/getbytitle('Institutions')/items?$select=InstitutionID,Title,ShortBankName,InstitutionTypeID,InstitutionTypeID2,InstitutionTypeID3,Address,NumOffice,Status,Website,Modified&$filter=InstitutionTypeID%20eq%20'11'&$top=500",no
"Rural Bank of Malitbog (Southern Leyte), Inc.",rural_bank,,BSP,BSP Directory of Banks and Non-Bank Financial Institutions: rural and cooperative banks,351,2026-09-14,"https://www.bsp.gov.ph/_api/web/lists/getbytitle('Institutions')/items?$select=InstitutionID,Title,ShortBankName,InstitutionTypeID,InstitutionTypeID2,InstitutionTypeID3,Address,NumOffice,Status,Website,Modified&$filter=InstitutionTypeID%20eq%20'11'&$top=500",no
"Rural Bank of Malolos, Inc.",rural_bank,,BSP,BSP Directory of Banks and Non-Bank Financial Institutions: rural and cooperative banks,352,2026-09-14,"https://www.bsp.gov.ph/_api/web/lists/getbytitle('Institutions')/items?$select=InstitutionID,Title,ShortBankName,InstitutionTypeID,InstitutionTypeID2,InstitutionTypeID3,Address,NumOffice,Status,Website,Modified&$filter=InstitutionTypeID%20eq%20'11'&$top=500",no
"Rural Bank of Mambusao, Inc.",rural_bank,,BSP,BSP Directory of Banks and Non-Bank Financial Institutions: rural and cooperative banks,353,2026-09-14,"https://www.bsp.gov.ph/_api/web/lists/getbytitle('Institutions')/items?$select=InstitutionID,Title,ShortBankName,InstitutionTypeID,InstitutionTypeID2,InstitutionTypeID3,Address,NumOffice,Status,Website,Modified&$filter=InstitutionTypeID%20eq%20'11'&$top=500",no
"Rural Bank of Manapla (Neg. Occ.), Inc.",rural_bank,,BSP,BSP Directory of Banks and Non-Bank Financial Institutions: rural and cooperative banks,354,2026-09-14,"https://www.bsp.gov.ph/_api/web/lists/getbytitle('Institutions')/items?$select=InstitutionID,Title,ShortBankName,InstitutionTypeID,InstitutionTypeID2,InstitutionTypeID3,Address,NumOffice,Status,Website,Modified&$filter=InstitutionTypeID%20eq%20'11'&$top=500",no
"Rural Bank of Mangaldan, Inc. (Bangko Rural Ng Mangaldan, Ink.)",rural_bank,,BSP,BSP Directory of Banks and Non-Bank Financial Institutions: rural and cooperative banks,355,2026-09-14,"https://www.bsp.gov.ph/_api/web/lists/getbytitle('Institutions')/items?$select=InstitutionID,Title,ShortBankName,InstitutionTypeID,InstitutionTypeID2,InstitutionTypeID3,Address,NumOffice,Status,Website,Modified&$filter=InstitutionTypeID%20eq%20'11'&$top=500",no
"Rural Bank of Manolo Fortich, Bukidnon, Inc.",rural_bank,,BSP,BSP Directory of Banks and Non-Bank Financial Institutions: rural and cooperative banks,356,2026-09-14,"https://www.bsp.gov.ph/_api/web/lists/getbytitle('Institutions')/items?$select=InstitutionID,Title,ShortBankName,InstitutionTypeID,InstitutionTypeID2,InstitutionTypeID3,Address,NumOffice,Status,Website,Modified&$filter=InstitutionTypeID%20eq%20'11'&$top=500",no
"Rural Bank of Manukan (Zamboanga Del Norte), Inc.",rural_bank,,BSP,BSP Directory of Banks and Non-Bank Financial Institutions: rural and cooperative banks,357,2026-09-14,"https://www.bsp.gov.ph/_api/web/lists/getbytitle('Institutions')/items?$select=InstitutionID,Title,ShortBankName,InstitutionTypeID,InstitutionTypeID2,InstitutionTypeID3,Address,NumOffice,Status,Website,Modified&$filter=InstitutionTypeID%20eq%20'11'&$top=500",no
"Rural Bank of Maria Aurora (Aurora), Inc.",rural_bank,,BSP,BSP Directory of Banks and Non-Bank Financial Institutions: rural and cooperative banks,358,2026-09-14,"https://www.bsp.gov.ph/_api/web/lists/getbytitle('Institutions')/items?$select=InstitutionID,Title,ShortBankName,InstitutionTypeID,InstitutionTypeID2,InstitutionTypeID3,Address,NumOffice,Status,Website,Modified&$filter=InstitutionTypeID%20eq%20'11'&$top=500",no
"Rural Bank of Marilag (Sta. Maria, Laguna), Inc.",rural_bank,,BSP,BSP Directory of Banks and Non-Bank Financial Institutions: rural and cooperative banks,359,2026-09-14,"https://www.bsp.gov.ph/_api/web/lists/getbytitle('Institutions')/items?$select=InstitutionID,Title,ShortBankName,InstitutionTypeID,InstitutionTypeID2,InstitutionTypeID3,Address,NumOffice,Status,Website,Modified&$filter=InstitutionTypeID%20eq%20'11'&$top=500",no
"Rural Bank of Mati, Inc.",rural_bank,,BSP,BSP Directory of Banks and Non-Bank Financial Institutions: rural and cooperative banks,361,2026-09-14,"https://www.bsp.gov.ph/_api/web/lists/getbytitle('Institutions')/items?$select=InstitutionID,Title,ShortBankName,InstitutionTypeID,InstitutionTypeID2,InstitutionTypeID3,Address,NumOffice,Status,Website,Modified&$filter=InstitutionTypeID%20eq%20'11'&$top=500",no
"Rural Bank of Mauban, Inc.",rural_bank,,BSP,BSP Directory of Banks and Non-Bank Financial Institutions: rural and cooperative banks,362,2026-09-14,"https://www.bsp.gov.ph/_api/web/lists/getbytitle('Institutions')/items?$select=InstitutionID,Title,ShortBankName,InstitutionTypeID,InstitutionTypeID2,InstitutionTypeID3,Address,NumOffice,Status,Website,Modified&$filter=InstitutionTypeID%20eq%20'11'&$top=500",no
"Rural Bank of Medina (Misamis Oriental), Inc.",rural_bank,,BSP,BSP Directory of Banks and Non-Bank Financial Institutions: rural and cooperative banks,363,2026-09-14,"https://www.bsp.gov.ph/_api/web/lists/getbytitle('Institutions')/items?$select=InstitutionID,Title,ShortBankName,InstitutionTypeID,InstitutionTypeID2,InstitutionTypeID3,Address,NumOffice,Status,Website,Modified&$filter=InstitutionTypeID%20eq%20'11'&$top=500",no
"Rural Bank of Miagao (Iloilo), Inc.",rural_bank,,BSP,BSP Directory of Banks and Non-Bank Financial Institutions: rural and cooperative banks,364,2026-09-14,"https://www.bsp.gov.ph/_api/web/lists/getbytitle('Institutions')/items?$select=InstitutionID,Title,ShortBankName,InstitutionTypeID,InstitutionTypeID2,InstitutionTypeID3,Address,NumOffice,Status,Website,Modified&$filter=InstitutionTypeID%20eq%20'11'&$top=500",no
"Rural Bank of Midsayap, Inc.",rural_bank,,BSP,BSP Directory of Banks and Non-Bank Financial Institutions: rural and cooperative banks,365,2026-09-14,"https://www.bsp.gov.ph/_api/web/lists/getbytitle('Institutions')/items?$select=InstitutionID,Title,ShortBankName,InstitutionTypeID,InstitutionTypeID2,InstitutionTypeID3,Address,NumOffice,Status,Website,Modified&$filter=InstitutionTypeID%20eq%20'11'&$top=500",no
"Rural Bank of Montalban, Inc.",rural_bank,,BSP,BSP Directory of Banks and Non-Bank Financial Institutions: rural and cooperative banks,366,2026-09-14,"https://www.bsp.gov.ph/_api/web/lists/getbytitle('Institutions')/items?$select=InstitutionID,Title,ShortBankName,InstitutionTypeID,InstitutionTypeID2,InstitutionTypeID3,Address,NumOffice,Status,Website,Modified&$filter=InstitutionTypeID%20eq%20'11'&$top=500",no
"Rural Bank of Naic, Inc.",rural_bank,,BSP,BSP Directory of Banks and Non-Bank Financial Institutions: rural and cooperative banks,367,2026-09-14,"https://www.bsp.gov.ph/_api/web/lists/getbytitle('Institutions')/items?$select=InstitutionID,Title,ShortBankName,InstitutionTypeID,InstitutionTypeID2,InstitutionTypeID3,Address,NumOffice,Status,Website,Modified&$filter=InstitutionTypeID%20eq%20'11'&$top=500",no
"Rural Bank of New Washington (Aklan), Inc.",rural_bank,,BSP,BSP Directory of Banks and Non-Bank Financial Institutions: rural and cooperative banks,368,2026-09-14,"https://www.bsp.gov.ph/_api/web/lists/getbytitle('Institutions')/items?$select=InstitutionID,Title,ShortBankName,InstitutionTypeID,InstitutionTypeID2,InstitutionTypeID3,Address,NumOffice,Status,Website,Modified&$filter=InstitutionTypeID%20eq%20'11'&$top=500",no
"Rural Bank of Norala (S. Cotabato), Inc.",rural_bank,,BSP,BSP Directory of Banks and Non-Bank Financial Institutions: rural and cooperative banks,369,2026-09-14,"https://www.bsp.gov.ph/_api/web/lists/getbytitle('Institutions')/items?$select=InstitutionID,Title,ShortBankName,InstitutionTypeID,InstitutionTypeID2,InstitutionTypeID3,Address,NumOffice,Status,Website,Modified&$filter=InstitutionTypeID%20eq%20'11'&$top=500",no
"Rural Bank of Padre Garcia, Inc.",rural_bank,,BSP,BSP Directory of Banks and Non-Bank Financial Institutions: rural and cooperative banks,370,2026-09-14,"https://www.bsp.gov.ph/_api/web/lists/getbytitle('Institutions')/items?$select=InstitutionID,Title,ShortBankName,InstitutionTypeID,InstitutionTypeID2,InstitutionTypeID3,Address,NumOffice,Status,Website,Modified&$filter=InstitutionTypeID%20eq%20'11'&$top=500",no
"Rural Bank of Paete, Inc.",rural_bank,,BSP,BSP Directory of Banks and Non-Bank Financial Institutions: rural and cooperative banks,371,2026-09-14,"https://www.bsp.gov.ph/_api/web/lists/getbytitle('Institutions')/items?$select=InstitutionID,Title,ShortBankName,InstitutionTypeID,InstitutionTypeID2,InstitutionTypeID3,Address,NumOffice,Status,Website,Modified&$filter=InstitutionTypeID%20eq%20'11'&$top=500",no
"Rural Bank of Pagadian, Inc.",rural_bank,,BSP,BSP Directory of Banks and Non-Bank Financial Institutions: rural and cooperative banks,372,2026-09-14,"https://www.bsp.gov.ph/_api/web/lists/getbytitle('Institutions')/items?$select=InstitutionID,Title,ShortBankName,InstitutionTypeID,InstitutionTypeID2,InstitutionTypeID3,Address,NumOffice,Status,Website,Modified&$filter=InstitutionTypeID%20eq%20'11'&$top=500",no
"Rural Bank of Pamplona (Negros Oriental), Inc.",rural_bank,,BSP,BSP Directory of Banks and Non-Bank Financial Institutions: rural and cooperative banks,373,2026-09-14,"https://www.bsp.gov.ph/_api/web/lists/getbytitle('Institutions')/items?$select=InstitutionID,Title,ShortBankName,InstitutionTypeID,InstitutionTypeID2,InstitutionTypeID3,Address,NumOffice,Status,Website,Modified&$filter=InstitutionTypeID%20eq%20'11'&$top=500",no
"Rural Bank of Paracale (Camarines Norte), Incorporated",rural_bank,,BSP,BSP Directory of Banks and Non-Bank Financial Institutions: rural and cooperative banks,374,2026-09-14,"https://www.bsp.gov.ph/_api/web/lists/getbytitle('Institutions')/items?$select=InstitutionID,Title,ShortBankName,InstitutionTypeID,InstitutionTypeID2,InstitutionTypeID3,Address,NumOffice,Status,Website,Modified&$filter=InstitutionTypeID%20eq%20'11'&$top=500",no
"Rural Bank of Pilar (Bataan), Inc.",rural_bank,,BSP,BSP Directory of Banks and Non-Bank Financial Institutions: rural and cooperative banks,375,2026-09-14,"https://www.bsp.gov.ph/_api/web/lists/getbytitle('Institutions')/items?$select=InstitutionID,Title,ShortBankName,InstitutionTypeID,InstitutionTypeID2,InstitutionTypeID3,Address,NumOffice,Status,Website,Modified&$filter=InstitutionTypeID%20eq%20'11'&$top=500",no
"Rural Bank of Pilar (Sorsogon), Inc.",rural_bank,,BSP,BSP Directory of Banks and Non-Bank Financial Institutions: rural and cooperative banks,376,2026-09-14,"https://www.bsp.gov.ph/_api/web/lists/getbytitle('Institutions')/items?$select=InstitutionID,Title,ShortBankName,InstitutionTypeID,InstitutionTypeID2,InstitutionTypeID3,Address,NumOffice,Status,Website,Modified&$filter=InstitutionTypeID%20eq%20'11'&$top=500",no
"Rural Bank of Pinamalayan, Inc.",rural_bank,,BSP,BSP Directory of Banks and Non-Bank Financial Institutions: rural and cooperative banks,377,2026-09-14,"https://www.bsp.gov.ph/_api/web/lists/getbytitle('Institutions')/items?$select=InstitutionID,Title,ShortBankName,InstitutionTypeID,InstitutionTypeID2,InstitutionTypeID3,Address,NumOffice,Status,Website,Modified&$filter=InstitutionTypeID%20eq%20'11'&$top=500",no
"Rural Bank of Placer, (Surigao del Norte), Inc.",rural_bank,,BSP,BSP Directory of Banks and Non-Bank Financial Institutions: rural and cooperative banks,378,2026-09-14,"https://www.bsp.gov.ph/_api/web/lists/getbytitle('Institutions')/items?$select=InstitutionID,Title,ShortBankName,InstitutionTypeID,InstitutionTypeID2,InstitutionTypeID3,Address,NumOffice,Status,Website,Modified&$filter=InstitutionTypeID%20eq%20'11'&$top=500",no
"Rural Bank of Pola (Oriental Mindoro), Inc.",rural_bank,,BSP,BSP Directory of Banks and Non-Bank Financial Institutions: rural and cooperative banks,379,2026-09-14,"https://www.bsp.gov.ph/_api/web/lists/getbytitle('Institutions')/items?$select=InstitutionID,Title,ShortBankName,InstitutionTypeID,InstitutionTypeID2,InstitutionTypeID3,Address,NumOffice,Status,Website,Modified&$filter=InstitutionTypeID%20eq%20'11'&$top=500",no
"Rural Bank of Porac (Pampanga), Inc.",rural_bank,,BSP,BSP Directory of Banks and Non-Bank Financial Institutions: rural and cooperative banks,380,2026-09-14,"https://www.bsp.gov.ph/_api/web/lists/getbytitle('Institutions')/items?$select=InstitutionID,Title,ShortBankName,InstitutionTypeID,InstitutionTypeID2,InstitutionTypeID3,Address,NumOffice,Status,Website,Modified&$filter=InstitutionTypeID%20eq%20'11'&$top=500",no
"Rural Bank of Puerto Galera (Oriental Mindoro), Inc.",rural_bank,,BSP,BSP Directory of Banks and Non-Bank Financial Institutions: rural and cooperative banks,381,2026-09-14,"https://www.bsp.gov.ph/_api/web/lists/getbytitle('Institutions')/items?$select=InstitutionID,Title,ShortBankName,InstitutionTypeID,InstitutionTypeID2,InstitutionTypeID3,Address,NumOffice,Status,Website,Modified&$filter=InstitutionTypeID%20eq%20'11'&$top=500",no
"Rural Bank of Pura (Tarlac), Inc.",rural_bank,,BSP,BSP Directory of Banks and Non-Bank Financial Institutions: rural and cooperative banks,382,2026-09-14,"https://www.bsp.gov.ph/_api/web/lists/getbytitle('Institutions')/items?$select=InstitutionID,Title,ShortBankName,InstitutionTypeID,InstitutionTypeID2,InstitutionTypeID3,Address,NumOffice,Status,Website,Modified&$filter=InstitutionTypeID%20eq%20'11'&$top=500",no
"Rural Bank of Quezon (N. E.), Inc.",rural_bank,,BSP,BSP Directory of Banks and Non-Bank Financial Institutions: rural and cooperative banks,383,2026-09-14,"https://www.bsp.gov.ph/_api/web/lists/getbytitle('Institutions')/items?$select=InstitutionID,Title,ShortBankName,InstitutionTypeID,InstitutionTypeID2,InstitutionTypeID3,Address,NumOffice,Status,Website,Modified&$filter=InstitutionTypeID%20eq%20'11'&$top=500",no
"Rural Bank of Ramon (Isabela), Inc.",rural_bank,,BSP,BSP Directory of Banks and Non-Bank Financial Institutions: rural and cooperative banks,384,2026-09-14,"https://www.bsp.gov.ph/_api/web/lists/getbytitle('Institutions')/items?$select=InstitutionID,Title,ShortBankName,InstitutionTypeID,InstitutionTypeID2,InstitutionTypeID3,Address,NumOffice,Status,Website,Modified&$filter=InstitutionTypeID%20eq%20'11'&$top=500",no
"Rural Bank of Rizal (Kalinga-Apayao), Inc.",rural_bank,,BSP,BSP Directory of Banks and Non-Bank Financial Institutions: rural and cooperative banks,385,2026-09-14,"https://www.bsp.gov.ph/_api/web/lists/getbytitle('Institutions')/items?$select=InstitutionID,Title,ShortBankName,InstitutionTypeID,InstitutionTypeID2,InstitutionTypeID3,Address,NumOffice,Status,Website,Modified&$filter=InstitutionTypeID%20eq%20'11'&$top=500",no
"Rural Bank of Rizal (Laguna), Inc.",rural_bank,,BSP,BSP Directory of Banks and Non-Bank Financial Institutions: rural and cooperative banks,386,2026-09-14,"https://www.bsp.gov.ph/_api/web/lists/getbytitle('Institutions')/items?$select=InstitutionID,Title,ShortBankName,InstitutionTypeID,InstitutionTypeID2,InstitutionTypeID3,Address,NumOffice,Status,Website,Modified&$filter=InstitutionTypeID%20eq%20'11'&$top=500",no
"Rural Bank of Rizal (Zamboanga Del Norte), Inc.",rural_bank,,BSP,BSP Directory of Banks and Non-Bank Financial Institutions: rural and cooperative banks,387,2026-09-14,"https://www.bsp.gov.ph/_api/web/lists/getbytitle('Institutions')/items?$select=InstitutionID,Title,ShortBankName,InstitutionTypeID,InstitutionTypeID2,InstitutionTypeID3,Address,NumOffice,Status,Website,Modified&$filter=InstitutionTypeID%20eq%20'11'&$top=500",no
"Rural Bank of Rosario (La Union), Inc.",rural_bank,,BSP,BSP Directory of Banks and Non-Bank Financial Institutions: rural and cooperative banks,388,2026-09-14,"https://www.bsp.gov.ph/_api/web/lists/getbytitle('Institutions')/items?$select=InstitutionID,Title,ShortBankName,InstitutionTypeID,InstitutionTypeID2,InstitutionTypeID3,Address,NumOffice,Status,Website,Modified&$filter=InstitutionTypeID%20eq%20'11'&$top=500",no
"Rural Bank of Roxas (Oriental Mindoro), Inc.",rural_bank,,BSP,BSP Directory of Banks and Non-Bank Financial Institutions: rural and cooperative banks,389,2026-09-14,"https://www.bsp.gov.ph/_api/web/lists/getbytitle('Institutions')/items?$select=InstitutionID,Title,ShortBankName,InstitutionTypeID,InstitutionTypeID2,InstitutionTypeID3,Address,NumOffice,Status,Website,Modified&$filter=InstitutionTypeID%20eq%20'11'&$top=500",no
"Rural Bank of Sagada (Mountain Province), Inc.",rural_bank,,BSP,BSP Directory of Banks and Non-Bank Financial Institutions: rural and cooperative banks,390,2026-09-14,"https://www.bsp.gov.ph/_api/web/lists/getbytitle('Institutions')/items?$select=InstitutionID,Title,ShortBankName,InstitutionTypeID,InstitutionTypeID2,InstitutionTypeID3,Address,NumOffice,Status,Website,Modified&$filter=InstitutionTypeID%20eq%20'11'&$top=500",no
"Rural Bank of Sagay, Inc.",rural_bank,,BSP,BSP Directory of Banks and Non-Bank Financial Institutions: rural and cooperative banks,391,2026-09-14,"https://www.bsp.gov.ph/_api/web/lists/getbytitle('Institutions')/items?$select=InstitutionID,Title,ShortBankName,InstitutionTypeID,InstitutionTypeID2,InstitutionTypeID3,Address,NumOffice,Status,Website,Modified&$filter=InstitutionTypeID%20eq%20'11'&$top=500",no
"Rural Bank of Salug (Zamboanga Del Norte), Inc.",rural_bank,,BSP,BSP Directory of Banks and Non-Bank Financial Institutions: rural and cooperative banks,392,2026-09-14,"https://www.bsp.gov.ph/_api/web/lists/getbytitle('Institutions')/items?$select=InstitutionID,Title,ShortBankName,InstitutionTypeID,InstitutionTypeID2,InstitutionTypeID3,Address,NumOffice,Status,Website,Modified&$filter=InstitutionTypeID%20eq%20'11'&$top=500",no
"Rural Bank of Sampaloc (Quezon), Inc.",rural_bank,,BSP,BSP Directory of Banks and Non-Bank Financial Institutions: rural and cooperative banks,393,2026-09-14,"https://www.bsp.gov.ph/_api/web/lists/getbytitle('Institutions')/items?$select=InstitutionID,Title,ShortBankName,InstitutionTypeID,InstitutionTypeID2,InstitutionTypeID3,Address,NumOffice,Status,Website,Modified&$filter=InstitutionTypeID%20eq%20'11'&$top=500",no
"Rural Bank of San Antonio, Inc.",rural_bank,,BSP,BSP Directory of Banks and Non-Bank Financial Institutions: rural and cooperative banks,394,2026-09-14,"https://www.bsp.gov.ph/_api/web/lists/getbytitle('Institutions')/items?$select=InstitutionID,Title,ShortBankName,InstitutionTypeID,InstitutionTypeID2,InstitutionTypeID3,Address,NumOffice,Status,Website,Modified&$filter=InstitutionTypeID%20eq%20'11'&$top=500",no
"Rural Bank of San Luis (Batangas), Inc.",rural_bank,,BSP,BSP Directory of Banks and Non-Bank Financial Institutions: rural and cooperative banks,395,2026-09-14,"https://www.bsp.gov.ph/_api/web/lists/getbytitle('Institutions')/items?$select=InstitutionID,Title,ShortBankName,InstitutionTypeID,InstitutionTypeID2,InstitutionTypeID3,Address,NumOffice,Status,Website,Modified&$filter=InstitutionTypeID%20eq%20'11'&$top=500",no
"Rural Bank of San Luis (Pampanga), Inc.",rural_bank,,BSP,BSP Directory of Banks and Non-Bank Financial Institutions: rural and cooperative banks,396,2026-09-14,"https://www.bsp.gov.ph/_api/web/lists/getbytitle('Institutions')/items?$select=InstitutionID,Title,ShortBankName,InstitutionTypeID,InstitutionTypeID2,InstitutionTypeID3,Address,NumOffice,Status,Website,Modified&$filter=InstitutionTypeID%20eq%20'11'&$top=500",no
"Rural Bank of San Manuel (Isabela), Inc.",rural_bank,,BSP,BSP Directory of Banks and Non-Bank Financial Institutions: rural and cooperative banks,397,2026-09-14,"https://www.bsp.gov.ph/_api/web/lists/getbytitle('Institutions')/items?$select=InstitutionID,Title,ShortBankName,InstitutionTypeID,InstitutionTypeID2,InstitutionTypeID3,Address,NumOffice,Status,Website,Modified&$filter=InstitutionTypeID%20eq%20'11'&$top=500",no
"Rural Bank of San Mateo (Isabela), Inc.",rural_bank,,BSP,BSP Directory of Banks and Non-Bank Financial Institutions: rural and cooperative banks,398,2026-09-14,"https://www.bsp.gov.ph/_api/web/lists/getbytitle('Institutions')/items?$select=InstitutionID,Title,ShortBankName,InstitutionTypeID,InstitutionTypeID2,InstitutionTypeID3,Address,NumOffice,Status,Website,Modified&$filter=InstitutionTypeID%20eq%20'11'&$top=500",no
"Rural Bank of San Miguel (Iloilo), Inc.",rural_bank,,BSP,BSP Directory of Banks and Non-Bank Financial Institutions: rural and cooperative banks,399,2026-09-14,"https://www.bsp.gov.ph/_api/web/lists/getbytitle('Institutions')/items?$select=InstitutionID,Title,ShortBankName,InstitutionTypeID,InstitutionTypeID2,InstitutionTypeID3,Address,NumOffice,Status,Website,Modified&$filter=InstitutionTypeID%20eq%20'11'&$top=500",no
"Rural Bank of San Narciso, Inc.",rural_bank,,BSP,BSP Directory of Banks and Non-Bank Financial Institutions: rural and cooperative banks,400,2026-09-14,"https://www.bsp.gov.ph/_api/web/lists/getbytitle('Institutions')/items?$select=InstitutionID,Title,ShortBankName,InstitutionTypeID,InstitutionTypeID2,InstitutionTypeID3,Address,NumOffice,Status,Website,Modified&$filter=InstitutionTypeID%20eq%20'11'&$top=500",no
"Rural Bank of San Pascual (Obando, Bulacan), Inc.",rural_bank,,BSP,BSP Directory of Banks and Non-Bank Financial Institutions: rural and cooperative banks,401,2026-09-14,"https://www.bsp.gov.ph/_api/web/lists/getbytitle('Institutions')/items?$select=InstitutionID,Title,ShortBankName,InstitutionTypeID,InstitutionTypeID2,InstitutionTypeID3,Address,NumOffice,Status,Website,Modified&$filter=InstitutionTypeID%20eq%20'11'&$top=500",no
"Rural Bank of San Rafael (Bulacan), Inc.",rural_bank,,BSP,BSP Directory of Banks and Non-Bank Financial Institutions: rural and cooperative banks,402,2026-09-14,"https://www.bsp.gov.ph/_api/web/lists/getbytitle('Institutions')/items?$select=InstitutionID,Title,ShortBankName,InstitutionTypeID,InstitutionTypeID2,InstitutionTypeID3,Address,NumOffice,Status,Website,Modified&$filter=InstitutionTypeID%20eq%20'11'&$top=500",no
"Rural Bank of Sanchez Mira (Cagayan), Inc.",rural_bank,,BSP,BSP Directory of Banks and Non-Bank Financial Institutions: rural and cooperative banks,403,2026-09-14,"https://www.bsp.gov.ph/_api/web/lists/getbytitle('Institutions')/items?$select=InstitutionID,Title,ShortBankName,InstitutionTypeID,InstitutionTypeID2,InstitutionTypeID3,Address,NumOffice,Status,Website,Modified&$filter=InstitutionTypeID%20eq%20'11'&$top=500",no
"Rural Bank of Sasmuan (Pampanga), Incorporated",rural_bank,,BSP,BSP Directory of Banks and Non-Bank Financial Institutions: rural and cooperative banks,404,2026-09-14,"https://www.bsp.gov.ph/_api/web/lists/getbytitle('Institutions')/items?$select=InstitutionID,Title,ShortBankName,InstitutionTypeID,InstitutionTypeID2,InstitutionTypeID3,Address,NumOffice,Status,Website,Modified&$filter=InstitutionTypeID%20eq%20'11'&$top=500",no
"Rural Bank of Seven Lakes (San Pablo City), Inc.",rural_bank,,BSP,BSP Directory of Banks and Non-Bank Financial Institutions: rural and cooperative banks,405,2026-09-14,"https://www.bsp.gov.ph/_api/web/lists/getbytitle('Institutions')/items?$select=InstitutionID,Title,ShortBankName,InstitutionTypeID,InstitutionTypeID2,InstitutionTypeID3,Address,NumOffice,Status,Website,Modified&$filter=InstitutionTypeID%20eq%20'11'&$top=500",no
"Rural Bank of Silay City, Inc.",rural_bank,,BSP,BSP Directory of Banks and Non-Bank Financial Institutions: rural and cooperative banks,406,2026-09-14,"https://www.bsp.gov.ph/_api/web/lists/getbytitle('Institutions')/items?$select=InstitutionID,Title,ShortBankName,InstitutionTypeID,InstitutionTypeID2,InstitutionTypeID3,Address,NumOffice,Status,Website,Modified&$filter=InstitutionTypeID%20eq%20'11'&$top=500",no
"Rural Bank of Sipocot (Camarines Sur), Inc.",rural_bank,,BSP,BSP Directory of Banks and Non-Bank Financial Institutions: rural and cooperative banks,407,2026-09-14,"https://www.bsp.gov.ph/_api/web/lists/getbytitle('Institutions')/items?$select=InstitutionID,Title,ShortBankName,InstitutionTypeID,InstitutionTypeID2,InstitutionTypeID3,Address,NumOffice,Status,Website,Modified&$filter=InstitutionTypeID%20eq%20'11'&$top=500",no
"Rural Bank of Socorro (Oriental Mindoro), Inc.",rural_bank,,BSP,BSP Directory of Banks and Non-Bank Financial Institutions: rural and cooperative banks,408,2026-09-14,"https://www.bsp.gov.ph/_api/web/lists/getbytitle('Institutions')/items?$select=InstitutionID,Title,ShortBankName,InstitutionTypeID,InstitutionTypeID2,InstitutionTypeID3,Address,NumOffice,Status,Website,Modified&$filter=InstitutionTypeID%20eq%20'11'&$top=500",no
"Rural Bank of Solano (Nueva Vizcaya), Inc.",rural_bank,,BSP,BSP Directory of Banks and Non-Bank Financial Institutions: rural and cooperative banks,409,2026-09-14,"https://www.bsp.gov.ph/_api/web/lists/getbytitle('Institutions')/items?$select=InstitutionID,Title,ShortBankName,InstitutionTypeID,InstitutionTypeID2,InstitutionTypeID3,Address,NumOffice,Status,Website,Modified&$filter=InstitutionTypeID%20eq%20'11'&$top=500",no
"Rural Bank of Sta. Barbara (Iloilo), Inc.",rural_bank,,BSP,BSP Directory of Banks and Non-Bank Financial Institutions: rural and cooperative banks,410,2026-09-14,"https://www.bsp.gov.ph/_api/web/lists/getbytitle('Institutions')/items?$select=InstitutionID,Title,ShortBankName,InstitutionTypeID,InstitutionTypeID2,InstitutionTypeID3,Address,NumOffice,Status,Website,Modified&$filter=InstitutionTypeID%20eq%20'11'&$top=500",no
"Rural Bank of Sta. Ignacia, Inc.",rural_bank,,BSP,BSP Directory of Banks and Non-Bank Financial Institutions: rural and cooperative banks,411,2026-09-14,"https://www.bsp.gov.ph/_api/web/lists/getbytitle('Institutions')/items?$select=InstitutionID,Title,ShortBankName,InstitutionTypeID,InstitutionTypeID2,InstitutionTypeID3,Address,NumOffice,Status,Website,Modified&$filter=InstitutionTypeID%20eq%20'11'&$top=500",no
"Rural Bank of Sta. Maria (Ilocos Sur), Inc.",rural_bank,,BSP,BSP Directory of Banks and Non-Bank Financial Institutions: rural and cooperative banks,412,2026-09-14,"https://www.bsp.gov.ph/_api/web/lists/getbytitle('Institutions')/items?$select=InstitutionID,Title,ShortBankName,InstitutionTypeID,InstitutionTypeID2,InstitutionTypeID3,Address,NumOffice,Status,Website,Modified&$filter=InstitutionTypeID%20eq%20'11'&$top=500",no
"Rural Bank of Sta. Rosa De Lima (Paniqui, Tarlac), Inc.",rural_bank,,BSP,BSP Directory of Banks and Non-Bank Financial Institutions: rural and cooperative banks,413,2026-09-14,"https://www.bsp.gov.ph/_api/web/lists/getbytitle('Institutions')/items?$select=InstitutionID,Title,ShortBankName,InstitutionTypeID,InstitutionTypeID2,InstitutionTypeID3,Address,NumOffice,Status,Website,Modified&$filter=InstitutionTypeID%20eq%20'11'&$top=500",no
"Rural Bank of Sudipen (La Union), Inc.",rural_bank,,BSP,BSP Directory of Banks and Non-Bank Financial Institutions: rural and cooperative banks,414,2026-09-14,"https://www.bsp.gov.ph/_api/web/lists/getbytitle('Institutions')/items?$select=InstitutionID,Title,ShortBankName,InstitutionTypeID,InstitutionTypeID2,InstitutionTypeID3,Address,NumOffice,Status,Website,Modified&$filter=InstitutionTypeID%20eq%20'11'&$top=500",no
"Rural Bank of Taal, Inc.",rural_bank,,BSP,BSP Directory of Banks and Non-Bank Financial Institutions: rural and cooperative banks,415,2026-09-14,"https://www.bsp.gov.ph/_api/web/lists/getbytitle('Institutions')/items?$select=InstitutionID,Title,ShortBankName,InstitutionTypeID,InstitutionTypeID2,InstitutionTypeID3,Address,NumOffice,Status,Website,Modified&$filter=InstitutionTypeID%20eq%20'11'&$top=500",no
"Rural Bank of Talugtug (N. E.), Inc.",rural_bank,,BSP,BSP Directory of Banks and Non-Bank Financial Institutions: rural and cooperative banks,416,2026-09-14,"https://www.bsp.gov.ph/_api/web/lists/getbytitle('Institutions')/items?$select=InstitutionID,Title,ShortBankName,InstitutionTypeID,InstitutionTypeID2,InstitutionTypeID3,Address,NumOffice,Status,Website,Modified&$filter=InstitutionTypeID%20eq%20'11'&$top=500",no
"Rural Bank of Tandag (Surigao Del Sur), Inc.",rural_bank,,BSP,BSP Directory of Banks and Non-Bank Financial Institutions: rural and cooperative banks,417,2026-09-14,"https://www.bsp.gov.ph/_api/web/lists/getbytitle('Institutions')/items?$select=InstitutionID,Title,ShortBankName,InstitutionTypeID,InstitutionTypeID2,InstitutionTypeID3,Address,NumOffice,Status,Website,Modified&$filter=InstitutionTypeID%20eq%20'11'&$top=500",no
"Rural Bank of Tangub City, (Mis. Occ.) Inc.",rural_bank,,BSP,BSP Directory of Banks and Non-Bank Financial Institutions: rural and cooperative banks,418,2026-09-14,"https://www.bsp.gov.ph/_api/web/lists/getbytitle('Institutions')/items?$select=InstitutionID,Title,ShortBankName,InstitutionTypeID,InstitutionTypeID2,InstitutionTypeID3,Address,NumOffice,Status,Website,Modified&$filter=InstitutionTypeID%20eq%20'11'&$top=500",no
"Rural Bank of Tanjay, Inc.",rural_bank,,BSP,BSP Directory of Banks and Non-Bank Financial Institutions: rural and cooperative banks,419,2026-09-14,"https://www.bsp.gov.ph/_api/web/lists/getbytitle('Institutions')/items?$select=InstitutionID,Title,ShortBankName,InstitutionTypeID,InstitutionTypeID2,InstitutionTypeID3,Address,NumOffice,Status,Website,Modified&$filter=InstitutionTypeID%20eq%20'11'&$top=500",no
"Rural Bank of Tigaon Camarines Sur, Inc.",rural_bank,,BSP,BSP Directory of Banks and Non-Bank Financial Institutions: rural and cooperative banks,420,2026-09-14,"https://www.bsp.gov.ph/_api/web/lists/getbytitle('Institutions')/items?$select=InstitutionID,Title,ShortBankName,InstitutionTypeID,InstitutionTypeID2,InstitutionTypeID3,Address,NumOffice,Status,Website,Modified&$filter=InstitutionTypeID%20eq%20'11'&$top=500",no
"Rural Bank of Tigbauan (Iloilo), Inc.",rural_bank,,BSP,BSP Directory of Banks and Non-Bank Financial Institutions: rural and cooperative banks,421,2026-09-14,"https://www.bsp.gov.ph/_api/web/lists/getbytitle('Institutions')/items?$select=InstitutionID,Title,ShortBankName,InstitutionTypeID,InstitutionTypeID2,InstitutionTypeID3,Address,NumOffice,Status,Website,Modified&$filter=InstitutionTypeID%20eq%20'11'&$top=500",no
"Rural Bank of Victoria, Inc.",rural_bank,,BSP,BSP Directory of Banks and Non-Bank Financial Institutions: rural and cooperative banks,422,2026-09-14,"https://www.bsp.gov.ph/_api/web/lists/getbytitle('Institutions')/items?$select=InstitutionID,Title,ShortBankName,InstitutionTypeID,InstitutionTypeID2,InstitutionTypeID3,Address,NumOffice,Status,Website,Modified&$filter=InstitutionTypeID%20eq%20'11'&$top=500",no
"Rural Bank of Villaverde (Nueva Vizcaya), Inc.",rural_bank,,BSP,BSP Directory of Banks and Non-Bank Financial Institutions: rural and cooperative banks,423,2026-09-14,"https://www.bsp.gov.ph/_api/web/lists/getbytitle('Institutions')/items?$select=InstitutionID,Title,ShortBankName,InstitutionTypeID,InstitutionTypeID2,InstitutionTypeID3,Address,NumOffice,Status,Website,Modified&$filter=InstitutionTypeID%20eq%20'11'&$top=500",no
"Rural Bank of Zarraga (Iloilo), Inc.",rural_bank,,BSP,BSP Directory of Banks and Non-Bank Financial Institutions: rural and cooperative banks,424,2026-09-14,"https://www.bsp.gov.ph/_api/web/lists/getbytitle('Institutions')/items?$select=InstitutionID,Title,ShortBankName,InstitutionTypeID,InstitutionTypeID2,InstitutionTypeID3,Address,NumOffice,Status,Website,Modified&$filter=InstitutionTypeID%20eq%20'11'&$top=500",no
"Sadiri Rural Bank (San Juan, Ilocos Sur), Inc.",rural_bank,,BSP,BSP Directory of Banks and Non-Bank Financial Institutions: rural and cooperative banks,425,2026-09-14,"https://www.bsp.gov.ph/_api/web/lists/getbytitle('Institutions')/items?$select=InstitutionID,Title,ShortBankName,InstitutionTypeID,InstitutionTypeID2,InstitutionTypeID3,Address,NumOffice,Status,Website,Modified&$filter=InstitutionTypeID%20eq%20'11'&$top=500",no
Salmon Bank (Rural Bank) Inc.,rural_bank,,BSP,BSP Directory of Banks and Non-Bank Financial Institutions: rural and cooperative banks,426,2026-09-14,"https://www.bsp.gov.ph/_api/web/lists/getbytitle('Institutions')/items?$select=InstitutionID,Title,ShortBankName,InstitutionTypeID,InstitutionTypeID2,InstitutionTypeID3,Address,NumOffice,Status,Website,Modified&$filter=InstitutionTypeID%20eq%20'11'&$top=500",no
"Salug Valley Rural Bank, Inc.",rural_bank,,BSP,BSP Directory of Banks and Non-Bank Financial Institutions: rural and cooperative banks,427,2026-09-14,"https://www.bsp.gov.ph/_api/web/lists/getbytitle('Institutions')/items?$select=InstitutionID,Title,ShortBankName,InstitutionTypeID,InstitutionTypeID2,InstitutionTypeID3,Address,NumOffice,Status,Website,Modified&$filter=InstitutionTypeID%20eq%20'11'&$top=500",no
"San Bartolome Rural Bank, Inc.",rural_bank,,BSP,BSP Directory of Banks and Non-Bank Financial Institutions: rural and cooperative banks,428,2026-09-14,"https://www.bsp.gov.ph/_api/web/lists/getbytitle('Institutions')/items?$select=InstitutionID,Title,ShortBankName,InstitutionTypeID,InstitutionTypeID2,InstitutionTypeID3,Address,NumOffice,Status,Website,Modified&$filter=InstitutionTypeID%20eq%20'11'&$top=500",no
"Saviour Rural Bank, Inc.",rural_bank,,BSP,BSP Directory of Banks and Non-Bank Financial Institutions: rural and cooperative banks,429,2026-09-14,"https://www.bsp.gov.ph/_api/web/lists/getbytitle('Institutions')/items?$select=InstitutionID,Title,ShortBankName,InstitutionTypeID,InstitutionTypeID2,InstitutionTypeID3,Address,NumOffice,Status,Website,Modified&$filter=InstitutionTypeID%20eq%20'11'&$top=500",no
"Second Rural Bank of San Luis, Pampanga, Inc.",rural_bank,,BSP,BSP Directory of Banks and Non-Bank Financial Institutions: rural and cooperative banks,430,2026-09-14,"https://www.bsp.gov.ph/_api/web/lists/getbytitle('Institutions')/items?$select=InstitutionID,Title,ShortBankName,InstitutionTypeID,InstitutionTypeID2,InstitutionTypeID3,Address,NumOffice,Status,Website,Modified&$filter=InstitutionTypeID%20eq%20'11'&$top=500",no
"Second Rural Bank of Valenzuela (Metro Manila), Inc.",rural_bank,,BSP,BSP Directory of Banks and Non-Bank Financial Institutions: rural and cooperative banks,431,2026-09-14,"https://www.bsp.gov.ph/_api/web/lists/getbytitle('Institutions')/items?$select=InstitutionID,Title,ShortBankName,InstitutionTypeID,InstitutionTypeID2,InstitutionTypeID3,Address,NumOffice,Status,Website,Modified&$filter=InstitutionTypeID%20eq%20'11'&$top=500",no
"Secured Bank, Inc., A Rural Bank",rural_bank,,BSP,BSP Directory of Banks and Non-Bank Financial Institutions: rural and cooperative banks,432,2026-09-14,"https://www.bsp.gov.ph/_api/web/lists/getbytitle('Institutions')/items?$select=InstitutionID,Title,ShortBankName,InstitutionTypeID,InstitutionTypeID2,InstitutionTypeID3,Address,NumOffice,Status,Website,Modified&$filter=InstitutionTypeID%20eq%20'11'&$top=500",no
SG Bank - A Rural bank Inc.,rural_bank,,BSP,BSP Directory of Banks and Non-Bank Financial Institutions: rural and cooperative banks,433,2026-09-14,"https://www.bsp.gov.ph/_api/web/lists/getbytitle('Institutions')/items?$select=InstitutionID,Title,ShortBankName,InstitutionTypeID,InstitutionTypeID2,InstitutionTypeID3,Address,NumOffice,Status,Website,Modified&$filter=InstitutionTypeID%20eq%20'11'&$top=500",no
"Silahis Bank, Inc. (A Rural Bank)",rural_bank,,BSP,BSP Directory of Banks and Non-Bank Financial Institutions: rural and cooperative banks,434,2026-09-14,"https://www.bsp.gov.ph/_api/web/lists/getbytitle('Institutions')/items?$select=InstitutionID,Title,ShortBankName,InstitutionTypeID,InstitutionTypeID2,InstitutionTypeID3,Address,NumOffice,Status,Website,Modified&$filter=InstitutionTypeID%20eq%20'11'&$top=500",no
"South Bank (A Rural Bank), Incorporated",rural_bank,,BSP,BSP Directory of Banks and Non-Bank Financial Institutions: rural and cooperative banks,435,2026-09-14,"https://www.bsp.gov.ph/_api/web/lists/getbytitle('Institutions')/items?$select=InstitutionID,Title,ShortBankName,InstitutionTypeID,InstitutionTypeID2,InstitutionTypeID3,Address,NumOffice,Status,Website,Modified&$filter=InstitutionTypeID%20eq%20'11'&$top=500",no
"Southeast Country Bank, Inc. ( A Rural Bank)",rural_bank,,BSP,BSP Directory of Banks and Non-Bank Financial Institutions: rural and cooperative banks,436,2026-09-14,"https://www.bsp.gov.ph/_api/web/lists/getbytitle('Institutions')/items?$select=InstitutionID,Title,ShortBankName,InstitutionTypeID,InstitutionTypeID2,InstitutionTypeID3,Address,NumOffice,Status,Website,Modified&$filter=InstitutionTypeID%20eq%20'11'&$top=500",no
"St. Michael Rural Bank of Tarlac (Tarlac), Inc.",rural_bank,,BSP,BSP Directory of Banks and Non-Bank Financial Institutions: rural and cooperative banks,437,2026-09-14,"https://www.bsp.gov.ph/_api/web/lists/getbytitle('Institutions')/items?$select=InstitutionID,Title,ShortBankName,InstitutionTypeID,InstitutionTypeID2,InstitutionTypeID3,Address,NumOffice,Status,Website,Modified&$filter=InstitutionTypeID%20eq%20'11'&$top=500",no
"Sta. Maria Rural Bank, Inc.",rural_bank,,BSP,BSP Directory of Banks and Non-Bank Financial Institutions: rural and cooperative banks,438,2026-09-14,"https://www.bsp.gov.ph/_api/web/lists/getbytitle('Institutions')/items?$select=InstitutionID,Title,ShortBankName,InstitutionTypeID,InstitutionTypeID2,InstitutionTypeID3,Address,NumOffice,Status,Website,Modified&$filter=InstitutionTypeID%20eq%20'11'&$top=500",no
"Summit Bank (Rural Bank of Tublay, Inc.)",rural_bank,,BSP,BSP Directory of Banks and Non-Bank Financial Institutions: rural and cooperative banks,439,2026-09-14,"https://www.bsp.gov.ph/_api/web/lists/getbytitle('Institutions')/items?$select=InstitutionID,Title,ShortBankName,InstitutionTypeID,InstitutionTypeID2,InstitutionTypeID3,Address,NumOffice,Status,Website,Modified&$filter=InstitutionTypeID%20eq%20'11'&$top=500",no
"Summit Rural Bank of Lipa City, Inc.",rural_bank,,BSP,BSP Directory of Banks and Non-Bank Financial Institutions: rural and cooperative banks,440,2026-09-14,"https://www.bsp.gov.ph/_api/web/lists/getbytitle('Institutions')/items?$select=InstitutionID,Title,ShortBankName,InstitutionTypeID,InstitutionTypeID2,InstitutionTypeID3,Address,NumOffice,Status,Website,Modified&$filter=InstitutionTypeID%20eq%20'11'&$top=500",no
"Sunrise Rural Bank (Rosario, Batangas), Inc.",rural_bank,,BSP,BSP Directory of Banks and Non-Bank Financial Institutions: rural and cooperative banks,441,2026-09-14,"https://www.bsp.gov.ph/_api/web/lists/getbytitle('Institutions')/items?$select=InstitutionID,Title,ShortBankName,InstitutionTypeID,InstitutionTypeID2,InstitutionTypeID3,Address,NumOffice,Status,Website,Modified&$filter=InstitutionTypeID%20eq%20'11'&$top=500",no
"Talisay Rural Bank, Inc.",rural_bank,,BSP,BSP Directory of Banks and Non-Bank Financial Institutions: rural and cooperative banks,442,2026-09-14,"https://www.bsp.gov.ph/_api/web/lists/getbytitle('Institutions')/items?$select=InstitutionID,Title,ShortBankName,InstitutionTypeID,InstitutionTypeID2,InstitutionTypeID3,Address,NumOffice,Status,Website,Modified&$filter=InstitutionTypeID%20eq%20'11'&$top=500",no
"Tamaraw Rural Bank, Inc.",rural_bank,,BSP,BSP Directory of Banks and Non-Bank Financial Institutions: rural and cooperative banks,443,2026-09-14,"https://www.bsp.gov.ph/_api/web/lists/getbytitle('Institutions')/items?$select=InstitutionID,Title,ShortBankName,InstitutionTypeID,InstitutionTypeID2,InstitutionTypeID3,Address,NumOffice,Status,Website,Modified&$filter=InstitutionTypeID%20eq%20'11'&$top=500",no
"The Country Bank Rural Bank of Bongabong Or. Mindoro, Inc.",rural_bank,,BSP,BSP Directory of Banks and Non-Bank Financial Institutions: rural and cooperative banks,444,2026-09-14,"https://www.bsp.gov.ph/_api/web/lists/getbytitle('Institutions')/items?$select=InstitutionID,Title,ShortBankName,InstitutionTypeID,InstitutionTypeID2,InstitutionTypeID3,Address,NumOffice,Status,Website,Modified&$filter=InstitutionTypeID%20eq%20'11'&$top=500",no
"Top Bank Philippines, Inc. (A Rural Bank)",rural_bank,,BSP,BSP Directory of Banks and Non-Bank Financial Institutions: rural and cooperative banks,445,2026-09-14,"https://www.bsp.gov.ph/_api/web/lists/getbytitle('Institutions')/items?$select=InstitutionID,Title,ShortBankName,InstitutionTypeID,InstitutionTypeID2,InstitutionTypeID3,Address,NumOffice,Status,Website,Modified&$filter=InstitutionTypeID%20eq%20'11'&$top=500",no
"Towncall Rural Bank, Inc.",rural_bank,,BSP,BSP Directory of Banks and Non-Bank Financial Institutions: rural and cooperative banks,446,2026-09-14,"https://www.bsp.gov.ph/_api/web/lists/getbytitle('Institutions')/items?$select=InstitutionID,Title,ShortBankName,InstitutionTypeID,InstitutionTypeID2,InstitutionTypeID3,Address,NumOffice,Status,Website,Modified&$filter=InstitutionTypeID%20eq%20'11'&$top=500",no
TRBank Inc. (A Rural Bank),rural_bank,,BSP,BSP Directory of Banks and Non-Bank Financial Institutions: rural and cooperative banks,447,2026-09-14,"https://www.bsp.gov.ph/_api/web/lists/getbytitle('Institutions')/items?$select=InstitutionID,Title,ShortBankName,InstitutionTypeID,InstitutionTypeID2,InstitutionTypeID3,Address,NumOffice,Status,Website,Modified&$filter=InstitutionTypeID%20eq%20'11'&$top=500",no
"Turumba Rural Bank of Pakil, Inc.",rural_bank,,BSP,BSP Directory of Banks and Non-Bank Financial Institutions: rural and cooperative banks,448,2026-09-14,"https://www.bsp.gov.ph/_api/web/lists/getbytitle('Institutions')/items?$select=InstitutionID,Title,ShortBankName,InstitutionTypeID,InstitutionTypeID2,InstitutionTypeID3,Address,NumOffice,Status,Website,Modified&$filter=InstitutionTypeID%20eq%20'11'&$top=500",no
"Unilink Bank, Inc. (A Rural Bank)",rural_bank,,BSP,BSP Directory of Banks and Non-Bank Financial Institutions: rural and cooperative banks,449,2026-09-14,"https://www.bsp.gov.ph/_api/web/lists/getbytitle('Institutions')/items?$select=InstitutionID,Title,ShortBankName,InstitutionTypeID,InstitutionTypeID2,InstitutionTypeID3,Address,NumOffice,Status,Website,Modified&$filter=InstitutionTypeID%20eq%20'11'&$top=500",no
"Universal Rural Bank of Lopez (Quezon), Inc.",rural_bank,,BSP,BSP Directory of Banks and Non-Bank Financial Institutions: rural and cooperative banks,450,2026-09-14,"https://www.bsp.gov.ph/_api/web/lists/getbytitle('Institutions')/items?$select=InstitutionID,Title,ShortBankName,InstitutionTypeID,InstitutionTypeID2,InstitutionTypeID3,Address,NumOffice,Status,Website,Modified&$filter=InstitutionTypeID%20eq%20'11'&$top=500",no
"Upland Rural Bank of Dalaguete (Cebu), Inc.",rural_bank,,BSP,BSP Directory of Banks and Non-Bank Financial Institutions: rural and cooperative banks,451,2026-09-14,"https://www.bsp.gov.ph/_api/web/lists/getbytitle('Institutions')/items?$select=InstitutionID,Title,ShortBankName,InstitutionTypeID,InstitutionTypeID2,InstitutionTypeID3,Address,NumOffice,Status,Website,Modified&$filter=InstitutionTypeID%20eq%20'11'&$top=500",no
"Utility Bank, Inc. (A Rural Bank)",rural_bank,,BSP,BSP Directory of Banks and Non-Bank Financial Institutions: rural and cooperative banks,452,2026-09-14,"https://www.bsp.gov.ph/_api/web/lists/getbytitle('Institutions')/items?$select=InstitutionID,Title,ShortBankName,InstitutionTypeID,InstitutionTypeID2,InstitutionTypeID3,Address,NumOffice,Status,Website,Modified&$filter=InstitutionTypeID%20eq%20'11'&$top=500",no
Vigan Banco Rural Incorporada,rural_bank,,BSP,BSP Directory of Banks and Non-Bank Financial Institutions: rural and cooperative banks,453,2026-09-14,"https://www.bsp.gov.ph/_api/web/lists/getbytitle('Institutions')/items?$select=InstitutionID,Title,ShortBankName,InstitutionTypeID,InstitutionTypeID2,InstitutionTypeID3,Address,NumOffice,Status,Website,Modified&$filter=InstitutionTypeID%20eq%20'11'&$top=500",no
"Village Bank, Inc. (A Rural Bank)",rural_bank,,BSP,BSP Directory of Banks and Non-Bank Financial Institutions: rural and cooperative banks,454,2026-09-14,"https://www.bsp.gov.ph/_api/web/lists/getbytitle('Institutions')/items?$select=InstitutionID,Title,ShortBankName,InstitutionTypeID,InstitutionTypeID2,InstitutionTypeID3,Address,NumOffice,Status,Website,Modified&$filter=InstitutionTypeID%20eq%20'11'&$top=500",no
"Vizcaya Bank, A Rural Bank, Inc.",rural_bank,,BSP,BSP Directory of Banks and Non-Bank Financial Institutions: rural and cooperative banks,455,2026-09-14,"https://www.bsp.gov.ph/_api/web/lists/getbytitle('Institutions')/items?$select=InstitutionID,Title,ShortBankName,InstitutionTypeID,InstitutionTypeID2,InstitutionTypeID3,Address,NumOffice,Status,Website,Modified&$filter=InstitutionTypeID%20eq%20'11'&$top=500",no
"Welcome Bank (Rural Bank), Inc.",rural_bank,,BSP,BSP Directory of Banks and Non-Bank Financial Institutions: rural and cooperative banks,456,2026-09-14,"https://www.bsp.gov.ph/_api/web/lists/getbytitle('Institutions')/items?$select=InstitutionID,Title,ShortBankName,InstitutionTypeID,InstitutionTypeID2,InstitutionTypeID3,Address,NumOffice,Status,Website,Modified&$filter=InstitutionTypeID%20eq%20'11'&$top=500",no
"Zambales Rural Bank, Inc.",rural_bank,,BSP,BSP Directory of Banks and Non-Bank Financial Institutions: rural and cooperative banks,457,2026-09-14,"https://www.bsp.gov.ph/_api/web/lists/getbytitle('Institutions')/items?$select=InstitutionID,Title,ShortBankName,InstitutionTypeID,InstitutionTypeID2,InstitutionTypeID3,Address,NumOffice,Status,Website,Modified&$filter=InstitutionTypeID%20eq%20'11'&$top=500",no
"Zamboanga City Rural Bank, Inc.",rural_bank,,BSP,BSP Directory of Banks and Non-Bank Financial Institutions: rural and cooperative banks,458,2026-09-14,"https://www.bsp.gov.ph/_api/web/lists/getbytitle('Institutions')/items?$select=InstitutionID,Title,ShortBankName,InstitutionTypeID,InstitutionTypeID2,InstitutionTypeID3,Address,NumOffice,Status,Website,Modified&$filter=InstitutionTypeID%20eq%20'11'&$top=500",no
Zamboanga Del Norte Cooperative Bank,rural_bank,,BSP,BSP Directory of Banks and Non-Bank Financial Institutions: rural and cooperative banks,459,2026-09-14,"https://www.bsp.gov.ph/_api/web/lists/getbytitle('Institutions')/items?$select=InstitutionID,Title,ShortBankName,InstitutionTypeID,InstitutionTypeID2,InstitutionTypeID3,Address,NumOffice,Status,Website,Modified&$filter=InstitutionTypeID%20eq%20'11'&$top=500",no
