name,segment,sub_segment,profile,hq,final_score,acuity,roi_quant,whitespace,closeability,winnability,active_pain_timing,reachability,sourced_share,champion_role,economic_buyer_role,poc_angle,registry_source,registry_regulator,registry_id,registry_as_of,registry_url,evidence_urls
"Bank of Makati (A Savings Bank), Inc.",thrift_bank,,prospect,"Bank of Makati Building, Ayala Avenue near corner Metropolitan Avenue, Makati City",56,0.75,0.65,0.6,0.95,0.65,0.85,0.7,1.00,Head of Credit / Chief Risk Officer (Consumer and MSME Lending),President / Chief Executive Officer,"Bank of Makati is mid-migration on both core banking and its loan system while publicly pushing to rebalance its book toward personal loans and expand MSME lending under the PHILGUARANTEE tie-up — exactly the moment to test a document-driven underwriting layer before a new LOS vendor gets locked in. The pilot Kita should propose is narrow: run Kita Capture and the AI Underwriter alongside the existing manual process on one line, likely the personal/payday salary-loan segment (ID, proof of income, supporting financials, ""additional paperwork"" already flagged on BMI's own site as variable and judgment-heavy), for a fixed volume of new applications at a subset of branches. Success would be measured as days-to-decision versus the current manual turnaround and the share of those applications that clear underwriting without a human document-review step, giving the Head of Credit/CRO a clean before-after comparison to bring to the President ahead of the digital platform launch.",BSP Directory of Banks and Non-Bank Financial Institutions: thrift banks,BSP,84,2026-09-14,"https://www.bsp.gov.ph/_api/web/lists/getbytitle('Institutions')/items?$select=InstitutionID,Title,ShortBankName,InstitutionTypeID,InstitutionTypeID2,InstitutionTypeID3,Address,NumOffice,Status,Website,Modified&$filter=InstitutionTypeID%20eq%20'10'&$top=500",https://www.ecomparemo.com/banks/bmi/personal-loans/power-payday-loan https://bankofmakati.com.ph/mymoney/personal-loan/ https://bankofmakati.com.ph/mybusiness/credit-application-form/ https://bworldonline.com/editors-picks/2018/09/13/186752/bank-of-makatis-loan-growth-surpasses-20-target/ https://bworldonline.com/banking-finance/2026/08/14/770118/bank-of-makati-looks-to-ramp-up-asset-growth/ https://en.wikipedia.org/wiki/Bank_of_Makati https://bworldonline.com/banking-finance/2024/12/31/644055/bank-of-makati-sees-boost-from-rate-cuts/ https://www.finextra.com/pressarticle/57350/philippines-bank-of-makati-implements-infosys-finacle-core-banking-tech https://www.qlik.com/us/news/company/press-room/press-releases/bank-of-makati-drives-financial-inclusion-and-innovation-with-qlik https://www.bsp.gov.ph/Lists/Directories/Attachments/6/demand.pdf https://www.bworldonline.com/banking-finance/2026/03/09/734850/bank-of-makati-looks-to-rebalance-its-loan-book/ https://leadiq.com/c/bank-of-makati-a-savings-bank/5e27d4e262be9f43ca42b6cc https://www.philstar.com/supplements/2026/07/15/2541865/thrift-banks-seek-stay-relevant-ai-era
Asialink Finance Corporation,lending_company,olp_registered,prospect,Philippines,52,0.6,0.75,0.7,0.95,0.55,0.8,0.45,0.79,Head of Credit / Chief Risk Officer,CEO or CFO,"Asialink's unsecured MSME and consumer loan lines still run on a manual credit-investigation workflow—trade checking, bank verification, employment and collateral checks feeding a Credit Approval Memorandum to a Credit Committee—which is likely why the site markets approvals in ""as fast as one day"" rather than instant. With Moody's explicitly flagging asset-quality risk as Asialink pushes rapid growth into higher-risk borrower segments, and no confirmed third-party LOS or document-AI vendor in place (their IT postings suggest a homegrown Loan Management System), there's a plausible opening to test Kita's Document Risk Score and AI Underwriter on a narrow slice of unsecured personal or business loan applications from one branch cluster or channel. The pilot hypothesis: for a fixed batch of applications, Kita can cut days-to-decision and raise the share resolved without a manual credit-investigation step, while holding document rejection rates flat or lower, with the Head of Credit/CRO judging the results before any talk of replacing the vehicle-backed or CI-heavy segments.",SEC list of recorded online lending platforms,SEC,A199711768,2026-09-14,https://www.sec.gov.ph/lending-companies-and-financing-companies-2/list-of-recorded-online-lending-platforms/,https://mb.com.ph/2025/12/22/asialink-gets-high-marks-from-moodys-for-strong-profits https://www.asialinkfinance.com.ph/careers/ https://www.trb.com.ph/who-we-are/our-partners https://www.asialinkfinance.com.ph/ https://disclosures.ifc.org/project-detail/SII/45749/asialink-loan https://www.jobs180.com/asialinkfinancecorporation https://www.sec.gov.ph/lending-companies-and-financing-companies-2/press-release/ https://www.bworldonline.com/banking-finance/2025/12/23/720438/asialink-gets-issuer-ratings-with-stable-outlook-from-sp-moodys/ https://www.cgif-abmi.org/storage/2025/12/Press-Release-Asialink.pdf
Radiowealth Finance Company Inc.,lending_company,olp_registered,prospect,Philippines,52,0.85,0.6,0.8,0.9,0.55,0.6,0.3,0.72,Head of Credit / Credit Operations,President/CEO or Chief Operating Officer,"Radiowealth's SME and business-loan flow still runs on a representative manually calling to relay a decision and then collecting notarized GIS, business permits, 2x2 photos, and bank statements branch by branch, with third-party reviews pointing to a 3-5 day approval window — and this is happening just as the FundSpace/Globe partnership is likely pushing more MSME applications into that same manual pipeline. The angle for a first conversation is to test, on one branch or one loan product (e.g., the business/SME loan), whether Kita's Document Risk Score and AI Underwriter can compress the document intake and decisioning step for a bounded batch of applications, with the Head of Credit Operations as the natural owner of that pain. Success for the pilot would be a measurable drop in days-to-decision and a reduction in the share of files needing manual follow-up for missing or unclear documents, not a full origination-system replacement. This keeps the test small enough to run alongside RFC's existing branch process while directly probing whether document-driven underwriting is the actual bottleneck behind its multi-day turnaround.",SEC list of recorded online lending platforms,SEC,AS9600005A,2026-09-14,https://www.sec.gov.ph/lending-companies-and-financing-companies-2/list-of-recorded-online-lending-platforms/,"https://ewsdata.rightsindevelopment.org/projects/39610-radiowealth-loan/ https://rfc.com.ph/products/business-loan/ https://rfc.com.ph/loan-calculator/ https://finanso.com/ph/rfc/ https://triceloans.ph/rfc-loan-review/ https://ph.jobstreet.com/companies/radiowealth-finance-company-inc-168552529451177 https://www.indeed.com/cmp/Radiowealth-Finance-Co.,-Inc-1 https://www.zoominfo.com/c/radiowealth-finance-company-inc/446567654 https://rfc.com.ph/ https://www.globe.com.ph/about-us/newsroom/partners/fundspace-teams-up-rfc-reach-underserved-msmes https://ph.jobstreet.com/Radiowealth-Finance-Company-Inc.-jobs https://fintech.ph/listing/radiowealth-finance"
Cepat Kredit Financing Inc.,lending_company,olp_registered,prospect,Philippines,51,0.75,0.7,0.7,0.9,0.65,0.6,0.3,0.76,Head of Credit / Credit Risk Officer,CEO / COO,"Cepat Kredit's OFW/seafarer loan book is decided from documents—overseas employment contracts, IDs, payslips—with a stated 1-to-3-day approval window and an in-house hire tasked with automating business processes, suggesting no enterprise-grade decisioning layer sits behind that manual step yet. The angle for a first call is a bounded pilot on a single loan tier (likely the smaller ₱10,000–₱40,000 segment, where a third-party site already implies faster turnaround, versus the larger OFW ticket that still runs 1–3 days): route incoming applications through Kita Capture and Document Risk Score to flag verifiable-but-unbureaued documents, and let the AI Underwriter propose a decision alongside the current credit officer's manual call. Success would be measured narrowly—days-to-decision on that tranche and the share of applications the model can resolve without a manual document review—before any claim is made about the rest of the book.",SEC list of recorded online lending platforms,SEC,CS201909976,2026-09-14,https://www.sec.gov.ph/lending-companies-and-financing-companies-2/list-of-recorded-online-lending-platforms/,"https://www.cepatkreditfinancing.com/ https://loanappreviewphilippines.com/cepat-kredit-financing-review/ https://onlineloansphilippines.com/loans/cepat-kredit-financing/ https://www.cepatkreditfinancing.com/about-us https://bossjob.ph/en-us/company/cepat-kredit-financing-inc https://www.emis.com/php/company-profile/PH/Cepat_Kredit_Financing_Inc_en_22211980.html https://ph.jobstreet.com/Cepat-Kredit-Financing-jobs/in-Pasig-City-Metro-Manila https://www.sec.gov.ph/lending-companies-and-financing-companies-2/list-of-recorded-online-lending-platforms/ https://www.sec.gov.ph/sec-issuances/cease-and-desist-orders/ https://www.signalhire.com/companies/cepat-kredit-financing-inc https://tracxn.com/d/companies/cepat-kredit-financing/__WCrapqWuNfZYHUZWMbX1cfPG0Y0U34xfyh5x5b2XryE https://www.glassdoor.com/job-listing/credit-review-associate-iloilo-cepat-kredit-financing-inc-JV_IC2363558_KO0,30_KE31,57.htm?jl=1009535655419 https://www.glassdoor.com/job-listing/credit-officer-ortigas-cepat-kredit-financing-inc-JV_IC4780323_KO0,22_KE23,49.htm?jl=1009462611572"
"China Bank Savings, Inc.",thrift_bank,,prospect,"CBS Building, 314 Sen. Gil Puyat, 1226 Makati City",48,0.55,0.85,0.65,0.9,0.45,0.6,0.5,0.85,Head of Consumer/SME Lending or Chief Risk/Credit Officer,CBS President / Chief Finance Officer,"China Bank Savings is pushing a public 20% loan-growth target on the back of its salary loan and SME/business loan segments, both of which run on document-heavy, branch-based intake — payslips and employer accreditation for Easi-APDS salary loans, and income, ID and (often) real estate mortgage documents for the sub-P10M SME line — with no named loan origination or decisioning vendor found in public materials. That combination suggests a bounded pilot on the salary-loan line specifically, where documents are simplest and most standardized: run Kita's Document Risk Score and AI Underwriter alongside the existing manual review on a defined batch of new APD applications at a handful of lending centers, and compare days-to-decision and the share resolved without branch escalation against the current process. If the hypothesis holds, the same document-capture and scoring layer could later extend to the SME book, where collateral documentation adds complexity but the underlying growth and provisioning pressure (loan-loss reserves nearly doubled in H1 2026) is even more acute.",BSP Directory of Banks and Non-Bank Financial Institutions: thrift banks,BSP,50,2026-09-14,"https://www.bsp.gov.ph/_api/web/lists/getbytitle('Institutions')/items?$select=InstitutionID,Title,ShortBankName,InstitutionTypeID,InstitutionTypeID2,InstitutionTypeID3,Address,NumOffice,Status,Website,Modified&$filter=InstitutionTypeID%20eq%20'10'&$top=500",https://www.cbs.com.ph/Loan_Products.aspx https://www.scribd.com/document/482568760/FinanceChinaBank https://www.cbs.com.ph/business/SME_Biz_Loan.aspx https://www.bworldonline.com/banking-finance/2026/05/21/750961/china-bank-savings-q1-profit-up-11-5/ https://www.bworldonline.com/banking-finance/2025/06/20/680298/china-bank-savings-targets-20-loan-growth/ https://tribune.net.ph/2026/08/06/cbs-keeps-profit-steady-despite-headwinds https://www.sunstar.com.ph/cebu/feature/cbs-china-bank-savings-expands-digitally-and-physically-to-serve-clients-better https://www.bsp.gov.ph/PaymentAndSettlement/COR.pdf https://ctb.com.ph/members/directory-of-member-banks/ https://business.inquirer.net/591438/china-bank-savings-earnings-jumped-11-5 https://fintechnews.ph/63793/digital-transformation/chamber-of-thrift-banks-chief-highlights-fintech-as-strategic-pathway-to-growth/ https://www.chinabank.ph/young-professionals-technical https://bworldonline.com/banking-finance/2026/06/19/757753/china-bank-savings-sees-modest-loan-growth-as-price-risks-linger/ https://mb.com.ph/2026/08/06/china-bank-savings-nearly-doubles-bad-loan-buffers-amid-challenging-conditions
Bukas Finance Corp,lending_company,olp_registered,prospect,Philippines,48,0.72,0.62,0.5,0.95,0.68,0.62,0.62,0.86,Head of Risk / Chief Risk Officer,Country President / General Manager (Bukas Philippines),"Bukas's own site states applicants submit ID, proof of residence, school assessment form and income documents, then wait 3-5 business days while an Assessment Team manually reviews and may call or email for more paperwork — a clear document-heavy bottleneck sitting inside an otherwise fully online flow, and one that likely gets more strained as Bukas keeps adding school partners and launched its Basic Education loan in 2025. Since the Head of Risk appears to be building underwriting models in-house rather than buying a vendor, the pilot should be framed as narrow and additive rather than a rip-and-replace: run Kita's Document Risk Score and AI Underwriter in parallel on a slice of new applications (say, one or two partner schools) to see whether documents can be scored and a decision proposed before the Assessment Team's manual step, without touching the existing homegrown risk model. Success would be measured in days-to-decision on that slice versus the 3-5 day baseline, and the share of applications that clear without a manual follow-up call for extra documents — cheap enough to test against a CRO's own SLA targets without asking them to trust a third party with the core credit decision yet.",SEC list of recorded online lending platforms,SEC,CS201901691,2026-09-14,https://www.sec.gov.ph/lending-companies-and-financing-companies-2/list-of-recorded-online-lending-platforms/,https://bukas.ph/partners/nbs/ https://bukas.ph/help-center/application-guide/ https://bukas.ph/how-it-works/process-and-requirements/ https://bukas.ph/blog/bukas-in-2025-more-than-just-a-loan/ https://bukas.ph/blog/sayo-ang-bukas-student-first-brand-bukas-crosses-1-billion-mark-in-tuition-funded-for-the-filipino-youth/ https://allthebestloans.ph/loan/bukas/ https://angel.co/company/erudifi/jobs/1034653-finance-and-risk-associate-bukas https://www.signalhire.com/companies/bukas https://bukas.ph/company/about-us/ https://loanappreviewphilippines.com/bukas-loan-app-review/ https://www.sec.gov.ph/lending-companies-and-financing-companies-2/list-of-recorded-online-lending-platforms/ https://pitchbook.com/profiles/company/226929-43 https://www.zoominfo.com/c/erudifi/479644542 https://bukas.ph/basic-ed/
Discovery Credit Solutions Corp.,lending_company,olp_registered,prospect,Philippines,47,0.8,0.55,0.4,0.9,0.75,0.85,0.55,0.92,Chief Technology Officer / Head of Credit Operations,President & CEO,"Discovery Capital Finance has just layered three new bank credit facilities (PNB, UnionBank, BDO) onto a branch network in Cebu, Davao, Iloilo and Pampanga, while its own materials describe an ""automated lending system"" that still leans on a manual, field-based credit investigation and the classic 5 Cs review of bank statements and business documents — suggesting the funding is scaling faster than the document-review layer underneath it. The bounded test worth proposing to the CTO/Head of Credit Operations is narrow: run Kita's Document Risk Score and AI Underwriter alongside the existing process on one branch's or one bank-facility's incoming SME applications for 4-6 weeks, without touching the field investigation step, and compare days-to-decision and the share of files that clear document review without a manual escalation. If the automated layer meaningfully cuts turnaround or manual touch on that limited slice, it's a reason to expand; if not, the existing in-house system likely already covers this and the conversation ends there.",SEC list of recorded online lending platforms,SEC,CS202000839,2026-09-14,https://www.sec.gov.ph/lending-companies-and-financing-companies-2/list-of-recorded-online-lending-platforms/,"https://discoverycsc.com/ https://discoverycapital.com.ph/business-loans.html https://discoverycapital.com.ph/ce.html https://insiderph.com/discovery-capital-secures-unionbank-credit-facility-for-sme-lending https://www.bworldonline.com/banking-finance/2025/12/18/719615/pnb-discovery-capital-finance-ink-partnership-to-boost-sme-lending/ https://www.philstar.com/business/2026/06/07/2533276/discovery-capital-secures-unionbank-credit-line-sme-lending https://tribune.net.ph/2026/08/07/bdo-backs-discoverys-sme-expansion https://tribune.net.ph/2025/08/10/rapid-growth-drives-lending-firms-rebrand https://www.sec.gov.ph/wp-content/uploads/2021/12/2021_1129ListLCFCApps.pdf https://www.sec.gov.ph/wp-content/uploads/2023/07/2023Notices_2023-07-06-%20Order%20to%20Register%20with%20CIC%20version.pdf https://www.crunchbase.com/organization/discovery-credit-solutions https://www.glassdoor.com/job-listing/credit-investigator-collector-discovery-capital-finance-corp-JV_IC2363849_KO0,29_KE30,60.htm?jl=1010211595967 https://www.mindanaotimes.com.ph/discovery-capital-secures-unionbank-credit-facility-to-power-sme-growth-nationwide/"
"BDO Network Bank, Inc.",thrift_bank,,prospect,"ONB Center, Km. 9, Sasa, Davao City 8000",44,0.75,0.7,0.55,0.9,0.3,0.6,0.4,0.78,MSME/Consumer Lending Group Head or Head of Credit Risk,President/CEO of BDO Network Bank (subject to BDO Unibank group technology governance),"BDO Network Bank's Kabuhayan and salary loan products are underwritten from documents rather than bureau data—business permits, weekly sales, payslips, IDs—with the bank explicitly reserving the right to manually verify authenticity, and it just added Saturday hours at loan offices to absorb salary loan application volume, all of which points to a branch-based, document-heavy process straining under its own growth. The bounded pilot to propose: run Kita's Document Risk Score and Kita Capture on incoming Kabuhayan or salary loan applications at a handful of loan offices for 60-90 days, alongside the existing manual review, to test whether automated document intake and risk scoring can cut days-to-decision and reduce the share of applications requiring manual verification, without changing the credit policy itself. Success would be measured narrowly against the current 3-5 day turnaround and current manual-verification rate, giving the MSME/Consumer Lending Group Head a low-risk, product-specific test rather than a core-system commitment—useful given that any broader origination purchase likely needs BDO Unibank group sign-off.",BSP Directory of Banks and Non-Bank Financial Institutions: thrift banks,BSP,86,2026-09-14,"https://www.bsp.gov.ph/_api/web/lists/getbytitle('Institutions')/items?$select=InstitutionID,Title,ShortBankName,InstitutionTypeID,InstitutionTypeID2,InstitutionTypeID3,Address,NumOffice,Status,Website,Modified&$filter=InstitutionTypeID%20eq%20'10'&$top=500",https://www.bdo.com.ph/about-bdo/learn/news-and-features/bdo-network-bank-kabuhayan-loan-small-medium-enterprises https://www.bdo.com.ph/about-bdo/learn/news-and-features/bdo-network-bank-kabuhayan-loan-support-msme https://www.bdo.com.ph/content/dam/bdounibank/en-ph/mcg-digital-marketing/bdo-network-bank/pdfs/exd-nb-b1-b3-14sept2023-1-color-v2.pdf https://www.bdo.com.ph/bdonetworkbank/about-us/news-and-advisories https://www.bworldonline.com/banking-finance/2025/05/07/670720/bdo-network-bank-gets-thrift-bank-license/ https://fintechnews.ph/66832/banking/bdo-network-bank-secures-thrift-bank-license/ https://www.bdo.com.ph/bdonetworkbank/loans https://business.inquirer.net/523944/bdo-network-bank-converts-into-thrift-bank https://ctb.com.ph/members/directory-of-member-banks/
First Digital Finance Corporation,lending_company,olp_registered,prospect,Philippines,44,0.75,0.9,0.25,1.0,0.55,0.85,0.55,0.89,Head of Credit Risk / Chief Risk Officer,CEO / Co-Founder,"FDFC is scaling BillEase's loan book fast (up 77% last year, with a target of 50% more in 2026) while still relying on ID, billing/income proof and a visible field-risk and fraud-check function to underwrite thin-file consumer and OFW borrowers, and it has built this decisioning in-house rather than buying it. The angle to test is narrow: run Kita's Document Risk Score and AI Underwriter as a shadow pass on a slice of new BalikBayad or BillEase applications alongside the existing in-house flow, comparing document rejection rate and time-to-decision against FDFC's own numbers without touching the production pipeline. If, as the hiring for field risk officers and multi-day OFW approval suggest, a meaningful share of that manual document and fraud review can be matched or beaten on speed and accuracy, that's the basis for a larger conversation with the Head of Credit Risk; if not, FDFC's in-house system may already be good enough and the pilot ends cheaply.",SEC list of recorded online lending platforms,SEC,CS201516347,2026-09-14,https://www.sec.gov.ph/lending-companies-and-financing-companies-2/list-of-recorded-online-lending-platforms/,https://finanso.com/ph/billease/apply/ https://billease.ph/ https://www.facebook.com/BillieTheRecruiter https://www.bworldonline.com/banking-finance/2019/04/03/223609/first-digital-finance-eyes-1m-borrowers-in-two-years/ https://bworldonline.com/banking-finance/2026/08/21/771565/billease-secures-p1-billion-credit-facility-from-pnb/ https://www.sec.gov.ph/wp-content/uploads/2023/11/2023List_UPDATED-LIST-OF-REGISTERED-FC-30-SEPT-2023-1.pdf https://app.dealroom.co/companies/first_digital_finance https://www.pna.gov.ph/articles/1276959 https://pitchbook.com/profiles/company/490244-68 https://business.inquirer.net/559253/billease-levels-up-lending-with-rural-bank-debut https://www.philstar.com/business/2026/08/21/2550649/billease-secures-p1-billion-credit-line-pnb https://fintechnews.ph/fintechs-in-philippines-directory/fintech/balikbayad/
"Bangko Kabayan, Inc. (A Private Development Bank)",thrift_bank,,prospect,"Santiago St., Poblacion, Ibaan, Batangas",43,0.8,0.55,0.55,0.95,0.5,0.4,0.6,0.95,Head of Microfinance / Inclusive Finance Group,President/CEO or Chief Risk Officer,"Bangko Kabayan's microfinance and MSME lending still runs on branch loan officers manually collecting and reviewing borrower documents, with a job posting from the bank itself describing document processing as the bottleneck against a ""minimum client per day"" quota, and even its faster SeekCap-distributed SME loans appear to take about a day to approve rather than minutes. The hypothesis worth testing is narrow: route a single branch cluster's microfinance or SME loan applications through Kita's Document Capture and Risk Score to see whether document intake and a first-pass credit read can be compressed from days to under an hour, without displacing the group-lending judgment calls loan officers make today. Success would be measured as days-to-decision and the share of applications where the manual document-chasing step is eliminated, scoped to the Head of Microfinance's book before any conversation about touching the SeekCap-connected or core banking flows.",BSP Directory of Banks and Non-Bank Financial Institutions: thrift banks,BSP,83,2026-09-14,"https://www.bsp.gov.ph/_api/web/lists/getbytitle('Institutions')/items?$select=InstitutionID,Title,ShortBankName,InstitutionTypeID,InstitutionTypeID2,InstitutionTypeID3,Address,NumOffice,Status,Website,Modified&$filter=InstitutionTypeID%20eq%20'10'&$top=500",https://bangkokabayan.com/index.php/about-us https://www.indeed.com/cmp/Bangko-Kabayan https://manilastandard.net/tech/tech-news/349277/online-lending-platform-seekcap-processes-p1-5-billion-in-loans.html https://www.devex.com/organizations/bangko-kabayan-47475 https://moneysense.ph/banks/bangko-kabayan-bk/97026/requirements-for-bangko-kabayan-business-loan-application-list/ https://www.bsp.gov.ph/Lists/Directories/Attachments/6/demand.pdf https://www.bsp.gov.ph/PaymentAndSettlement/PESONet%20Participants.pdf https://grokipedia.com/page/bangko_kabayan https://www.linkedin.com/company/bangko-kabayan-the-philippines https://www.bangkokabayan.com/index.php/news/205-bangko-kabayan-inc-expands-presence-with-grand-opening-of-new-branch-in-pototan-iloilo https://bangkokabayan.com/ https://www.bangkokabayan.com/index.php/component/content/category/14-products https://ph.jobstreet.com/bangko-kabayan-jobs/in-Calabarzon https://ctb.com.ph/bangko-kabayan-inc-2/
"1st Valley Bank, Inc. A Development Bank",thrift_bank,,prospect,"Vamenta Blvd., corner Lirio St., Carmen, 9000 Cagayan de Oro City",42,0.6,0.55,0.75,0.9,0.5,0.6,0.25,0.65,Head of Credit / Risk Management,President and CEO / Executive Vice President for Operations,"1st Valley Bank just took on a USD 15 million FMO facility earmarked specifically for growing rural SME lending, which will push more document-heavy applications (bank statements, IDs, business permits) through a branch network that, absent any visible digital LOS or decisioning vendor, likely still relies on manual, branch-based review. The hypothesis worth testing is whether Kita's Document Risk Score and AI Underwriter can compress decision time on a narrow slice of that FMO-backed SME or microfinance book, run in parallel to the existing process at one or two branches, without disrupting current approvals. A bounded pilot on a few hundred applications, measured on days-to-decision and share decided without a manual escalation, would show the Head of Credit whether document-driven underwriting can keep pace with the bank's stated growth push before any wider rollout is discussed with the CEO's office.",BSP Directory of Banks and Non-Bank Financial Institutions: thrift banks,BSP,82,2026-09-14,"https://www.bsp.gov.ph/_api/web/lists/getbytitle('Institutions')/items?$select=InstitutionID,Title,ShortBankName,InstitutionTypeID,InstitutionTypeID2,InstitutionTypeID3,Address,NumOffice,Status,Website,Modified&$filter=InstitutionTypeID%20eq%20'10'&$top=500","https://en.wikipedia.org/wiki/1st_Valley_Bank http://pautang.blogspot.com/2010/12/1st-valley-bank.html https://www.fmo.nl/project-detail/65647 https://www.facebook.com/1stValleyLoanApplication/ https://www.scribd.com/document/855246405/PDIC-notes https://www.bsp.gov.ph/_api/web/lists/getbytitle('Institutions')/items?$select=InstitutionID,Title,ShortBankName,InstitutionTypeID,InstitutionTypeID2,InstitutionTypeID3,Address,NumOffice,Status,Website,Modified&$filter=InstitutionTypeID%20eq%20'10'&$top=500 https://www.apraca.org/wp-content/uploads/2017/07/1-VB-Company-Profile.pdf"
"CARD SME Bank, Inc. A Thrift Bank",thrift_bank,,prospect,"120 M. Paulino St. Corner Burgos st., San Pablo City, Laguna",42,0.8,0.45,0.7,0.95,0.45,0.4,0.5,0.62,Head of Credit / Chief Risk Officer,President & CEO / EVP-COO,"CARD SME Bank underwrites microfinance and SME loans to previously unbanked entrepreneurs through a branch-based, relationship-driven process that, as far as the public record shows, has no online application or automated decisioning layer, which likely means field officers are manually verifying IDs, business permits and payslip-equivalent income documents for every applicant. The hypothesis worth testing is narrow: on one branch's or one loan officer's pipeline of incoming SME or microfinance applications, could Kita's Document Risk Score and AI Underwriter cut days-to-decision and the share of files kicked back for manual re-verification, without changing the branch application channel itself. A bounded pilot — a fixed batch of, say, 100-200 applications run through Kita's document capture and scoring alongside the existing manual process — would show whether automated decisioning holds up against CARD's own credit judgment before any conversation about CMIT's group-level tech procurement is needed.",BSP Directory of Banks and Non-Bank Financial Institutions: thrift banks,BSP,48,2026-09-14,"https://www.bsp.gov.ph/_api/web/lists/getbytitle('Institutions')/items?$select=InstitutionID,Title,ShortBankName,InstitutionTypeID,InstitutionTypeID2,InstitutionTypeID3,Address,NumOffice,Status,Website,Modified&$filter=InstitutionTypeID%20eq%20'10'&$top=500","https://www.cardmri.com/cardsmebank/ https://www.facebook.com/CARDSMEBankOfficialPage/ https://www.cardmri.com/cardsmebank/?p=108 https://www.cardmri.com/cardsmebank/?page_id=49 https://www.bsp.gov.ph/_api/web/lists/getbytitle('Institutions')/items?$select=InstitutionID,Title,ShortBankName,InstitutionTypeID,InstitutionTypeID2,InstitutionTypeID3,Address,NumOffice,Status,Website,Modified&$filter=InstitutionTypeID%20eq%20'10'&$top=500 https://mb.com.ph/2025/3/9/ai-and-microfinance-a-game-changer-for-financial-inclusion https://ctb.com.ph/card-sme-bank-inc-a-thrift-bank-3/ https://www.pfa.org.ph/product-page/card-sme-bank-inc"
"First Consolidated Bank, Inc. (A Private Development Bank)",thrift_bank,,prospect,"No. 0982 C.P. Garcia North Avenue, Taloto, Tagbilaran City",42,0.6,0.6,0.85,0.9,0.5,0.25,0.4,0.81,Head of Consumer/MSME Lending or Credit Department,President / COO,"First Consolidated Bank's own annual report says it serves its 100,000+ retail, agri, salary, and OFW borrowers through ""traditional platforms"" with branch staff manually reviewing employment proof, pensioner authority, and other documents, and no installed loan origination or decisioning vendor turns up anywhere in its public materials—suggesting this manual step is still real and unaddressed. The angle for a first conversation is to propose a narrow pilot with the Head of Consumer/MSME Lending: run Kita's Document Capture and Risk Score on one existing product line, likely salary or agri loans given their document-heavy, non-collateral nature, in a handful of branches, and compare days-to-decision and manual-review rate against the current branch-based process. This tests the hypothesis that FCB's document review, not its credit policy, is the bottleneck, without asking a conservative, long-tenured leadership team to commit beyond a single measurable, reversible trial.",BSP Directory of Banks and Non-Bank Financial Institutions: thrift banks,BSP,56,2026-09-14,"https://www.bsp.gov.ph/_api/web/lists/getbytitle('Institutions')/items?$select=InstitutionID,Title,ShortBankName,InstitutionTypeID,InstitutionTypeID2,InstitutionTypeID3,Address,NumOffice,Status,Website,Modified&$filter=InstitutionTypeID%20eq%20'10'&$top=500",https://grokipedia.com/page/first_consolidated_bank https://fcbsite.brinkster.net/annual/FCB_Annual_Report_2024.pdf https://fcb.com.ph/loans.php?url=housing http://www.fcb.com.ph/fcbpay.php/1000 https://www.bsp.gov.ph/Lists/Directories/Attachments/6/demand.pdf https://ctb.com.ph/members/directory-of-member-banks/
"Malayan Savings Bank, Inc.",thrift_bank,,prospect,"Majalco Bldg., cor. Benavidez & Trasierra Sts., Legaspi Village, Makati City 1229",41,0.75,0.35,0.8,0.95,0.6,0.45,0.4,0.80,Head of Personal Loan and Group Salary Loan Department / Consumer Lending Head,Bank President / Chief Operating Officer,"Malayan Savings Bank's personal, micro/business, and group-salary loan lines still run on email-or-branch submission of payslips, IDs, and ITR/BIR forms with an account officer manually reviewing before proceeds are released — exactly the document-heavy, thin-file flow Kita's Document Risk Score and AI Underwriter are built for. With a new Head of Personal Loan and Group Salary Loan Department just installed and a Loans Booking Head added late last year, the bank looks likely to be under fresh pressure to tighten throughput on these unsecured lines, even though no named LOS or decisioning vendor appears to be in place yet (inferred from absence of evidence). The angle: propose a bounded pilot on one line, most plausibly the group-salary or Kaya micro-loan product, running Kita's document capture and risk scoring alongside the existing manual review for a fixed batch of applications, with success measured as days-to-decision and share of files cleared without an account officer touch, before any claim about broader rollout.",BSP Directory of Banks and Non-Bank Financial Institutions: thrift banks,BSP,64,2026-09-14,"https://www.bsp.gov.ph/_api/web/lists/getbytitle('Institutions')/items?$select=InstitutionID,Title,ShortBankName,InstitutionTypeID,InstitutionTypeID2,InstitutionTypeID3,Address,NumOffice,Status,Website,Modified&$filter=InstitutionTypeID%20eq%20'10'&$top=500",https://msb.com.ph/micro-loan.php https://msb.com.ph/personal-loans.php https://www.malayanbank.com/Personal_Loans.html https://msb.com.ph/business-loan.php https://www.banksphilippines.com/2019/02/thrift-banks-in-the-philippines.html https://pitchbook.com/profiles/company/522432-91 https://apply.msb.com.ph/ https://www.bsp.gov.ph/Lists/Directories/Attachments/6/demand.pdf https://ctb.com.ph/microsites/malayan-bank/ https://phbanks.com/banks/malayan-savings-bank https://finanso.com/ph/malayanbank/ https://www.zoominfo.com/c/malayan-savings-bank/347371053
UCPB Savings Bank,thrift_bank,,prospect,"18/F UCPB Bldg., Makati Avenue, Makati City 0728",41,0.7,0.4,0.7,0.85,0.45,0.65,0.45,0.87,Credit Risk Officer / Head of Consumer & Salary Lending,President/COO of UCPB Savings Bank (subject to sign-off from Philippine Veterans Bank group leadership during integration),"UCPB Savings Bank's Salary and Time Plan Loans already run on a document stack Kita is built for—ITR, payslips, IDs, proof of billing, barangay clearance—collected through a self-hosted online application portal (olap.ucpbsavings.com) that, absent any named LOS or decisioning vendor in the public record, looks homegrown rather than licensed. That's worth testing narrowly: pilot Kita's Document Risk Score and AI Underwriter on new Salary Loan applications flowing through that portal in a handful of branches, alongside the existing credit-officer review, and measure whether document rejection rates drop and days-to-decision shortens versus the manual accreditation path. The pending Philippine Veterans Bank acquisition makes near-term budget authority uncertain, so the right ask is a small, self-contained proof point the Credit Risk Officer can point to internally before group-level technology decisions are set, not a bank-wide commitment.",BSP Directory of Banks and Non-Bank Financial Institutions: thrift banks,BSP,79,2026-09-14,"https://www.bsp.gov.ph/_api/web/lists/getbytitle('Institutions')/items?$select=InstitutionID,Title,ShortBankName,InstitutionTypeID,InstitutionTypeID2,InstitutionTypeID3,Address,NumOffice,Status,Website,Modified&$filter=InstitutionTypeID%20eq%20'10'&$top=500",https://www.ucpbsavings.com/time-plan-loan/ https://www.ucpbsavings.com/cash-loan/ https://www.ucpbsavings.com/small-business-loan/ https://icrs.gcg.gov.ph/profiles/ucpb-sb/ https://leadiq.com/c/ucpb-savings-bank/5d4921cdf45f783eced98617 https://olap.ucpbsavings.com/LoanApplication/Salary/ https://www.bsp.gov.ph/Lists/Directories/Attachments/6/demand.pdf https://www.linkedin.com/company/ucpb-savings-bank https://www.ucpbsavings.com/about/ https://www.phcc.gov.ph/resource-details/pcc-clears-veterans-bank-s-acquisition-of-ucpb-savings https://ph.jobstreet.com/UCPB-Savings-Bank-jobs https://ctb.com.ph/microsites/ucpb-savings-bank/
Acom Consumer Finance Corporation,lending_company,olp_registered,prospect,Philippines,41,0.72,0.55,0.65,0.95,0.35,0.55,0.35,0.75,Head of Credit Underwriting / Credit Processing,President/COO of the Philippine JV,"ACOM's Cash Loan product is decided from a document bundle (government ID, proof of income, proof of employment, TIN) plus a credit-bureau check, run through what job postings describe as an in-house system where verification-team data is manually encoded and then audited against submitted documents -- a same-day-to-3-day process that looks document-heavy but not fully automated. The angle for a first conversation is to propose a narrow pilot with the Credit Underwriting/Credit Processing function: route a sample of incoming Cash Loan applications through Kita Capture and the AI Underwriter to auto-extract and cross-check the ID/income/employment documents against the bureau pull, and measure whether it cuts the manual audit step and shortens time-to-decision versus the current process, without touching credit policy itself. Given ACOM's evident SEC good standing and stable branch/hiring cadence, this is framed as a hypothesis to test on a limited batch of applications, not a system replacement, since credit-policy authority and vendor decisions may ultimately sit with the Japan-based parent.",SEC list of recorded online lending platforms,SEC,CS201724897,2026-09-14,https://www.sec.gov.ph/lending-companies-and-financing-companies-2/list-of-recorded-online-lending-platforms/,"https://www.moneymax.ph/loans/articles/acom-loan https://www.acom.com.ph/ https://www.glassdoor.com/job-listing/credit-processing-staff-credit-underwriter-acom-consumer-finance-JV_IC4747401_KO0,42_KE43,64.htm?jl=1009828320879 https://www.financing.ph/lender/acom https://www.facebook.com/acom.com.ph/videos/acom-is-100-legit-100-trustedregistered-with-the-sec-with-real-branches-and-real/1285042636696449/ https://www.emis.com/php/company-profile/PH/Acom_Consumer_Finance_Corporation_en_22208385.html https://www.acom.com.ph/application-status/ https://www.facebook.com/acom.com.ph/ https://www.linkedin.com/company/acomconsumerfinancephilippines/ https://philjobnet.gov.ph/job-vacancies/company/acom-consumer-finance-corporation-12581 https://ph.jobstreet.com/companies/acom-consumer-finance-corporation-168555521851381 https://ph.indeed.com/q-acom-consumer-finance-jobs.html https://fintech.ph/listing/acom"
"Citystate Savings Bank, Inc.",thrift_bank,,prospect,"Citystate Center Building, 709 Shaw Blvd., Oranbo, 1600 Pasig City",40,0.5,0.4,0.6,0.95,0.6,0.8,0.65,0.94,Head of Credit / Consumer Lending Officer,President and CEO,"Citystate Savings Bank's salary loan product—underwritten from personal and employment documents plus co-maker suretyship—looks like the manual, document-heavy workflow Kita's Document Risk Score and AI Underwriter are built for, and it sits inside a bank that is already mid-transformation (new core banking system, first digital app, fresh capital and a new strategic investor) rather than one defending a settled process. The angle worth testing with the Head of Credit/Consumer Lending is a bounded pilot on salary loan applications only: run Kita's document capture and risk scoring alongside the existing manual review for a fixed volume or time window, and measure days-to-decision and the share of applications that clear without a manual touch, leaving the collateral- and appraisal-based products (real estate, deposit-backed, commercial) untouched. If the pilot shows a material cut in turnaround or manual workload on salary loans specifically, it gives the president a concrete, low-risk data point to weigh against the ongoing core-banking migration rather than asking for a parallel bet on unproven volume.",BSP Directory of Banks and Non-Bank Financial Institutions: thrift banks,BSP,52,2026-09-14,"https://www.bsp.gov.ph/_api/web/lists/getbytitle('Institutions')/items?$select=InstitutionID,Title,ShortBankName,InstitutionTypeID,InstitutionTypeID2,InstitutionTypeID3,Address,NumOffice,Status,Website,Modified&$filter=InstitutionTypeID%20eq%20'10'&$top=500",https://www.scribd.com/doc/233035718/CitySavings-Loan-Application-Form https://www.citystatesavings.com/our-business/loan-facilities https://www.citystatesavings.com/uploads/loan-facilities/REM-Requirements.pdf https://business.inquirer.net/549415/citystate-savings-bank-reels-in-p-735m-from-cs-capital https://tracxn.com/d/companies/citystate-savings-bank/__4dtcLODpSX2VjAvff6I14iObaXsGBd-vy6cJMKSFIQ8 https://www.philstar.com/business/2026/05/30/2531434/citystate-savings-bank-hikes-share-sale-p153-million https://businessmirror.com.ph/2025/06/24/citystate-savings-bank-reports-%E2%82%B1103-73m-turnaround/ https://en.wikipedia.org/wiki/Citystate_Savings_Bank https://www.cbinsights.com/company/citystate-savings-bank https://www.mexc.com/news/836322
Right Choice Finance Corp.,lending_company,olp_registered,prospect,Philippines,40,0.75,0.5,0.5,0.95,0.6,0.55,0.35,0.95,Head of Credit / Chief Risk Officer,CEO / Group Head of Digital Lending,"Right Choice Finance already asks MSME and personal-loan applicants for a full stack of documents — IDs, DTI/Mayor's permits, ITRs, financial statements, six months of bank statements — and even after adding Brankas for bank-data access, borrowers report waits of several days before disbursement, which suggests the bottleneck sits in manual credit review rather than data collection alone. The hypothesis worth testing is whether Kita's Document Risk Score and AI Underwriter can take that same document set for one product line, likely business or personal loans, and produce a decision-ready risk read in minutes instead of days. A bounded pilot could run a few hundred recent applications through Kita alongside the existing manual process and compare days-to-decision and the share of files that clear without a human touch, with the Head of Credit as the natural owner of that comparison. If the gap is as large as the 5-day turnaround anecdotes imply, it gives the Group CEO a concrete number to bring into budget conversations ahead of the Series A.",SEC list of recorded online lending platforms,SEC,CS201612058,2026-09-14,https://www.sec.gov.ph/lending-companies-and-financing-companies-2/list-of-recorded-online-lending-platforms/,https://rightchoicefinance.ph/loans/personal-loan/ https://www.brankas.com/case-study/right-choice https://bondster.com/en/credit-providers/right-choice-finance-corporation-2/ https://rightchoicefinance.asia/loans/business-loan/ https://www.primarymarkets.com/capital-raising-company/right-choice-capital/ https://www.zoominfo.com/c/right-choice-finance-ph/546877251 https://www.sec.gov.ph/wp-content/uploads/2021/12/2021_1129ListLCFCApps.pdf https://rightchoicefinance.asia/about-us/ https://www.scribd.com/document/622352574/2020LIST-OF-FINANCING-COMPANIES-asof20200219-1 https://ph.jobstreet.com/right-choice-finance-jobs
"UnionDigital Bank, Inc.",digital_bank,,prospect,"41st Flr. UnionBank Plaza, Meralco Ave. cor. Onyx and Sapphire Roads, Bgy. San Antonio Ortigas Center, 1605 Pasig City",38,0.5,0.75,0.3,0.95,0.5,0.8,0.6,1.00,Head of Credit Risk / Credit Risk Lead,Chief Technology and Transformation Officer / President & CEO,"UnionDigital's fast-approving products (SSS LoanLite, app-based cash loans) already run on structured data like SSS contributions rather than uploaded documents, but the bank's payroll loans still likely involve verifying employer, income and ID documents for applicants who are, by UD's own framing, thin-file and previously unbanked — a segment where document quality and completeness plausibly drive rejections or manual follow-up even inside an otherwise automated flow. The angle for a first conversation is to test whether Kita's Document Risk Score and AI Underwriter can lift straight-through approval rates on that payroll-loan segment specifically, without disturbing the Huawei/Sunline core or the SSS/JuanHand data-driven products already live. A bounded pilot would run a fixed batch of recent payroll-loan applications through Kita alongside UD's current process and compare share decided without manual review, document rejection rate, and days-to-decision — giving the incoming Credit Risk Lead a concrete, low-risk read on whether document-driven underwriting adds lift before any change to the core platform is considered.",BSP Directory of Banks and Non-Bank Financial Institutions: digital banks,BSP,464,2026-09-14,"https://www.bsp.gov.ph/_api/web/lists/getbytitle('Institutions')/items?$select=InstitutionID,Title,ShortBankName,InstitutionTypeID,InstitutionTypeID2,InstitutionTypeID3,Address,NumOffice,Status,Website,Modified&$filter=InstitutionTypeID%20eq%20'14'&$top=500",https://mb.com.ph/2025/06/04/uniondigital-bank-to-offer-low-interest-loans-under-30000-in-q4-2025 https://www.bworldonline.com/banking-finance/2024/04/11/587178/uniondigital-aims-to-increase-loan-disbursements-to-p39b/ https://www.sss.gov.ph/news-and-updates/sss-loanlite-now-available-through-uniondigital-bank-mobile-app/ https://www.philstar.com/business/2025/01/17/2414698/uniondigital-bank-juanhand-partner-financial-access https://fintechnews.ph/62408/digital-banking-news-philippines/uniondigital-bank-to-grow-loan-portfolio-to-%E2%82%B140-billion-introduce-virtual-cards/ https://e.huawei.com/en/case-studies/industries/finance/uniondigital-bank-digital-banking https://manilastandard.net/business/banking-report/314245624/uniondigital-bank-secures-bsp-license.html https://tribune.net.ph/2024/07/16/henry-aguda-steps-down-as-uniondigital-president-ceo https://www.philstar.com/business/2022/07/14/2195376/uniondigital-bank-secures-bsp-approval-start-operations https://fintechnews.ph/73450/lending/sss-loanlite-uniondigital-bank/ https://www.linkedin.com/jobs/view/4361891202/ https://www.linkedin.com/company/uniondigitalph https://sg.linkedin.com/company/uniondigitalph?trk=public_profile_experience-item_profile-section-card_image-click
"BPI Direct BanKO, Inc., A Savings Bank",thrift_bank,,prospect,"220 Ortigas Avenue, BanKO center North Greenhills, San Juan City 1503",38,0.85,0.85,0.2,0.95,0.35,0.7,0.55,1.00,Head of Credit Risk / Chief Credit Officer,BanKo President / CEO,"BanKo already underwrites its NegosyoKo Lite and InstaCashKo products off a thin document set—one valid ID, a store photo, a business permit—yet still leans on branch and ""BanKo Pare/Mare"" field agents to move applications through, even as it pushes an Accion/Mastercard effort to speed up approval turnaround with alternative data. Given that BanKo already has Bankware handling core loan origination, the sharper hypothesis to test is narrower: whether Kita's Document Risk Score and AI Underwriter can sit on top of that existing flow to cut manual review specifically on the ID/permit/photo package for one loan product (e.g., InstaCashKo Line), rather than replacing origination itself. A bounded pilot on a few hundred live applications could measure days-to-decision and the share resolved without a manual document check, giving the credit risk function (a role BanKo is actively hiring for) a concrete before/after read ahead of the October Legazpi merger integration.",BSP Directory of Banks and Non-Bank Financial Institutions: thrift banks,BSP,47,2026-09-14,"https://www.bsp.gov.ph/_api/web/lists/getbytitle('Institutions')/items?$select=InstitutionID,Title,ShortBankName,InstitutionTypeID,InstitutionTypeID2,InstitutionTypeID3,Address,NumOffice,Status,Website,Modified&$filter=InstitutionTypeID%20eq%20'10'&$top=500",https://www.bpi.com.ph/about-bpi/news/banko-ramps-up-digitalization-efforts-to-reach-more-filipinos https://www.banko.com.ph/news/bpi-microfinance-arm-ramps-up-digitalization-to-reach-more-pinoys https://www.banko.com.ph/pang-negosyo/instacashko https://www.accion.org/news/accion-and-mastercard-aim-to-boost-digital-credit-access-for-filipino-small-store-owners-with-microfinance-provider-banko/ https://www.bpi.com.ph/about-bpi/news/bpi-subsidiary-banko-earns-special-citation-for-advancing-digital-financial-inclusion https://www.bpi.com.ph/about-bpi/news/banko-on-the-go-bringing-banking-closer-to-filipinos https://www.bankware.asia/success_stories/cloud-based-banking-services-in-the-philippines/ https://www.appsruntheworld.com/customers-database/customers/view/bpi-globe-banko-philippines https://www.bpi.com.ph/about-bpi/news/banko-taps-ifc https://www.banko.com.ph/ https://investor.aciworldwide.com/news-releases/news-release-details/bpis-banko-teams-aci-worldwide-modernize-payments-infrastructure https://www.banko.com.ph/careers-at-banko/ https://fintechnews.ph/63351/fintech/bpi-join-fintech-alliance-philippines-as-members/
Prime Global Finance Corporation,lending_company,olp_registered,prospect,Philippines,38,0.6,0.5,0.75,0.9,0.55,0.25,0.3,0.80,Head of Credit / Credit and Risk Management,President / CEO,"PGFC currently promises 5-7 working days on its Business, Personal, Housing and Fast Loans, with approval contingent on complete submission of payslips, certificates of employment and, for most of these products, real estate or commercial collateral documentation reviewed by loan agents and a credit team before signing. Since no named LOS or decisioning vendor turns up in press or job postings, the loan-management portals for borrowers and agents look likely to be in-house, which suggests the document intake and manual credit review step is the actual bottleneck rather than a locked-in incumbent system. The bounded test worth proposing to the Head of Credit is to run Kita's Document Risk Score and AI Underwriter on a slice of incoming applications for one product line (e.g. Fast Loans or unsecured Personal Loans) in parallel with the existing manual process, measuring whether days-to-decision and document rejection rate drop without a change in approval outcomes. If that holds on a few hundred applications, it gives the President/CEO a concrete before/after case for extending automated underwriting further into the collateral-backed SME book.",SEC list of recorded online lending platforms,SEC,A199610344,2026-09-14,https://www.sec.gov.ph/lending-companies-and-financing-companies-2/list-of-recorded-online-lending-platforms/,https://cashloanph.com/pgfinanceph/ https://pgfinance.com.ph/faq/?trk=public_post_reshare-text https://pgfinance.com.ph/ https://business.inquirer.net/412567/empower-your-business-with-prime-global-finance-the-no-1-fintech-company-for-smes https://business.inquirer.net/348001/revolutionizing-financing-for-filipinos-and-smes https://www.crunchbase.com/organization/prime-global-finance https://account.pgfinance.com.ph/ https://www.sec.gov.ph/wp-content/uploads/2021/12/2021_1129ListLCFCApps.pdf https://www.sec.gov.ph/lending-companies-and-financing-companies-2/list-of-revoked-and-suspended-lending-companies/ https://www.firstcircle.ph/blog/lending-companies-in-philippines https://manilastandard.net/?p=329700
"UNObank, Inc.",digital_bank,,prospect,"Unit 2001, The Finance Centre, 26th Street corner 9th Avenue, Bonifacio Global City, Taguig City, Metro Manila 1634",37,0.65,0.85,0.2,0.95,0.5,0.65,0.75,1.00,Chief Risk Officer / Head of Credit Policy,Chief Executive Officer / Co-Founder,"UNObank just finished rolling out Pennant's Lending Factory LMS to automate origination-to-collections workflow, but that system likely orchestrates process rather than reads documents itself, so the underlying judgment on IDs, payslips, bank statements and business permits for UNOnow, UNO@Work and the early-stage UNObiz/UNO Enterprise book is probably still where thin-file risk actually gets assessed. With the bank pushing to nearly quadruple its loan book to ₱30B in 2026 and onboarding up to 500,000 new salary-loan customers through employer and retail tie-ups, any manual document review or scoring step on the SME and self-employed side becomes a scaling bottleneck rather than a rounding error. The pilot worth proposing is narrow: run Kita's Document Risk Score and AI Underwriter alongside the existing flow on one thin-file segment - say new UNObiz/UNO Enterprise applications - and measure only days-to-decision and share of applications resolved without manual underwriter touch against the current baseline. If the lift is real on that slice, it's a case for the CRO to expand; if not, UNObank has lost nothing beyond a bounded test.",BSP Directory of Banks and Non-Bank Financial Institutions: digital banks,BSP,463,2026-09-14,"https://www.bsp.gov.ph/_api/web/lists/getbytitle('Institutions')/items?$select=InstitutionID,Title,ShortBankName,InstitutionTypeID,InstitutionTypeID2,InstitutionTypeID3,Address,NumOffice,Status,Website,Modified&$filter=InstitutionTypeID%20eq%20'14'&$top=500",https://mb.com.ph/2023/4/22/uno-digital-bank-focuses-on-credit-inclusion-and-responsible-lending https://www.crunchbase.com/organization/unoasia https://mb.com.ph/2025/10/28/unobank-to-break-even-by-early-2026-outpacing-digital-bank-norms https://www.finextra.com/pressarticle/105334/uno-digital-bank-implements-pennapps-lending-factory https://bankingfrontiers.com/first-fintech-in-se-asia-to-win-a-digital-banking-license/ https://www.uno.bank/ https://www.uno.bank/customer-protection/bsp-licensed-pdic-insured/ https://www.startup.ph/startups/unobank/ https://fintechfrontiers.live/unobank-a-new-star-in-the-philippine-banking-horizon/ https://www.fintechfestival.sg/speakers/spkr4662-manish-bhai https://fintechalliance.ph/Member/manish-bhai/ https://mb.com.ph/2022/11/04/uno-digital-bank-shows-paths-to-elevated-banking-at-the-philippine-fintech-festival/
Advance Tech Lending Inc.,lending_company,olp_registered,prospect,Philippines,37,0.6,0.55,0.45,0.9,0.6,0.3,0.65,0.85,Head of Credit / Underwriting (SME lending line),Co-founder / CEO or Head of Product-Technology,"Advance's SME line (invoice financing, payroll financing, term loans) runs on a published document checklist — IDs, TIN, proof of business legitimacy — that implies a manual review step distinct from the near-instant, payroll-linked salary-advance product; that manual SME review is the likely bottleneck worth testing. The angle for Kita is a bounded pilot with the Head of Credit/Underwriting on SME applications only: run Kita's Document Risk Score and AI Underwriter in parallel with the existing manual process on a fixed batch of incoming SME applications, and compare days-to-decision and share of files resolved without manual escalation against the current baseline. If, as the checklist suggests, document verification and business-legitimacy checks are the slow step, a two-to-four week shadow pilot should show measurable movement on turnaround without touching the salary-advance book or requiring any change to underwriting policy.",SEC list of recorded online lending platforms,SEC,CS201819635,2026-09-14,https://www.sec.gov.ph/lending-companies-and-financing-companies-2/list-of-recorded-online-lending-platforms/,https://advance.ph/ https://www.linkedin.com/company/advanceph https://advance.ph/blog/a-complete-checklist-of-business-loan-requirements-in-the-philippines-2025-guide https://doventures.vc/en/insights/news/filipino-fintech-advance-continues-to-scale-up-with-regional-expansion-and-us-16m-in-new-funding https://asiatechdaily.com/ph-fintech-startup-advance-raises-16m-in-pre-series-a-funding-round/ https://pitchbook.com/profiles/company/435940-03 https://fintech.global/2023/03/30/filipino-fintech-startup-advance-raises-16m-for-pre-series-a/ http://www.amlc.gov.ph/images/PDFs/Main/LIST%20OF%20SEC%20SUPERVISED%20ENTITIES%20REGISTERED%20WITH%20AMLC%20AS%20OF%2030%20JUNE%202023.pdf https://www.sec.gov.ph/lending-companies-and-financing-companies-2/list-of-recorded-online-lending-platforms/ https://fintechalliance.ph/fintech-alliance-ph-swears-in-new-members/
Ceimmarj Financing Incorporated,lending_company,olp_registered,prospect,Philippines,37,0.75,0.45,0.55,0.9,0.6,0.4,0.25,0.67,Head of Credit / Risk Officer (or Credit and Collections Head),President / CEO or Managing Director,"Ceimmarj just pushed a ""Simplified Application Process"" update to Mega Peso aimed at getting consumer cash-loan approvals out faster, while its non-collateral and collateral SME business loans still run on borrower-submitted documents with no named decisioning vendor in evidence — suggesting the SME line, at least, still leans on manual document review even as the consumer app iterates toward speed. The angle for Kita is to propose a small pilot on the SME business loan queue: run Kita Capture and the Document Risk Score alongside the current manual process on a batch of incoming applications to test whether document-based underwriting can cut days-to-decision and lift the share of files decided without a manual touch, without disturbing the live Mega Peso consumer flow. Success would be a measurable drop in turnaround time or manual-review rate on that SME batch, giving the Head of Credit/Risk a concrete before/after comparison before any broader commitment.",SEC list of recorded online lending platforms,SEC,CS200308112,2026-09-14,https://www.sec.gov.ph/lending-companies-and-financing-companies-2/list-of-recorded-online-lending-platforms/,http://www.ceimmarj.com/ https://apps.apple.com/ph/app/mega-peso-pesocash-lending-app/id6746182777 https://cfiph.com/ https://www.zoominfo.com/c/ceimmarj-financing-inc/483790854 https://apps.apple.com/ph/app/id6746182777 https://i.cfiph.com/contract/loan.html https://loanappreviewphilippines.com/mega-peso-review/ https://www.sec.gov.ph/lending-companies-and-financing-companies-2/list-of-recorded-online-lending-platforms/ https://www.sec.gov.ph/lending-companies-and-financing-companies-2/list-of-revoked-and-suspended-lending-companies/ https://www.facebook.com/ceimmarj/ https://bossjob.ph/en-us/company/ceimmarj-financing-incorporated https://bossjob.ph/en-us/company/ceimmarj-financing-incorporated-12495
Copperstone Lending Inc.,lending_company,olp_registered,prospect,Philippines,37,0.55,0.35,0.55,0.6,0.6,0.7,0.65,0.78,Head of Risk/Compliance or Chief Risk Officer,Chief Executive Officer,"Copperstone's seven OLP brands (Pococash, Moca Moca, and the rest) market instant, ""paperless"" ID-based approvals, but the May 2026 SEC advisory about fake platforms impersonating MocaMoca suggests identity and document fraud is a live operational risk sitting right where an in-house automated decision engine currently makes the call. The hypothesis worth testing with the Head of Risk/Compliance is narrow: run Kita's Document Risk Score alongside the existing flow on one brand's ID-verification step to see whether it flags fraudulent or manipulated submissions the current process misses, without slowing down the minutes-level approval time borrowers expect. A bounded pilot — a few hundred applications on one app, measured on fraud-flag precision and no increase in time-to-decision — would show whether this is a genuine gap before touching the other six brands or the underwriting logic itself.",SEC list of recorded online lending platforms,SEC,2021050012959-04,2026-09-14,https://www.sec.gov.ph/lending-companies-and-financing-companies-2/list-of-recorded-online-lending-platforms/,https://retailasiaonline.com/pococash.html https://businessmirror.com.ph/2025/12/02/mocamoca-by-copperstone-lending-trusted-sec-registered-lending-firm-empowering-filipino-small-business-owners/ https://copperstoneph.com/ https://onlineloanapp.pro/pococash/ https://www.sunstar.com.ph/davao/business/sec-revokes-copperstone-lendings-certificate-of-incorporation-authority-to-operate-as-lending-company https://businessmirror.com.ph/2025/12/18/sec-clears-copperstone-lending-inc-of-previous-penalties-confirms-legal-authorization-to-operate/ https://business.inquirer.net/553877/copperstone-lending-inc-reaffirms-sec-registration-strengthens-data-privacy-and-ethical-lending-practices https://www.manilatimes.net/2025/12/17/tmt-newswire/sec-clears-copperstone-lending-inc-of-previous-penalties-confirms-legal-authorization-to-operate/2245401 https://www.bworldonline.com/corporate/2026/05/21/751062/sec-revokes-mount-peak-registration-issues-advisory-on-unauthorized-mocamoca-linked-platforms/ https://www.manilatimes.net/2026/03/27/tmt-newswire/copperstone-lending-now-official-member-of-fintech-philippines-association/2308993 https://www.philstar.com/business/technology/2025/11/14/2487230/copperstone-lending-inc-joins-global-innovators-hong-kong-fintech-week-2025
Empire Peak Lending Investors Inc,lending_company,olp_registered,prospect,Philippines,37,0.7,0.4,0.75,0.9,0.4,0.45,0.2,0.80,Head of Credit Risk / Loan Operations,CEO / Company Owner,"Empire Peak markets one-minute approval on PondoCash and Peranyo, but its own terms disclose a manual call-and-field verification step behind every decision — the classic hidden manual layer Kita is built to remove, and one that matters at high volume on ₱500–₱50,000 tickets. Since no named LOS or decisioning vendor shows up anywhere in Empire Peak's public footprint, it's plausible (though unconfirmed) that this verification is still largely manual or lightly tooled rather than run on an installed enterprise platform. The pilot worth proposing to the Head of Credit Risk / Loan Operations: route a slice of new applications through Kita's Document Risk Score and AI Underwriter alongside the existing manual check, and compare days-to-decision and the share resolved without a phone/field verification call against the current process. Success would be a measurable cut in manual-verification volume with no rise in early default or disbursement disputes, before any conversation about replacing the process wholesale.",SEC list of recorded online lending platforms,SEC,CS201919994,2026-09-14,https://www.sec.gov.ph/lending-companies-and-financing-companies-2/list-of-recorded-online-lending-platforms/,https://www.pondocash.net/ https://www.pondocash.net/Terms&Conditions.html https://appadvice.com/app/peranyo-secure-lending-online/6503421242 https://www.appbrain.com/app/pondocash/com.PondoCash.www https://www.nyongesasande.com/peranyo-your-trusted-partner-for-quick-and-convenient-online-loans-in-the-philippines/ http://www.emtlkl.tokyo/ https://www.foi.gov.ph/requests/request-for-corporate-information-sec-101448093636/ https://context.ph/2026/08/03/sec-warns-public-vs-fake-pondocash-facebook-page/ https://play.google.com/store/apps/details?id=com.heiqne.balieuy.baoiwy.jcoe https://ploan.ph/register/3191/ https://business.inquirer.net/603729/sec-flags-facebook-page-posing-as-licensed-lender https://ph.linkedin.com/in/john-patrick-carl-magpusao-85990426b
Leapgen Lending Inc.,lending_company,olp_registered,prospect,Philippines,37,0.5,0.55,0.75,0.9,0.55,0.3,0.25,0.42,Head of Credit / Risk Officer,Founder/CEO or COO of Leapgen Lending Inc.,"Leapgen Lending's PesoHaus app already runs a fast, ID-plus-selfie application flow with no visible bureau or collateral check, which suggests the credit decision is likely leaning on a thin, possibly ad hoc automated layer rather than a mature scoring engine—no named LOS or decisioning vendor turned up in our research. The hypothesis worth testing is narrow: run Kita's AI Underwriter or Document Risk Score in parallel on a sample of incoming PesoHaus applications (government ID plus device/behavioral signals already collected) to see whether it can match or beat current approval speed while cutting the share of applications that need a manual fraud or eligibility review. Success would be a measurable drop in manual-review rate or fraud flags at equal or better time-to-decision on that sample, not a full platform swap. This gives the Head of Credit/Risk a low-risk way to see if a heavier-duty decision layer reduces losses on a book that's currently light on stated underwriting rigor.",SEC list of recorded online lending platforms,SEC,CS201915717,2026-09-14,https://www.sec.gov.ph/lending-companies-and-financing-companies-2/list-of-recorded-online-lending-platforms/,https://loanphi.com/app/pesohaus/ https://appadvice.com/app/pesohaus/1528923645 https://allthebestloans.ph/loan/pesohaus/ https://play.google.com/store/apps/details?id=com.pesohaus.loan.app&hl=en_GB https://ploan.ph/register/3089/ https://pesolending.com/app/pesohaus/ https://loansharkreview.com/P/PesoHaus http://www.amlc.gov.ph/images/PDFs/Main/SEC31Jan25.pdf https://loanapph.com/apps/pesohaus-loan-app/ https://bossjob.ph/en-US/jobs-hiring/leapgen%20lending%20inc-jobs https://www.facebook.com/LeapgenLendingInc/
"Northpoint Development Bank, Inc.",thrift_bank,,prospect,"3rd Floor & 4th Floor S.P. Junction Bldg., National Highway Corner A. Mabini St., Brgy. Nueva, San Pedro City, Laguna",36,0.8,0.4,0.6,0.95,0.5,0.25,0.4,0.81,Head of Credit / Credit Risk Officer,President/CEO or COO,"Northpoint's microfinance and MSME lending runs on a branch-based, paper-heavy process—valid ID plus a completed application form, cash-flow-based decisioning for basic-sector borrowers, and an in-house ""Credit Scoring automation"" that, if it works as it appears, is limited in scope and still bottlenecked by manual document review. The angle for a first conversation is to test whether Kita's Document Risk Score and AI Underwriter can sit on top of that existing flow for one loan product (likely the microfinance or MSME line) at a small number of branch-lite units, scoring bank statements, IDs and business permits automatically to see how much of the manual review step it can remove. Success in the pilot would be measured narrowly: days-to-decision on a defined batch of applications, and the share that clear underwriting without a branch officer's manual document check, compared to Northpoint's current baseline. This keeps the test bounded to a handful of units and one product line, matching the scale of a two-branch, family-owned thrift bank rather than assuming enterprise-wide rollout appetite.",BSP Directory of Banks and Non-Bank Financial Institutions: thrift banks,BSP,66,2026-09-14,"https://www.bsp.gov.ph/_api/web/lists/getbytitle('Institutions')/items?$select=InstitutionID,Title,ShortBankName,InstitutionTypeID,InstitutionTypeID2,InstitutionTypeID3,Address,NumOffice,Status,Website,Modified&$filter=InstitutionTypeID%20eq%20'10'&$top=500",http://northpoint.ph/ http://www.northpoint.ph/northpoint/index.php?n=11 http://www.northpoint.ph/northpoint/index.php?n=3 https://www.jobstreet.com.ph/en/companies/502011-northpoint-development-bank https://rocketreach.co/northpoint-development-bank-profile_b5e9a933f42e83a4 https://www.pdic.gov.ph/files/BSDStats/Bank%20Directory_TB%20_website.pdf https://ph.indeed.com/cmp/Northpoint-Development-Bank-2/reviews https://bebee.com/ph/jobs/assistant-branch-head-northpoint-development-bank-inc-laguna-candelaria-quezon--t7xk-770992278 https://ctb.com.ph/northpoint-development-bank-inc-2/
Philippine Savings Bank,thrift_bank,,prospect,"PSBank Center, 777 Paseo de Roxas cor. Sedeno St., Makati City",36,0.5,0.7,0.5,0.9,0.3,0.5,0.4,0.83,Head of Consumer/SME Credit or Retail Lending Credit Risk,Chief Risk Officer or Head of Consumer Banking/Digital Channels,"PSBank's Flexi Personal Loan and SME term loans are underwritten on submitted payslips, ITRs, COEs and bank statements rather than pure bureau data, and provisions rose 73% year-over-year even as business loans grew 11% — a combination that suggests document review and credit risk are both under strain. The angle for a first conversation is a bounded pilot on the personal or SME loan lane only: run Kita's Document Risk Score and AI Underwriter alongside the existing manual review for a fixed volume of incoming applications, and compare days-to-decision and the share resolved without a manual document-verification step against the current process. Given PSBank's scale and Metrobank Group ownership, the test should be framed narrowly enough to avoid group-level procurement — one branch cluster or one product line, one credit officer, a few weeks — with the sole question being whether machine-read documents can match manual underwriters' accuracy at materially faster turnaround.",BSP Directory of Banks and Non-Bank Financial Institutions: thrift banks,BSP,72,2026-09-14,"https://www.bsp.gov.ph/_api/web/lists/getbytitle('Institutions')/items?$select=InstitutionID,Title,ShortBankName,InstitutionTypeID,InstitutionTypeID2,InstitutionTypeID3,Address,NumOffice,Status,Website,Modified&$filter=InstitutionTypeID%20eq%20'10'&$top=500","https://www.moneymax.ph/personal-loan/articles/psbank-flexi-personal-loan https://loanguide.one/ph/psbank-personal-loan/ https://www.psbank.com.ph/media/8872/psbank-2025-sec-17-a-annual-report.pdf https://www.psbank.com.ph/whats-new/ https://www.bsp.gov.ph/_api/web/lists/getbytitle('Institutions')/items?$select=InstitutionID,Title,ShortBankName,InstitutionTypeID,InstitutionTypeID2,InstitutionTypeID3,Address,NumOffice,Status,Website,Modified&$filter=InstitutionTypeID%20eq%20'10'&$top=500 https://www.linkedin.com/company/philippine-savings-bank https://www.banksphilippines.com/2019/02/thrift-banks-in-the-philippines.html https://ctb.com.ph/microsites/psbank/"
Prima Fintech (Philippines) Lending Corporation,lending_company,olp_registered,prospect,Philippines,36,0.45,0.45,0.75,0.95,0.55,0.55,0.25,0.69,Head of Credit Risk / Underwriting,COO / VP of Lending Operations,"Prima Fintech already approves its Light Kredit, Prima Loan and Peso Pocket cash loans in minutes off a single government ID, which suggests the credit decision is largely automated already but likely leans on thin, ID-only signal rather than a richer document-based risk view, and the concurrent hiring across operations, collections and credit/risk points to a team actively trying to tighten delinquency without slowing approvals. The pilot worth proposing is narrow: run Kita's Document Risk Score and AI Underwriter alongside the current flow on a fixed slice of new applications (e.g., one app brand or one week's volume) to test whether adding lightweight document signal (ID plus whatever income or bank data is already captured) can lower early-delinquency or approval-error rates without adding turnaround time. Success would be measured as no increase in time-to-decision paired with a measurable drop in bad-loan rate or manual review kickbacks on the test cohort versus a control cohort run on the existing process, giving the Head of Credit Risk a concrete before/after number to bring to the COO.",SEC list of recorded online lending platforms,SEC,CS201951100,2026-09-14,https://www.sec.gov.ph/lending-companies-and-financing-companies-2/list-of-recorded-online-lending-platforms/,"https://play.google.com/store/apps/details?id=com.online.lending.peso.loan.app.LIGHT.KREDIT.PH https://www.iprimaloan.com/ https://loansharkreview.com/P/Peso-Pocket https://www.glassdoor.com/job-listing/operations-manager-prima-fintech-philippines-lending-corporation-JV_IC4780323_KO0,18_KE19,64.htm?jl=1009844596028 https://www.sec.gov.ph/lending-companies-and-financing-companies-2/list-of-recorded-online-lending-platforms/ https://loanappreviewphilippines.com/prima-loan-review/ https://www.glassdoor.com/job-listing/senior-team-leader-prima-fintech-philippines-lending-corporation-JV_IC4780323_KO0,18_KE19,64.htm?jl=1010002403583 https://www.glassdoor.com/job-listing/operation-supervisor-prima-fintech-philippines-lending-corporation-JV_KO0,20_KE21,66.htm?jl=1009898045865 https://www.linkedin.com/posts/prima-fintech-philippines-lending-corporation-6aaa83189_activity-6552076562357944320-LHDz"
"Pacific Ace Savings Bank, Inc.",thrift_bank,,prospect,"Ground Floor, The Garden by Pacific Ace, Rizal Highway corner Aguinaldo Street, Subic Bay Freeport Zone, Olongapo City",35,0.8,0.3,0.8,0.9,0.4,0.2,0.45,0.77,Head of Credit / Loans Department,Bank President / CEO,"Pacific Ace Savings Bank's ASENSO and Nation Builder loans are built for borrowers without clean collateral or formal financials, leaning on barangay clearances, in-house financial statements, and other documents rather than bureau history — and with no loan application or underwriting feature in its mobile app, that document review likely still happens manually at the single Subic Bay head office. The conversation with the Head of Credit / Loans Department should test a narrow hypothesis: on a sample of recent Nation Builder or ASENSO applications, could Kita's Document Risk Score and AI Underwriter cut days-to-decision and lift the share of files decided without a manual document chase, without changing the bank's existing credit policy? A bounded pilot — say 20-30 past or incoming applications scored in parallel with the current process — would show whether turnaround and rejection-rate gains are real before any procurement conversation with the President.",BSP Directory of Banks and Non-Bank Financial Institutions: thrift banks,BSP,68,2026-09-14,"https://www.bsp.gov.ph/_api/web/lists/getbytitle('Institutions')/items?$select=InstitutionID,Title,ShortBankName,InstitutionTypeID,InstitutionTypeID2,InstitutionTypeID3,Address,NumOffice,Status,Website,Modified&$filter=InstitutionTypeID%20eq%20'10'&$top=500",https://www.pacificacebank.com.ph/asenso https://www.pacificacebank.com.ph/nationbuilder https://ph.placedigger.com/pacific-ace-savings-bank86575688.html https://www.pacificacebank.com.ph/contactus https://play.google.com/store/apps/details?id=com.pacific.ace.pabankonline https://www.pacificacebank.com.ph/ https://www.bsp.gov.ph/_api/web/lists/getbytitle('Institutions')/items https://ctb.com.ph/pacific-ace-savings-bank-inc-2/
"Penbank, Inc. (A Private Development Bank) (formerly: Peninsula Rural Bank, Inc.)",thrift_bank,,prospect,"3/F Penbank Centre, RDRDC Building, Santiago Blvd., Gen. Santos City, South Cotabato 9500",35,0.6,0.4,0.75,0.95,0.45,0.3,0.35,0.83,Head of Credit / Loan Operations Officer,Bank President / CEO (reporting to RD Group ownership),"Penbank's own FAQ describes a branch-based, paper-driven process for its salary and SSS-pension consumer loans — applicants submit a full requirements packet (certificate of employment, salary disclosure, IDs) and wait roughly a day for a manual decision — with no online application portal or named origination/decisioning vendor visible anywhere in its public materials. That points to a bounded pilot for the Head of Credit/Loan Operations: run Kita's Document Risk Score and AI Underwriter on a slice of incoming SSS-pension or salary-loan applications at one or two branches, alongside the existing manual review, to see whether document capture and automated scoring can cut the roughly 24-hour turnaround and reduce the share of files kicked back for incomplete requirements. Success would be measured narrowly — days-to-decision and document rejection/re-submission rate on that pilot cohort versus the current branch process — before any conversation about the collateralized auto, housing or larger SME book, which appears to run through a separate appraisal-and-mortgage-release workflow better left untouched for now.",BSP Directory of Banks and Non-Bank Financial Institutions: thrift banks,BSP,70,2026-09-14,"https://www.bsp.gov.ph/_api/web/lists/getbytitle('Institutions')/items?$select=InstitutionID,Title,ShortBankName,InstitutionTypeID,InstitutionTypeID2,InstitutionTypeID3,Address,NumOffice,Status,Website,Modified&$filter=InstitutionTypeID%20eq%20'10'&$top=500","https://penbank.com.ph/faq/ https://penbank.com.ph/ https://www.sunstar.com.ph/more-articles/penbank-opens-branch-works-for-conversion-into-thrift-bank https://www.glassdoor.com/Jobs/Penbank-Jobs-E2968812.htm https://penbank.com.ph/downloads/ https://www.facebook.com/p/Penbank-Inc-61555144550641/ https://www.bsp.gov.ph/_api/web/lists/getbytitle('Institutions')/items?$select=InstitutionID,Title,ShortBankName,InstitutionTypeID,InstitutionTypeID2,InstitutionTypeID3,Address,NumOffice,Status,Website,Modified&$filter=InstitutionTypeID%20eq%20'10'&$top=500 https://ph.indeed.com/cmp/Penbank https://ctb.com.ph/penbank-inc-a-private-devt-bank-2/ https://www.linkedin.com/company/penbank-inc-"
Wealth Development Bank Corporation,thrift_bank,,prospect,"Taft Financial Center, Cardinal Rosales Ave., Cebu Business Park, Cebu City 6000",35,0.55,0.4,0.75,0.9,0.4,0.35,0.45,0.65,Head of Credit / Chief Risk Officer,President and CEO / COO,"WealthBank's teacher and employee salary-loan line is, like most public-sector payroll lending in the Philippines, likely underwritten branch-by-branch from payslips, employment certificates and IDs rather than bureau data, and the bank shows no public loan origination or decisioning platform beyond its deposit-focused Woori mobile app - suggesting this document intake and credit decision may still run manually. The hypothesis worth testing with the Head of Credit or Chief Risk Officer is whether Kita's Document Risk Score and AI Underwriter can take a slice of new salary-loan or SME applications, from a handful of branches, and cut days-to-decision or reduce document rejection/re-submission rates without changing the bank's credit policy. A bounded pilot - say 100-200 applications scored alongside the existing manual process over 4-6 weeks - would let the risk function see the delta in turnaround and manual-touch rate before any wider procurement conversation, which given the bank's Woori ownership will likely need to happen anyway.",BSP Directory of Banks and Non-Bank Financial Institutions: thrift banks,BSP,81,2026-09-14,"https://www.bsp.gov.ph/_api/web/lists/getbytitle('Institutions')/items?$select=InstitutionID,Title,ShortBankName,InstitutionTypeID,InstitutionTypeID2,InstitutionTypeID3,Address,NumOffice,Status,Website,Modified&$filter=InstitutionTypeID%20eq%20'10'&$top=500","https://wealthbank.com.ph/ https://finanso.com/ph/wealthbank/ https://pitchbook.com/profiles/company/160704-37 https://philjobnet.gov.ph/job-vacancies/company/wealthbank-3057 https://www.facebook.com/WealthBankOfficial/ https://www.bsp.gov.ph/_api/web/lists/getbytitle('Institutions')/items?$select=InstitutionID,Title,ShortBankName,InstitutionTypeID,InstitutionTypeID2,InstitutionTypeID3,Address,NumOffice,Status,Website,Modified&$filter=InstitutionTypeID%20eq%20'10'&$top=500 https://business.inquirer.net/205027/205027 https://ph.jobstreet.com/wealthbank-jobs/in-Cebu-City-Cebu https://ph.jobstreet.com/wealthbank-jobs/in-Mandaue-City-Cebu https://ctb.com.ph/wealthbank-a-development-bank-2/"
Monana Lending Inc,lending_company,olp_registered,prospect,Philippines,35,0.6,0.5,0.75,0.5,0.35,0.35,0.2,0.91,Head of Credit Risk / Collections,President / CEO of the lending company,"Given the identity-match caveat here, the opening conversation should treat the SEC registry entity behind Pautang Online and Pautang Peso as the likely subject, and focus on the gap between its ""funds in as little as 2 hours"" promise and the SEC's finding that disclosed repayment terms didn't match what was actually enforced — a pattern consistent with inconsistent, possibly manual term-setting at the point of underwriting rather than a system-generated, auditable decision. The angle is to propose a small pilot where Kita's Document Risk Score and AI Underwriter run in parallel on a sample of incoming ID- and income-proof-based applications, testing whether an automated, consistently-applied decision layer can hold disclosed terms constant across borrowers and produce an audit trail, with success measured as the share of sampled applications where system-generated terms match what's disclosed to the borrower, and any change in time-to-decision. This is worth testing precisely because the lender appears to run its own homegrown ""online system"" with no named LOS or decisioning vendor, so there's likely open space for a bounded, low-disruption proof rather than a rip-and-replace pitch, and it directly addresses the Head of Credit Risk/Collections' exposure to disclosure disputes.",SEC list of recorded online lending platforms,SEC,CS201916699,2026-09-14,https://www.sec.gov.ph/lending-companies-and-financing-companies-2/list-of-recorded-online-lending-platforms/,https://pautang-online-loan-peso-cash.updatestar.com/en https://pautang-peso.en.softonic.com/iphone https://fintechnews.ph/67718/lending/sec-fines-lhl-online-lending-and-link-credit-lending-for-violations/ https://www.appbrain.com/app/pautang-peso-safe-online-loans/ph.lhl.pautangpeso https://www.sec.gov.ph/lending-companies-and-financing-companies-2/list-of-recorded-online-lending-platforms/ https://www.pautangpeso.com/ https://newsbytes.ph/2025/07/31/sec-cracks-down-on-online-lending-firms-for-abusive-illegal-practices/
Philippine Cashtrout Lending Corporation,lending_company,olp_registered,prospect,Philippines,35,0.45,0.65,0.4,0.9,0.55,0.4,0.65,0.85,Chief Operating Officer / Head of Credit Risk (Mocasa),"Chief Executive Officer, Philippine Cashtrout Lending Corporation / Mocasa","Philippine Cashtrout Lending Corporation's Mocasa app already approves first-time, no-bureau-history borrowers off a single government ID and proof of income in as fast as five minutes, which suggests an in-house decisioning and OTP/identity stack is doing real work but leaves open how much of that speed comes from thin verification versus genuine document risk scoring. The hypothesis worth testing is whether Kita's Document Risk Score and AI Underwriter can hold approval times flat or faster while tightening fraud and default risk on the ID and income-proof documents Mocasa already collects, particularly as it pushes into BNPL-style credit lines where document quality matters more. A bounded pilot could run Kita's scoring in parallel on a slice of live Mocasa applications for 4-6 weeks, comparing document rejection rate, share of applications needing manual review, and time-to-decision against the current flow before any commitment to replace existing tooling.",SEC list of recorded online lending platforms,SEC,CS201910407,2026-09-14,https://www.sec.gov.ph/lending-companies-and-financing-companies-2/list-of-recorded-online-lending-platforms/,https://play.google.com/store/apps/details?id=com.mocasa.ph&hl=en https://www.mocasa.com/blog/home-credit-loan-app-requirements-a-complete-guide/ https://pinoypautangonline.blogspot.com/2019/10/cashoyo.html https://www.linkedin.com/company/mocasa-ph/ https://businessmirror.com.ph/2023/05/26/lender-expects-online-platform-users-to-grow/ https://www.zoominfo.com/c/mocasa/479734833 https://www.sec.gov.ph/wp-content/uploads/2021/08/2021_0825ListLCFCApps.pdf https://ploan.ph/register/3015/ https://www.mocasa.com/blog/is-philippine-cashtrout-lending-corp-a-legit-and-reliable-lender/ https://pitchbook.com/profiles/company/491232-70 https://fintechalliance.ph/Member/robin-wong/
GoTyme Bank Corporation,digital_bank,,prospect,"21st Floor, Units 3 and 4, work.able Giga Tower, Bridgetowne, 80 Eulogio Rodriguez Jr. Avenue, Brgy. Ugong Norte, Quezon City, Phillipines, 1110",34,0.5,0.65,0.3,0.95,0.5,0.75,0.45,0.94,Lending/Credit Business Owner (P&L owner for GoTyme's lending products),Chief Risk Officer or Head of Credit Analytics,"GoTyme's SAVii-powered salary lending line is the one product that still runs on classic document underwriting — payslips, company ID, government ID — while its PayMongo-based MSME lending and MoreTyme BNPL have already moved to behavioural/transaction-data decisioning, so the wedge is narrow: SAVii, not the whole bank. With a Lending Business Owner role currently open to build GoTyme's next-generation lending product end-to-end, the timing suggests underwriting architecture is actively being reconsidered, making this a plausible moment to test whether Kita's Document Risk Score and AI Underwriter can cut manual review on SAVii's payslip/ID intake. The bounded pilot: run Kita alongside the existing SAVii flow on a fixed slice of new salary-loan applications for 60-90 days, measuring days-to-decision and share of applications cleared without manual document review against the current baseline. If those metrics move, it's a case for expanding into GoTyme's broader lending stack; if not, the cost of finding out is small and contained to one product line.",BSP Directory of Banks and Non-Bank Financial Institutions: digital banks,BSP,465,2026-09-14,"https://www.bsp.gov.ph/_api/web/lists/getbytitle('Institutions')/items?$select=InstitutionID,Title,ShortBankName,InstitutionTypeID,InstitutionTypeID2,InstitutionTypeID3,Address,NumOffice,Status,Website,Modified&$filter=InstitutionTypeID%20eq%20'14'&$top=500",https://play.google.com/store/apps/details?id=io.savii.android&hl=en https://www.mochi.ph/insights/banking-on-a-better-world-the-phygital-banking-experience https://www.paymongo.com/products/capital https://fintechnews.ph/72561/fintech/philippines-fintech-report-2026-summary/ https://fintechnews.ph/62616/digital-banking-news-philippines/gotyme-bank-expands-payroll-and-lending-reach-with-acquisition-of-savii/ https://www.fintechfutures.com/keyword/philippines https://builtin.com/job/credit-business-owner/6571925 https://www.dealstreetasia.com/stories/gotyme-bank-philippines-302498 https://fintechnews.ph/64893/blockchain/bsp-gotyme-virtual-asset-service-provider/ https://www.philstar.com/business/2025/11/14/2487022/gotyme-forges-global-partnerships https://www.businesswire.com/news/home/20251207383870/en
Hupan Lending Technology Inc,lending_company,olp_registered,prospect,Philippines,34,0.5,0.55,0.65,0.7,0.5,0.3,0.2,0.44,Head of Credit / Chief Risk Officer,CEO / Founder,"Hupan's Cashme brand approves unsecured PHP 500-30,000 loans off little more than a valid ID and mobile/device signals (call logs, SMS, contacts), which likely means fraud and repayment risk are being priced with thin, unverified inputs rather than a real document-based risk assessment — a plausible driver of the aggressive collections behavior that's shown up in borrower complaints and the SEC's scrutiny of its platform family. The angle for Kita is to propose a narrow pilot of Document Risk Score and the AI Underwriter on a slice of new Cashme (or Sukiloan/EZLoan) applications, running Kita's decision in shadow mode alongside the existing automatic-approval flow to see whether adding lightweight document/ID verification changes predicted default or fraud flags without adding friction to the sub-5-minute application. Success would be measured as a reduction in flagged high-risk approvals or an improvement in decision confidence at the same or faster turnaround, giving the Head of Credit/CRO evidence before touching the live approval logic. This is framed as a test of whether document-grounded underwriting can tighten risk on an already-fast, already-automated book — not an assumption that Hupan has a manual bottleneck to remove.",SEC list of recorded online lending platforms,SEC,CS201901197,2026-09-14,https://www.sec.gov.ph/lending-companies-and-financing-companies-2/list-of-recorded-online-lending-platforms/,https://hfc.edu.vn/cashme.html https://retailasiaonline.com/cashme.html https://www.cashme.ph/ https://privacy.gov.ph/wp-content/uploads/2024/04/NPC-19-621-2020.11.19-AMP-v.-Hupan-Lending-Technology-Cash-Me-Decision-Final.pdf https://cashme-cash-loan-online-app-2.updatestar.com/ https://www.sec.gov.ph/lending-companies-and-financing-companies-2/list-of-recorded-online-lending-platforms/ https://www.philstar.com/business/2025/05/27/2445992/sec-cracks-whip-erring-online-lending-platforms https://milyonaryo.com.ph/no-solid-proof-sec-lifts-suspension-on-hupan-lending-finds-no-link-to-unregistered-magic-peso-app/ https://ktktld.edu.vn/cashme.html https://ph.indeed.com/cmp/Hupan-Lending-Technology-Inc./reviews
Inclusive Credit Lending Inc.,lending_company,olp_registered,prospect,Philippines,34,0.65,0.3,0.75,0.55,0.35,0.65,0.2,0.67,Head of Credit Risk and Underwriting,CEO / General Manager of the lending company,"Inclusive Credit Lending's Pinoy Peso app already underwrites small unsecured cash loans off a single government ID and self-declared income, with risk scoring that appears to run on homegrown device/app-usage signals rather than a purchased decisioning platform — and the July 2026 SEC fine over excessive rates and collection practices, paired with active hiring into Credit Risk and Underwriting, suggests the team is under pressure to make that scoring more defensible and consistent. The hypothesis worth testing is narrow: route a slice of new Pinoy Peso applications through Kita's AI Underwriter and Document Risk Score to see whether ID and income verification can be scored with clearer, auditable criteria than the current in-house signal, without changing the loan product itself. Success in a bounded pilot would be measurable as a reduction in manual review steps on that slice and a documented, consistent basis for approval/decline decisions that could hold up to regulatory scrutiny — not a claim about volume or revenue impact yet, since no public loan-book or growth figures exist to size that.",SEC list of recorded online lending platforms,SEC,CS201909928,2026-09-14,https://www.sec.gov.ph/lending-companies-and-financing-companies-2/list-of-recorded-online-lending-platforms/,https://play.google.com/store/apps/details?hl=en_US&id=com.ph.pinoy.peso https://www.inclusivelend.com/ https://ploan.ph/register/3007/ https://appadvice.com/app/pinoy-peso/1475625804 https://www.sec.gov.ph/lending-companies-and-financing-companies-2/list-of-recorded-online-lending-platforms/ https://play.google.com/store/apps/details?id=com.ph.pinoy.peso https://mb.com.ph/2026/07/24/sec-fines-pinoy-peso-operator-over-excessive-rates-harassment https://ph.jobstreet.com/inclusive-credit-lending-inc-jobs/in-Marikina-City-Metro-Manila
Link Credit Lending Investors Inc,lending_company,olp_registered,prospect,Philippines,34,0.5,0.5,0.65,0.65,0.5,0.4,0.2,0.53,Head of Credit Risk / Collections,President / CEO,"Link Credit Lending's Pesoin and iPeso brands run small-ticket unsecured cash loans (roughly ₱1,500-8,000) decided from minimal ID and mobile-based checks rather than deep document review, and the SEC's mid-2025 finding of 200+ collection complaints suggests weaker upstream risk controls may be feeding downstream collections problems. The hypothesis worth testing is narrow: whether adding Kita's Document Risk Score to the existing ID/eligibility check at application meaningfully improves early risk segmentation without slowing the near-instant approval flow borrowers expect. A bounded pilot could route a slice of new iPeso or Pesoin applicants through Kita's AI Underwriter alongside the current process for 4-6 weeks, comparing early delinquency rates and share of applications flagged for manual review against the incumbent flow, with the Head of Credit Risk/Collections judging whether it's worth widening given the regulator's stated intolerance for further violations.",SEC list of recorded online lending platforms,SEC,CS201914644,2026-09-14,https://www.sec.gov.ph/lending-companies-and-financing-companies-2/list-of-recorded-online-lending-platforms/,https://ipeso.en.softonic.com/iphone https://www.philstar.com/business/2025/07/30/2461680/sec-fines-2-lending-firms-violations https://fintechnews.ph/67718/lending/sec-fines-lhl-online-lending-and-link-credit-lending-for-violations/ https://play.google.com/store/apps/details?id=com.makati.pesocashloan&hl=en_US https://www.pesoin.com/ https://www.sec.gov.ph/lending-companies-and-financing-companies-2/advisories-and-notices/ https://www.facebook.com/61567811744496
Mabilis Cash Financing Corp,lending_company,olp_registered,prospect,Philippines,34,0.5,0.55,0.5,0.85,0.55,0.4,0.3,0.71,Head of Credit / Risk Officer,CEO / Co-founder of the lending company,"Mabilis Cash already approves loans in minutes off a government ID and basic employment info using what appears to be an in-house alternative-scoring model, but public reviews mention applicants getting auto-rejected without explanation — a pattern consistent with a scoring model that can't confidently price thin-file borrowers at the margins and defaults to declining them. The hypothesis worth testing is narrow: run Kita's Document Risk Score and AI Underwriter alongside the existing flow on a sample of borderline or rejected applications to see whether richer document-derived signal (ID and employment artifacts already being collected) would have approved a meaningful share of those declines without added fraud risk. A bounded pilot could track, over a few hundred applications, the delta in approval rate on previously-declined thin-file cases and any change in time-to-decision versus the current five-minute baseline, giving the Head of Credit/Risk a concrete read before any broader integration conversation.",SEC list of recorded online lending platforms,SEC,CS201907662,2026-09-14,https://www.sec.gov.ph/lending-companies-and-financing-companies-2/list-of-recorded-online-lending-platforms/,https://play.google.com/store/apps/details?id=com.loans.lending.onlinelend.mabiliscash&hl=en https://filipinobusinesshub.com/mabilis-cash-review/ https://allthebestloans.ph/loan/mabilis-cash/ https://www.mabiliscash.ph/ https://www.mabiliscash.ph/r-l/LtuuMLZW https://www.philstar.com/business/2025/08/26/2468013/sec-halts-operations-7-more-online-lenders https://play.google.com/store/apps/details?id=com.loans.lending.onlinelend.mabiliscash
"MCP Finance Inc (formerly “Transnational Financial Services, Inc.”)",lending_company,olp_registered,prospect,Philippines,34,0.55,0.4,0.7,0.9,0.4,0.45,0.3,0.83,"Head of Credit / Risk Officer, MCP Finance Inc.","President / Managing Director, MarCoPay Group (parent of MCP Finance Inc.)","MCP Finance underwrites small, non-collateral salary and allottee loans for seafarers through the MarCoPay app, a genuinely thin-file population whose credit case rests on contracts, allotment slips, and IDs rather than bureau history, though it's unclear from public materials whether any manual review step still sits between application and decision. The bounded pilot worth proposing is narrow: run Kita's Document Risk Score and AI Underwriter on a sample of recent salary/allottee loan applications to test whether contract and ID verification plus a credit decision can be compressed from MFI's current (undisclosed) turnaround to a defined same-day benchmark, without touching the Security Bank referral flow or the eWallet's own transactional data. Success would be measured narrowly - days-to-decision and the share of that sample decided without any manual document check - so the Head of Credit/Risk can see the effect on their own book before any conversation escalates to the MarCoPay group level. This treats the account as a hypothesis test on a specific loan line, not an assumption that MFI's process is currently slow or manual.",SEC list of recorded online lending platforms,SEC,138629,2026-09-14,https://www.sec.gov.ph/lending-companies-and-financing-companies-2/list-of-recorded-online-lending-platforms/,https://www.marcopayinc.com/AboutUs https://www.mcp-finance.com/ https://play.google.com/store/apps/details?id=com.marcopayinc.www.MarCoPay https://mfi.marcopaygroup.com/ https://www.nyk.com/english/stories/04/02/20260512.html https://www.bworldonline.com/banking-finance/2023/04/12/516011/security-bank-partners-with-mcp-to-offer-loan-products-to-seafarers/ https://www.sec.gov.ph/lending-companies-and-financing-companies-2/list-of-recorded-online-lending-platforms/
Cashmum Lending Investors Corp.,lending_company,olp_registered,prospect,Philippines,33,0.7,0.4,0.6,0.85,0.5,0.25,0.2,0.47,Head of Credit / Underwriting Operations,CEO / President of the lending company,"Cashmum's entire flow runs on a single government ID and bank card, with a ""quick review"" step before same-day disbursement — a setup that suggests fast but likely still manually-touched approval on a high-volume, low-ticket book (PHP 1,000-30,000), where every hour of review time is disproportionately costly relative to loan size. The hypothesis worth testing with the Head of Credit/Underwriting Operations is whether Kita's Document Risk Score and AI Underwriter can take a slice of new applications from ID upload straight to an auto-decision without human touch, since no named LOS or decisioning vendor appears in Cashmum's public footprint and the ""automatic approval"" language on its own site hints the current system may be closer to rules-based than true ML scoring. A bounded pilot — routing a fixed batch of incoming applications through Kita's underwriting layer alongside the existing process — would let both sides compare share of applications resolved without manual review and time-to-decision before any commitment to swap out the core flow.",SEC list of recorded online lending platforms,SEC,CS202102336,2026-09-14,https://www.sec.gov.ph/lending-companies-and-financing-companies-2/list-of-recorded-online-lending-platforms/,http://www.cashmumlending.com/ https://chrome-stats.com/d/com.myapp.cashmum https://play.google.com/store/apps/details?id=com.myapp.cashmum&hl=en https://cashmum.net/ https://ploan.ph/register/3413/ https://www.sec.gov.ph/sec-issuances/cease-and-desist-orders/ https://www.facebook.com/CashMumCorp168/
RCBC Microbank - A Thrift Bank Inc.,thrift_bank,,prospect,"AndaRizal Center, Rizal Corner Anda Street, Barangay 3-A, Davao City",33,0.85,0.4,0.5,0.95,0.3,0.3,0.35,0.83,Head of Credit / Credit Risk Management Unit,President and CEO of RCBC MicroBank (in coordination with RCBC group technology/innovation leadership),"RCBC Microbank's Small Biz and microenterprise loans are marketed on simple, document-based requirements (valid ID, barangay/mayor's permit) with approval promised in 3-7 days ""kung kumpleto ang requirements,"" and a confirmed cloud core-banking migration suggests the underlying transaction rails are modernized even though no dedicated origination or underwriting vendor is publicly visible, leaving the document-review step likely still manual. The angle for a first conversation is to propose a bounded pilot with the Credit Risk Management unit: run Kita Capture and the AI Underwriter on a defined slice of incoming Small Biz or agri-value-chain applications to see whether document capture and a risk score can cut the 3-7 day approval window and raise the share of ""kumpleto"" applications that clear without manual back-and-forth. Success would be measured narrowly, days-to-decision and document rejection/resubmission rate on that pilot slice, before any conversation about broader integration with the RCBC group's technology stack.",BSP Directory of Banks and Non-Bank Financial Institutions: thrift banks,BSP,65,2026-09-14,"https://www.bsp.gov.ph/_api/web/lists/getbytitle('Institutions')/items?$select=InstitutionID,Title,ShortBankName,InstitutionTypeID,InstitutionTypeID2,InstitutionTypeID3,Address,NumOffice,Status,Website,Modified&$filter=InstitutionTypeID%20eq%20'10'&$top=500","https://www.rcbcmicrobank.com/ https://www.rcbcmicrobank.com/index.php/smallbiz-lite/ https://www.rcbc.com/our-company https://bworldonline.com/banking-finance/2026/07/31/767080/rcbc-nets-p4-1-billion-in-first-half/ https://businessmirror.com.ph/2019/11/01/rcbc-thrift-bank-leads-full-shift-to-cloud-based-core-banking-tech/ https://ctb.com.ph/580-2/ https://www.bsp.gov.ph/_api/web/lists/getbytitle('Institutions')/items?$select=InstitutionID,Title,ShortBankName,InstitutionTypeID,InstitutionTypeID2,InstitutionTypeID3,Address,NumOffice,Status,Website,Modified&$filter=InstitutionTypeID%20eq%20'10'&$top=500 https://www.rcbcmicrobank.com/index.php/profile-page/background-and-history/ https://en.wikipedia.org/wiki/Rizal_Commercial_Banking_Corporation https://www.rcbcmicrobank.com/index.php/careers-credit-risk-management-analyst/ https://mb.com.ph/2026/07/30/rcbc-profit-drops-in-first-half-as-provisioning-offsets-retail-lending-surge"
Esquire Financing Inc.,lending_company,olp_registered,prospect,Philippines,33,0.9,0.65,0.2,1.0,0.55,0.3,0.5,0.88,VP / Head of Technology (or Chief Risk/Credit Officer),President / COO,"Esquire Financing already runs its entire non-collateral SME book on document-based underwriting (TIN, ID, three months of bank statements) with a stated seven-business-day-or-less decision window, and since 2024 it has layered a third-party AI document/credit-scoring tool (mindox) onto that flow rather than solving it end-to-end itself — which suggests the gap isn't the concept of AI-assisted scoring but how much of the manual review it's actually removing. The angle for Kita is to propose a narrow pilot on one loan product (say, the standard SME working-capital loan) running Kita's Document Risk Score and AI Underwriter in parallel with the existing mindox-assisted flow on a fixed batch of incoming applications, testing whether Kita can cut days-to-decision below the current seven-day benchmark and lift the share of applications resolved without a branch/agent manual step. Success would be measured purely on those two metrics against EFI's current baseline, with the VP/Head of Technology or credit officer as the natural owner given they sponsored the 2024 vendor integration, and the President/COO as the buyer who'd need to see the delta before expanding beyond the pilot batch.",SEC list of recorded online lending platforms,SEC,CS201102284,2026-09-14,https://www.sec.gov.ph/lending-companies-and-financing-companies-2/list-of-recorded-online-lending-platforms/,https://esquire.com.ph/articles/what-are-the-requirements-for-a-business-loan https://esquire.com.ph/acceptable-documents https://esquire.com.ph/ https://esquire.com.ph/articles/small-business-loans-in-the-philippines https://www.financing.ph/lender/esquire https://esquire.com.ph/articles/esquire-financing-inc-business-loans-without-collateral https://www.bloomberg.com/news/articles/2025-04-02/philippine-sme-lender-esquire-financing-weighs-stake-sale-at-1-billion-value https://ibsintelligence.com/ibsi-news/and-solutions-esquire-financing-to-offer-financial-solutions-in-the-philippines/ https://esquire.com.ph/about https://tracxn.com/d/companies/esquire-financing/__cjFRrtDBjqABWSBJMIcFwmm6H2mCMcyHOoA2wQwyFyA https://www.zoominfo.com/c/esquire-financing-inc/426211936 https://ph.indeed.com/cmp/Esquire-Financing-Inc https://and-solutions-a02320.webflow.io/news/and-solutions-partners-with-esquire-financing-inc-to-enhance-financial-operations-with-mindox-in-the-philippines https://www.ifc.org/en/pressroom/2022/ifc-s-first-investment-in-an-nbfi-in-the-philippines-to-support
FT Lending Master Philippines Corp,lending_company,olp_registered,prospect,Philippines,33,0.6,0.5,0.55,0.85,0.3,0.5,0.2,0.80,Head of Credit/Risk Operations (Loan and Credit Officer lead),Philippines Country/General Manager,"FT Lending already runs a fully digital application (ID upload plus personal data) against a claimed 5-minute-to-24-hour decision, yet job postings show it still staffs Online Lending Verifiers and Loan/Credit Officers who manually re-check ID authenticity and phone-verify each applicant, suggesting the in-house ""big data risk control"" system hasn't actually removed the manual document-review step. The hypothesis worth testing is narrow: route a slice of incoming ₱2,000–₱30,000 applications through Kita's Document Risk Score and AI Underwriter to see whether ID and application-data checks can be auto-cleared without a human verifier touching them. A bounded pilot could run a few hundred applications side-by-side with the current verifier queue, measuring share decided without manual review and days-to-decision versus the existing baseline, with the Head of Credit/Risk Operations as the natural owner of that comparison. If, as it appears, the manual layer exists mainly to backstop the automated decision rather than replace it, this is a low-risk way to show the verifier team's time being freed for exception cases only.",SEC list of recorded online lending platforms,SEC,CS201910863,2026-09-14,https://www.sec.gov.ph/lending-companies-and-financing-companies-2/list-of-recorded-online-lending-platforms/,"https://play.google.com/store/apps/details?id=com.ftlending.fast.cash.loan&hl=en https://www.facebook.com/ftlending.ph/ https://www.glassdoor.com/job-listing/online-lending-verifier-ft-lending-master-philippines-corp-JV_KO0,23_KE24,58.htm?jl=1009780696219 https://www.kalibrr.com/c/ft-lending-master-philippines-corp/jobs/121192/loan-and-credit-officer https://pesolending.com/app/ft-lending/ https://loansharkreview.com/P/FT-Lending https://www.kalibrr.com/c/ft-lending-master-philippines-corp/jobs https://business.inquirer.net/465585/sec-issues-cease-and-desist-orders-against-six-financing-lending-firms https://bebee.com/ph/jobs/collection-specialist-ft-lending-master-philippines-corp-taguig--theirstack-676804356 https://fintechalliance.ph/fintech-alliance-ph-names-2026-board/"
Just Smile Lending Corporation,lending_company,olp_registered,prospect,Philippines,33,0.75,0.3,0.65,0.55,0.5,0.4,0.25,0.77,Head of Credit / Assessment Department Lead,President / CEO,"Just Smile Lending's FreshApp already tries to approve gig-worker loans (₱1,000–₱150,000) off a single ID, mobile number, and Upwork/Fiverr-style income records, but its own listing admits a fork where cases fall through to a manual ""assessment department"" review — likely the step that slows decisions and adds cost in a single-office operation. The angle worth testing with the Head of Credit / Assessment Department is a bounded pilot of Kita's Document Risk Score and AI Underwriter on a slice of incoming applications, run in parallel with the current process, to see whether alternative-income documents can be scored automatically with acceptable accuracy. Success would be a measurable lift in the share of applications resolved without human review and a shorter days-to-decision on that same cohort, not a wholesale platform swap. Given the unresolved SEC registration history, framing this as a small, reversible test — rather than a long procurement commitment — also fits the lender's apparent risk posture right now.",SEC list of recorded online lending platforms,SEC,CS202011342,2026-09-14,https://www.sec.gov.ph/lending-companies-and-financing-companies-2/list-of-recorded-online-lending-platforms/,https://apppage.net/preview/com.gig.freshapp https://play.google.com/store/apps/details?id=fr.eng.cn.com&hl=en https://loanphi.com/app/fresh-loan/ https://www.justsmilelending.com/index.html https://chrome-stats.com/d/com.ftlending.fast.cash.loan?hl=en https://www.sec.gov.ph/lending-companies-and-financing-companies-2/list-of-recorded-online-lending-platforms/ https://businessmirror.com.ph/2026/08/25/sec-frowns-on-fake-just-smile-lending-fb-page/ https://www.philstar.com/business/2025/06/03/2447687/sec-cancels-licenses-more-lending-financing-companies https://bebee.com/ph/jobs/finance-supervisor-just-smile-lending-corporation-makati--theirstack-679034823 https://context.ph/2026/08/25/sec-warns-public-vs-fake-facebook-pages-impersonating-just-smile-lending-corp/
"Dumaguete City Development Bank, Inc.",thrift_bank,,prospect,"Dr. Vicente Locsin cor. Cervantes Sts., Dumaguete City",32,0.75,0.3,0.6,1.0,0.55,0.2,0.35,0.76,Head of Credit / Loans Department Manager,President & CEO / Vice-Chairman,"Dumaguete City Development Bank's salary, microfinance, and SME loans are all decided branch-by-branch from stacks of paper: loan application forms, IDs, barangay/mayor certifications, proof of billing, and payslips, with no public evidence of any digital origination or decisioning layer sitting on top of its 2009-era core banking system. That points to a narrow, testable hypothesis: run Kita's Document Risk Score and Capture tooling on the incoming documents for one product line, most likely salary or microfinance loans at a single branch, to see whether document review and risk flagging can be compressed from days to hours without adding headcount. A bounded pilot could track days-to-decision and the share of applications the loans department manager can clear without a manual re-check or trip back to the borrower for missing paperwork, giving the Head of Credit and the President/CEO concrete before-and-after numbers before any wider rollout is considered.",BSP Directory of Banks and Non-Bank Financial Institutions: thrift banks,BSP,54,2026-09-14,"https://www.bsp.gov.ph/_api/web/lists/getbytitle('Institutions')/items?$select=InstitutionID,Title,ShortBankName,InstitutionTypeID,InstitutionTypeID2,InstitutionTypeID3,Address,NumOffice,Status,Website,Modified&$filter=InstitutionTypeID%20eq%20'10'&$top=500","https://dumaguetebank.com/salary-loan-2/ https://dumaguetebank.com/microfinance-loans/ https://dumaguetebank.com/sme-loan-products/ https://rocketreach.co/dumaguete-city-development-bank-inc-management_b7030965c4f92cfb https://bebee.com/ph/companies/dumaguete-city-development-bank-inc https://dumaguetebank.com/history/ https://dumaguetebank.com/ https://en.wikipedia.org/wiki/List_of_banks_in_the_Philippines https://ctb.com.ph/dumaguete-city-development-bank-2/ https://ph.indeed.com/cmp/Dumaguete-City-Development-Bank,-Inc. https://dumaguetebank.com/vision-mission/ https://www.linkedin.com/company/dumaguete-city-development-bank-inc-"
Asteria Lending Inc. Inc. Doing Business under the name and style of Cashbazaar,lending_company,olp_registered,prospect,Philippines,32,0.75,0.3,0.75,0.9,0.4,0.2,0.25,0.79,Credit/Operations Manager,CEO / Owner-Operator,"Cashbazaar approves ₱1,000–20,000 unsecured loans against uploaded government IDs and salary evidence with a stated 48-hour turnaround, and, since no branded loan origination or decisioning vendor shows up anywhere in its public materials or job postings, that review likely runs on a homegrown, manually-checked flow rather than automated document underwriting. The hypothesis worth testing with the credit/operations manager is narrow: run Kita's Document Risk Score and AI Underwriter on a sample of recent ID, payslip and bank-statement submissions to see whether a defined share of applications could clear without manual review, and whether the 48-hour window compresses toward the under-60-second decisions Kita reports elsewhere. A small pilot batch, scored against current turnaround and rejection rates, would tell both sides quickly whether the document-to-decision layer is worth building into Cashbazaar's live application flow before any broader commitment is discussed with the owner-operator.",SEC list of recorded online lending platforms,SEC,CS201603853,2026-09-14,https://www.sec.gov.ph/lending-companies-and-financing-companies-2/list-of-recorded-online-lending-platforms/,https://www.asteria.com.ph/personal-loan https://tracxn.com/d/companies/asteria-lending/__4S1YsVL5Pb84tMVKfZoYM5WygwvgTrptfzHIQpPUGa4 https://finanso.com/ph/asteria/ https://www.kalibrr.com/c/asteria-lending-inc/jobs https://www.sec.gov.ph/wp-content/uploads/2021/12/2021_1129ListLCFCApps.pdf https://www.asteria.com.ph/about-us https://www.asteria.com.ph/how-it-works
Loan Star Lending Group Corp.,lending_company,olp_registered,prospect,Philippines,32,0.7,0.3,0.8,0.9,0.5,0.2,0.2,0.64,Operations Manager / Credit and Collections Head,President / CEO,"Loan Star's seafarer loan line is a near-textbook fit for Kita's thin-file pattern: OFW applicants with little bureau history, submitting documents in person, before manual ""Personal and Credit Verification"" and check disbursement — a process that, if it runs like the site describes, likely takes days rather than seconds. The angle for a first conversation is a bounded pilot with the Operations Manager / Credit and Collections Head: run Kita Capture and the AI Underwriter on a slice of incoming seafarer loan applications (IDs, employment contracts, payslips) in parallel with the existing manual review, and compare days-to-decision and the share of files that could be decided without an in-branch step, leaving the SME collateral-loan book out of scope for now since it's more mixed. Given no named LOS or decisioning vendor appears in their public footprint, this is a hypothesis to test on real volume, not an assumption that the back office is unautomated.",SEC list of recorded online lending platforms,SEC,CS201420759,2026-09-14,https://www.sec.gov.ph/lending-companies-and-financing-companies-2/list-of-recorded-online-lending-platforms/,"https://www.loanstarlending.com.ph/seafarer/about-our-company/ https://www.loanstarlending.com.ph/seafarer/loan-application-procedure/ https://www.loanstarlending.com.ph/sme/ https://www.loanstarlending.com.ph/seafarer/faq/ https://www.businesslist.ph/company/300699/loan-star-lending-group-corporation https://www.facebook.com/lslgc/ https://www.sec.gov.ph/lending-companies-and-financing-companies-2/list-of-recorded-online-lending-platforms/ https://www.glassdoor.com/job-listing/seafarer-consultant-loan-star-lending-group-corporation-JV_IC4747005_KO0,19_KE20,55.htm?jl=1009814364760"
"City Savings Bank, Inc.",thrift_bank,,prospect,"Ground 29th and 35th Floors UnionBank Plaza, Meralco Avenue, Corner Sapphire and Onyx Streets, Ortigas Center, Pasig City",31,0.7,0.75,0.15,0.95,0.35,0.75,0.55,0.89,Head of Consumer/Salary Lending or Chief Risk Officer,"President and CEO / Chief Transformation Officer (board chair, concurrently UnionBank's group CTO)","CitySavings already runs an in-house AI credit-scoring layer on top of Temenos T24 for its teacher, pensioner, and motorcycle salary loans, so the open question isn't whether the bank believes in scoring models but whether the document-in step feeding them is still a manual bottleneck: payslips, employment certifications, IDs, and co-maker paperwork collected branch-by-branch, per the requirements lists and borrower complaints about slow processing. The angle for Kita is a narrow, bounded pilot on Document Risk Score and Kita Capture applied to one loan line (say, teacher salary reloans, given the visible ""how many payslips"" friction), measuring only document rejection rate and days-to-decision against the bank's current in-house pipeline, not replacing the scoring model itself. If capture-and-verification shaves meaningful time off that single workflow without touching the credit decision, it's a low-risk complement to the in-house build UnionBank's transformation team is already steering, rather than a competing underwriting system.",BSP Directory of Banks and Non-Bank Financial Institutions: thrift banks,BSP,51,2026-09-14,"https://www.bsp.gov.ph/_api/web/lists/getbytitle('Institutions')/items?$select=InstitutionID,Title,ShortBankName,InstitutionTypeID,InstitutionTypeID2,InstitutionTypeID3,Address,NumOffice,Status,Website,Modified&$filter=InstitutionTypeID%20eq%20'10'&$top=500","https://www.scribd.com/document/152661641/Requirements-City-Savings-Bank https://www.citysavings.com.ph/about-us https://www.facebook.com/citysavingsbankofficial/posts/enjoy-loan-terms-up-to-5-years-with-citysavings-teachers-salary-loanreloan-nowkn/1151626600451168/ https://bworldonline.com/banking-finance/2026/09/01/773570/citysavings-to-get-p1-b-capital-infusion/ https://marketech-apac.com/city-savings-bank-bolsters-digital-transformation-appoints-new-chairman-of-the-board/ https://www.ifc.org/en/pressroom/2024/city-savings-bank-in-the-philippines-issues-first-social-bond-with-investment-from-ifc https://www.appsruntheworld.com/customers-database/customers/view/city-savings-bank-philippines-philippines https://fintechnews.ph/author/fintech-news-philippines/page/26/ https://www.bsp.gov.ph/_api/web/lists/getbytitle('Institutions')/items?$select=InstitutionID,Title,ShortBankName,InstitutionTypeID,InstitutionTypeID2,InstitutionTypeID3,Address,NumOffice,Status,Website,Modified&$filter=InstitutionTypeID%20eq%20'10'&$top=500 https://en.wikipedia.org/wiki/CitySavings https://fintechnews.ph/73323/funding/unionbank-citysavings-php-1-billion-capital/ https://www.philstar.com/the-freeman/cebu-business/2026/01/24/2503173/citysavings-expands-underserved-areas https://www.linkedin.com/company/citysavings-bank https://www.zoominfo.com/c/city-savings-bank-inc/425313622 https://ctb.com.ph/"
LOLC Bank Philippines Incorporated (A Thrift Bank),thrift_bank,,prospect,Lot 17 Blk 4 President Laurel Highway Poblacion IV Tanauan City,31,0.8,0.3,0.75,0.9,0.35,0.2,0.2,0.88,Head of Credit / Credit Risk Officer,Bank President/CEO or regional LOLC Asia technology/operations executive,"LOLC Bank Philippines still runs its Quick Business Loan and Individual Loan applications as downloadable paper forms backed by field-based credit investigation, and its microfinance, agricultural, OFW/personal and motorcycle loan lines all appear to depend on this same manual, document-heavy process rather than a digital LOS or bureau-based decisioning. The angle for a first conversation is to propose a narrow pilot on one high-volume, low-ticket line — likely the motorcycle or salary/OFW personal loan book — where Kita's Document Risk Score and AI Underwriter ingest the existing paper-form documents (IDs, payslips, co-maker profiles) for a sample of new applications and produce a parallel underwriting decision alongside the Credit Investigator's manual one. Success would be measured narrowly: days-to-decision on the pilot cohort versus the current field-investigation timeline, and the share of those applications that could plausibly have been decided without a branch visit or manual co-maker check. This is offered as a hypothesis to test, not a claim about LOLC's existing volume or budget, given that no digital underwriting stack or recent tech-hiring signal was found publicly for this entity.",BSP Directory of Banks and Non-Bank Financial Institutions: thrift banks,BSP,58,2026-09-14,"https://www.bsp.gov.ph/_api/web/lists/getbytitle('Institutions')/items?$select=InstitutionID,Title,ShortBankName,InstitutionTypeID,InstitutionTypeID2,InstitutionTypeID3,Address,NumOffice,Status,Website,Modified&$filter=InstitutionTypeID%20eq%20'10'&$top=500","https://lolcbank.com.ph/downloads https://www.glassdoor.com/job-listing/credit-investigator-lolc-bank-philippines-inc-JV_IC2470454_KO0,19_KE20,45.htm?jl=1009848972839 https://lolcbank.com.ph/ https://lk.linkedin.com/company/lolcbankphilippines https://www.facebook.com/LOLCBankPhilippines/posts/lolc-bank-philippines-inc-serves-tailor-made-business-loans-to-uplift-your-busin/1262657992540673/ https://www.linkedin.com/company/lolc-bank-philippines-inc https://pitchbook.com/profiles/company/521124-85 https://lolcbank.com.ph/an-overview https://www.bsp.gov.ph/_api/web/lists/getbytitle('Institutions')/items?$select=InstitutionID,Title,ShortBankName,InstitutionTypeID,InstitutionTypeID2,InstitutionTypeID3,Address,NumOffice,Status,Website,Modified&$filter=InstitutionTypeID%20eq%20'10'&$top=500 https://lolcbank.com.ph/careers https://en.wikipedia.org/wiki/FinTech_Alliance_PH"
"Sun Savings Bank, Inc.",thrift_bank,,prospect,"No. 45 Don Gil Garcia corner Escario Streets, Cebu City",31,0.6,0.6,0.2,0.9,0.65,0.6,0.5,0.95,Head of Lending Operations / Credit Risk Officer,President & CEO / EVP-Treasurer,"Sun Savings just rolled out a new digital loan origination system that already cut per-client processing from an hour to fifteen minutes, but the document-heavy front end for its teacher salary and SME loans (payslips, bank statements, ITR, proof of billing) and the up-to-two-week credit decision on home loans suggest the manual bottleneck has moved to document verification and underwriting rather than being solved outright. The angle for a first conversation is to propose a narrow pilot of Kita's Document Risk Score and AI Underwriter on one high-volume, low-collateral segment -- likely the teacher salary loan line, given its payroll-deduction structure and thin-file, document-driven profile -- run alongside the existing LOS rather than replacing it. Success would be measured on a small batch of applications: reduction in document rejection/re-submission rate and days-to-decision versus the current process, reported to the Head of Lending Operations before any conversation about broader integration with the President/CEO or EVP-Treasurer.",BSP Directory of Banks and Non-Bank Financial Institutions: thrift banks,BSP,77,2026-09-14,"https://www.bsp.gov.ph/_api/web/lists/getbytitle('Institutions')/items?$select=InstitutionID,Title,ShortBankName,InstitutionTypeID,InstitutionTypeID2,InstitutionTypeID3,Address,NumOffice,Status,Website,Modified&$filter=InstitutionTypeID%20eq%20'10'&$top=500",https://sunsavings.ph/faq-items/what-are-the-requirements-to-apply-and-avail-of-a-loan/ https://sunsavings.ph/faqs_home_loans/ https://sunsavings.ph/sme_loan/ https://www.sunstar.com.ph/cebu/business/sun-savings-opens-5th-branch https://www.sunstar.com.ph/cebu/sun-savings-bank-sustains-solid-growth-in-2025-2 https://www.sunstar.com.ph/amp/story/cebu/from-humble-beginnings-to-a-stronger-future-celebrating-15-years-of-sun-savings-bank https://www.sunstar.com.ph/cebu/business/sun-savings-bank-obtains-additional-p100m-loan-from-landbank https://p1-mediaserver.s3.ap-southeast-1.amazonaws.com/SUN+SAVINGS+BANK/ANNUAL+REPORTS/SSBI+Annual+Report+2024.pdf https://www.sunstar.com.ph/cebu/sun-savings-banks-growth-fuels-expansion-digital-transformation https://www.philstar.com/business/2011/12/04/754315/eib-savings-renamed-sun-savings-bank https://sunsavings.ph/head_office/ https://sunsavings.ph/wp-content/uploads/2022/08/annual-report_2021.pdf https://ctb.com.ph/sun-savings-bank-inc-2/
Easycash Lending Company Inc.,lending_company,olp_registered,prospect,Philippines,31,0.7,0.3,0.75,0.95,0.5,0.2,0.2,0.67,Head of Credit / Risk Officer,President / CEO or COO,"Easycash underwrites unsecured personal, seafarer, and SME loans by manually reviewing payslips, business datasheets, and IDs against income-verification rules, with no named LOS or decisioning vendor visible in any public material, suggesting this document review is still done in-house and by hand. The specific bet worth testing is whether Kita's Document Risk Score and AI Underwriter can take the seafarer and self-employed SME segments — where income proof is irregular and currently slowest to verify — and cut the manual review step for a defined slice of new applications over a fixed pilot window, measured on days-to-decision and the share of files resolved without a human touch. Given the company's small, closely-held structure, the Head of Credit/Risk Officer is likely the right first conversation to size how much of the current document-checking workload is repeatable enough to automate, with the President/CEO as the eventual budget call. This should be framed as a narrow, falsifiable test on one loan line, not a platform-wide claim.",SEC list of recorded online lending platforms,SEC,CS201001882,2026-09-14,https://www.sec.gov.ph/lending-companies-and-financing-companies-2/list-of-recorded-online-lending-platforms/,https://easycash.ph/faqs/ https://finanso.com/ph/easycash/apply/ https://easycash.ph/seafarer-loan/ https://easycash.ph/sme-loan/ https://www.linkedin.com/company/easycash-lending-company-inc https://www.sec.gov.ph/wp-content/uploads/2022/05/2022List-of-LC_0331.pdf https://www.sec.gov.ph/lending-companies-and-financing-companies-2/press-release/ https://ohjobs.ph/employer-profile/easycash-lending-company-inc/ https://fintechalliance.ph/
Peso Agad Lending Corporation,lending_company,olp_registered,prospect,Philippines,31,0.72,0.4,0.45,0.85,0.5,0.3,0.2,0.67,Head of Credit / Underwriting Risk,CEO / Managing Director of the lending company,"Peso Agad (registered as Philippine Vastness Lending Corporation, brand Vplus) already markets ""instant"" AI-driven decisions on small-ticket, 91-180 day cash loans underwritten from just a valid ID and proof of income like a payslip or bank statement — but there's no public evidence of a named decisioning vendor, which suggests this ""AI system"" is likely a lighter rules layer rather than a tested document-risk model. The angle worth testing with the Head of Credit/Underwriting Risk is whether Kita's Document Risk Score and AI Underwriter can validate ID and income documents and flag fraud risk faster and more consistently than whatever is running today, without slowing down the app's marketed speed. A bounded pilot could route a fixed slice of incoming applications through Kita's scoring alongside the existing flow for 30-60 days, comparing document rejection rate, share of applications cleared without manual review, and time-to-decision against the current process before any broader commitment.",SEC list of recorded online lending platforms,SEC,CS201918401,2026-09-14,https://www.sec.gov.ph/lending-companies-and-financing-companies-2/list-of-recorded-online-lending-platforms/,https://play.google.com/store/apps/details?id=ph.vplus.fast.cash.loan&hl=en https://utangonline.com/vplus-loan/ https://vplus.vastness-ph.com/ https://apps.apple.com/ph/app/vplus-online-cash-loan-app/id6758645081 https://www.sec.gov.ph/wp-content/uploads/2020/08/2020_0730ListLCFCApps.pdf https://vastness-vplus.com/
"AllBank (A Thrift Bank), Inc.",thrift_bank,,prospect,"2/F AllBank Bldg., EDSA cor. Cornell St., Brgy. Wack-Wack, Mandaluyong City, Philippines",30,0.55,0.3,0.55,0.9,0.55,0.45,0.3,0.69,Head of Consumer/SME Lending or Chief Risk Officer,President/CEO or COO,"AllBank's public focus on working-class Filipinos and SMEs, run on a Temenos T24 core from 2013 with no visible loan origination or decisioning vendor layered on top, suggests its SME and consumer loans are likely still underwritten manually from bank statements, IDs and business permits — though this is inferred, not confirmed from AllBank's own published process. Given the bank's recent appetite for bolting on third-party fintech (Manny Pay, SAFC QRPh) rather than building in-house, a natural first test would be a bounded pilot of Kita's Document Risk Score and AI Underwriter on one existing SME or salary-loan product, run alongside the current manual process for a fixed cohort of applications. Success would be measured narrowly: days-to-decision versus the manual baseline, and the share of that cohort that could be decided without a branch-based manual review step, before any conversation about broader integration with T24.",BSP Directory of Banks and Non-Bank Financial Institutions: thrift banks,BSP,67,2026-09-14,"https://www.bsp.gov.ph/_api/web/lists/getbytitle('Institutions')/items?$select=InstitutionID,Title,ShortBankName,InstitutionTypeID,InstitutionTypeID2,InstitutionTypeID3,Address,NumOffice,Status,Website,Modified&$filter=InstitutionTypeID%20eq%20'10'&$top=500",https://www.allbank.ph/about-us https://www.lumina.com.ph/news-and-blogs/blogs/what-is-the-thrift-bank-law-in-the-philippines/ https://www.banksphilippines.com/2019/02/thrift-banks-in-the-philippines.html https://www.appsruntheworld.com/customers-database/customers/view/allbank-a-thrift-bank-inc-formerly-optimum-development-bank-inc-philippines https://www.bsp.gov.ph/Lists/Directories/Attachments/6/demand.pdf https://www.allbank.ph/products-services/loans/ https://tribune.net.ph/2026/03/15/allbank-partners-with-manny-pay https://safc.com.ph/allbank-and-safcs-joint-efforts-to-make-payments-easier-and-more-accessible-to-filipinos/
MoneyCat Financing Inc. doing business under the names and styles of MoneyCat.Ph and One Click Money.Ph,lending_company,olp_registered,prospect,Philippines,30,0.75,0.45,0.3,0.8,0.45,0.5,0.25,0.94,Head of Underwriting / Credit Operations,"Country/General Manager or CEO, MoneyCat Philippines","MoneyCat's own underwriting flow still leans on a human agent phone-verifying ID, selfie, and payslip details before every contract is signed, and the company is actively hiring and building out QA/speech-analytics around that same call step, suggesting the manual verification bottleneck is a live, budgeted problem rather than a settled one. The angle worth testing with the Head of Underwriting / Credit Operations is whether Kita's Document Risk Score and AI Underwriter can pre-clear the straightforward PHP 500-20,000 applications (clean ID, matching selfie, verifiable payslip) so the phone-verification team only touches flagged, higher-risk cases. A bounded pilot on a slice of new applications could measure share of applications resolved without an outbound verification call and change in time-to-money, against MoneyCat's own stated KPIs, without disturbing the existing FinScore-based scoring if, as it appears, that partnership is still live at the group level.",SEC list of recorded online lending platforms,SEC,CS201953073,2026-09-14,https://www.sec.gov.ph/lending-companies-and-financing-companies-2/list-of-recorded-online-lending-platforms/,"https://moneycat.ph/ https://finanso.com/ph/moneycat/ https://www.lafingo.com/ph/loans/moneycat/ https://www.glassdoor.com/job-listing/phone-verifier-loan-underwriter-moneycat-financing-inc-JV_KO0,31_KE32,54.htm?jl=1010124257630 https://www.emis.com/php/company-profile/PH/Moneycat_Financing_Inc_en_21695549.html https://ph.jobstreet.com/MoneyCat-Financing-Inc.-jobs https://www.finscore.ph/international-online-lender-moneycat-strikes-partnership-with-fintech-company-finscore-to-serve-filipinos/ https://www.foi.gov.ph/requests/loan-sharks-moneycat-ok-peso-happy-pera/ https://www.foi.gov.ph/requests/is-moneycat-registered-in-sec-and-are-they-considered-loan-shark/ https://milyonaryo.com.ph/borrowers-beware-sec-flags-29-unauthorized-loan-apps-sites-fb-pages-some-using-legit-bank-names/ https://www.glassdoor.com/job-listing/quality-assurance-officer-moneycat-financing-inc-JV_IC4747401_KO0,25_KE26,48.htm?jl=1010092053452"
Hiyas Banking Corporation (A Thrift Bank),thrift_bank,,prospect,"Gov. Fortunato F. Halili Ave., Bagbaguin, Sta. Maria, Bulacan",29,0.72,0.22,0.85,0.9,0.35,0.15,0.3,0.67,Head of Lending/Credit Operations or Branch Lending Officer,Bank President/Director,"Hiyas runs a five-branch, paper-based operation where new business accounts require DTI/SEC registration, Mayor's Permits and BIR documents collected in person, and its SME, agrarian-reform and agribusiness loans appear to be manually reviewed with no visible LOS or decisioning vendor in place. The hypothesis worth testing is narrow: take one branch's SME or agribusiness loan queue and run Kita Capture plus Document Risk Score alongside the existing manual review, scoring only the document-verification step (IDs, permits, registration papers) rather than the full credit decision. Success would be a measurable drop in time spent verifying documents per application and a lower document rejection/rework rate over a small batch of applications, with the Head of Lending or a branch lending officer as the day-to-day judge of whether the AI-Powered Application step earns a place in the real workflow before any conversation about a bank-wide underwriting rollout.",BSP Directory of Banks and Non-Bank Financial Institutions: thrift banks,BSP,57,2026-09-14,"https://www.bsp.gov.ph/_api/web/lists/getbytitle('Institutions')/items?$select=InstitutionID,Title,ShortBankName,InstitutionTypeID,InstitutionTypeID2,InstitutionTypeID3,Address,NumOffice,Status,Website,Modified&$filter=InstitutionTypeID%20eq%20'10'&$top=500",https://www.hiyasbank.com/blank-2 https://www.hiyasbank.com/about-8 https://www.hiyasbank.com/general-7 https://animorepository.dlsu.edu.ph/etd_masteral/3655/ https://www.bsp.gov.ph/Lists/Directories/Attachments/6/demand.pdf https://www.pdic.gov.ph/files/BSDStats/TB%20Bank%20Directory_website.pdf https://ctb.com.ph/members/directory-of-member-banks/
Luzon Development Bank,thrift_bank,,prospect,"LDB Corporate Center, National Highway, Paciano Rizal, Calamba City, Laguna",29,0.4,0.4,0.7,0.95,0.5,0.2,0.35,0.81,Head of Credit / Loans Department Head,President / Chief Operating Officer,"Luzon Development Bank's auto and housing loan flows still run through branch or dealership intake, physical document submission, and manual forwarding to a separate Auto Loans or evaluation unit for verification, which is the exact multi-day, paper-heavy handoff Kita's Document Risk Score and Kita Capture are built to compress. Given no loan origination or decisioning vendor appears anywhere in LDB's public footprint, the hypothesis is that this evaluation step is still done by hand rather than software, making a narrow pilot on one book (likely auto loans, given its higher document volume) a low-risk way to test the idea. The pilot would run Kita Capture and Document Risk Score alongside the existing branch-to-unit workflow for a defined batch of incoming applications, measuring days-to-decision and share of files needing rework or re-submission before and after, without touching the bank's core banking system of record. Success would be a measurable cut in evaluation turnaround and manual document rejections on that one loan line, giving the Head of Credit/Loans a concrete result to bring to the President/COO before any wider rollout is discussed.",BSP Directory of Banks and Non-Bank Financial Institutions: thrift banks,BSP,63,2026-09-14,"https://www.bsp.gov.ph/_api/web/lists/getbytitle('Institutions')/items?$select=InstitutionID,Title,ShortBankName,InstitutionTypeID,InstitutionTypeID2,InstitutionTypeID3,Address,NumOffice,Status,Website,Modified&$filter=InstitutionTypeID%20eq%20'10'&$top=500",http://www.apps.ldb.ph/index.php/faq https://ldb.ph/ https://en.wikipedia.org/wiki/List_of_largest_banks_in_the_Philippines https://www.linkedin.com/company/luzon-development-bank https://ph.jobstreet.com/companies/luzon-development-bank-168558052241762 https://ldb.ph/mobile-terms https://www.bsp.gov.ph/Lists/Directories/Attachments/6/demand.pdf https://tracxn.com/d/companies/luzon-development-bank/__lNqk6s5tthDpwh_N5hByWRlJkSNHE6oqYXlmGueIso0 https://ldb.ph/65years https://ldb.ph/careers https://ctb.com.ph/luzon-development-bank-2/
"Philippine Business Bank, Inc., A Savings Bank",thrift_bank,,prospect,"350 Rizal Ave. Ext. cor. 8th Ave., Grace Park, Caloocan City 1403",29,0.35,0.55,0.55,0.9,0.4,0.35,0.3,0.76,Head of Credit / Chief Credit Officer (SME and Consumer Lending),President & CEO or COO,"Philippine Business Bank's smaller but real consumer book—salary/personal, home and auto loans—looks, on the public record, like the part of the bank still underwritten from document stacks (payslips, IDs, bank statements) rather than the audited-financials and collateral review that drives its larger corporate segment, though no public source confirms current turnaround times or document-rejection rates for that consumer line. Since the bank's core system (Intellect Digital Core, installed 2019) appears to cover transaction processing but no origination or decisioning vendor is named publicly, a bounded pilot could route new salary/personal loan applications through Kita's document capture and risk scoring layer alongside the existing manual process for 60-90 days, with the Head of Credit comparing days-to-decision and share of files needing manual follow-up between the two paths. If the pilot shows a measurable cut in manual touchpoints on this smaller consumer book, it gives the bank's president/COO a low-risk, quantified case before considering any broader use on the corporate side.",BSP Directory of Banks and Non-Bank Financial Institutions: thrift banks,BSP,71,2026-09-14,"https://www.bsp.gov.ph/_api/web/lists/getbytitle('Institutions')/items?$select=InstitutionID,Title,ShortBankName,InstitutionTypeID,InstitutionTypeID2,InstitutionTypeID3,Address,NumOffice,Status,Website,Modified&$filter=InstitutionTypeID%20eq%20'10'&$top=500","https://pitchbook.com/profiles/company/164463-22 https://pbb.com.ph/products-services/loans https://www.firstcircle.ph/blog/philippine-business-bank-guide https://mb.com.ph/2025/11/12/pbb-profit-declines-to-15-billion-on-higher-expenses-economic-headwinds https://business.inquirer.net/284076/pbb-boosts-core-banking-system https://www.intellectdesign.com/media/philippines-business-bank-selects-intellect-digital-core-idc-19-1-to-power-its-digital-transformation/ https://www.pbb.com.ph/Corporate_Profile.htm https://www.bsp.gov.ph/_api/web/lists/getbytitle('Institutions')/items?$select=InstitutionID,Title,ShortBankName,InstitutionTypeID,InstitutionTypeID2,InstitutionTypeID3,Address,NumOffice,Status,Website,Modified&$filter=InstitutionTypeID%20eq%20'10'&$top=500 https://www.cbinsights.com/investor/philippine-business-bank https://en.wikipedia.org/wiki/Philippine_Business_Bank https://ph.jobstreet.com/Philippine-business-bank-jobs"
Masaganang Buhay Finance Philippines Corporation,lending_company,olp_registered,prospect,Philippines,29,0.6,0.45,0.6,0.9,0.3,0.2,0.15,0.73,Head of Credit / Risk Officer,President / CEO of the financing company,"Pesoloan already markets ""approved in seconds"" off a single government ID and employment or business status, which suggests some proprietary scoring exists today, but with no named decisioning vendor and a live borrower complaint about disputed interest and collection practices, it's worth testing whether that speed is coming with weaker fraud and document-risk controls than the volume warrants. The bounded pilot: run Kita's Document Risk Score and AI Underwriter alongside the current flow on a sample of new Pesoloan applications to see whether document-based fraud/misrepresentation catches and share of applications safely auto-decided improve without adding turnaround time. Success would be measured narrowly, e.g., reduction in flagged/disputed loans per 1,000 approvals or a measurable lift in straight-through decisioning rate over a 4-6 week window, with the Head of Credit/Risk as the natural owner to validate results before any broader conversation with the CEO.",SEC list of recorded online lending platforms,SEC,CS201824008,2026-09-14,https://www.sec.gov.ph/lending-companies-and-financing-companies-2/list-of-recorded-online-lending-platforms/,https://finanso.com/ph/pesoloan/ https://www.pesoloan.ph/ https://apps.apple.com/ph/app/pesoloan-quick-cash-loan/id1448866552 https://www.scribd.com/document/791335588/1703890986729815 https://www.foi.gov.ph/requests/masaganang-buhay-finance-philippines-corporation-pesoloan-loan-scam/ https://apps.apple.com/ph/app/pesoloan-quick-cash-loan/id1448866552?see-all=reviews&platform=iphone https://www.dnb.com/business-directory/company-profiles.masaganang_buhay_finance_philippines_corporation.2942a4af75af77b54c9a2415dfa77a00.html
"Dolphin Lending Investor, Inc.",lending_company,olp_registered,prospect,Philippines,28,0.45,0.4,0.6,0.9,0.45,0.25,0.2,0.64,Head of Credit / Risk Operations,CEO / General Manager,"Dolphin Lending already runs PesoGO, MicroLoan and BeeLoan on an ID-plus-selfie flow feeding what public reviews describe as an ""automated assessment,"" with approvals reportedly ranging from 5 minutes to 24 hours - suggesting the pipeline is largely built in-house rather than bought, and that residual variance in that window may come from edge cases (unclear IDs, employment mismatches, fraud flags) kicked out for manual review. The angle for Head of Credit / Risk Operations is to test whether Kita's Document Risk Score and AI Underwriter can compress that remaining tail: run a bounded pilot on a slice of incoming PesoGO or MicroLoan applications, scoring ID/selfie and employment inputs in parallel with the existing automated assessment, and measure whether time-to-decision on that slice tightens toward the 5-minute end and fewer applications fall through to manual handling. Given the public complaint reports of harassment and auto-reloan issues, a secondary hypothesis worth testing in the same pilot is whether a cleaner document-risk signal at intake reduces downstream disputes tied to misjudged borrower risk - though that's a softer metric to confirm alongside the core speed/automation-rate test.",SEC list of recorded online lending platforms,SEC,CS201911897,2026-09-14,https://www.sec.gov.ph/lending-companies-and-financing-companies-2/list-of-recorded-online-lending-platforms/,https://secregisteredloanapp.com/pesogo.html https://legitloanappreview.com/pesogo/ https://play.google.com/store/apps/details?id=com.peso.go.pro.loan&hl=en_US https://www.sec.gov.ph/wp-content/uploads/2020/08/2020_0730ListLCFCApps.pdf https://hcmlnt.edu.vn/pesogo.html https://ploan.ph/register/3037/ https://bworldonline.com/corporate/2025/08/26/693619/sec-issues-cease-and-desist-orders-vs-7-lending-platforms/
Bank One Savings Corporation,thrift_bank,,prospect,"4201 Ramon Magsaysay Blvd., Sta. Mesa, Manila 1016",28,0.55,0.25,0.75,0.9,0.45,0.15,0.35,0.67,Head of Credit / Credit Officer (EVP for Lending Operations),Chairman / President or CEO,"Bank One's site markets it as an SME-focused thrift bank but discloses no requirements list, digital application, or turnaround time, which suggests, though it isn't confirmed, that SME loans are still decided branch-by-branch off paper documents like bank statements, permits and IDs. The hypothesis worth testing with the Head of Credit is whether Kita's Document Risk Score and AI Underwriter can take a slice of incoming SME applications at one or two branches and cut days-to-decision, without changing the bank's existing branch process or requiring a core-system swap. A bounded pilot — say 20-30 SME applications scored alongside the manual process over four weeks — would show whether machine-scored documents match officer decisions and how much time is saved per file, giving the founder-chairman a low-risk, quantifiable basis to judge before any wider commitment.",BSP Directory of Banks and Non-Bank Financial Institutions: thrift banks,BSP,45,2026-09-14,"https://www.bsp.gov.ph/_api/web/lists/getbytitle('Institutions')/items?$select=InstitutionID,Title,ShortBankName,InstitutionTypeID,InstitutionTypeID2,InstitutionTypeID3,Address,NumOffice,Status,Website,Modified&$filter=InstitutionTypeID%20eq%20'10'&$top=500",https://www.bankone.com.ph/ https://ctb.com.ph/members/directory-of-member-banks/ https://ctb.com.ph/bank-one-savings-corporation-2/
"Equicom Savings Bank, Inc.",thrift_bank,,prospect,"6th Floor ODC International Plaza Building, 219 Salcedo Street, Legaspi Village, Makati City",28,0.5,0.3,0.7,0.55,0.45,0.25,0.3,0.88,Head of Consumer Lending / Credit Risk Officer,President / Chief Operating Officer,"Equicom Savings Bank still runs its salary and personal loan lines through branch-submitted paperwork and pre-accreditation packets (GIS, SEC registration, Articles of Incorporation) while its auto loan line already offers an ""instant decision"" off emailed documents, suggesting the bank has appetite for automation but hasn't extended it to its higher-volume salaried-consumer products. The angle for a first conversation is to propose a narrow pilot with the Head of Consumer Lending / Credit Risk Officer: run Kita's Document Risk Score and Kita Capture on a slice of incoming personal or salary loan applications at one or two branches, alongside the existing manual process, to test whether document intake and a preliminary credit decision can be produced in under a day without added fraud risk. Success would be measured narrowly — days-to-decision versus the current branch baseline, and the share of that pilot batch resolved without a manual document chase — before any conversation about replacing the broader origination workflow.",BSP Directory of Banks and Non-Bank Financial Institutions: thrift banks,BSP,55,2026-09-14,"https://www.bsp.gov.ph/_api/web/lists/getbytitle('Institutions')/items?$select=InstitutionID,Title,ShortBankName,InstitutionTypeID,InstitutionTypeID2,InstitutionTypeID3,Address,NumOffice,Status,Website,Modified&$filter=InstitutionTypeID%20eq%20'10'&$top=500",https://www.equicomsavings.com/product-and-services/loan-products/auto-loans/ https://www.equicomsavings.com/product-and-services/loan-products/personal-loans/ https://upfinance.com/company/equicom-savings-bank/ https://www.equicomsavings.com/about-us/ https://tracxn.com/d/companies/equicom-savings-bank/__cHKJ4JguFbTD8D8USZigoRk7-Nc_1xPg-sz8KHxbkYg https://financialit.net/news/payments/equicom-savings-bank-goes-live-fss-secure-3d https://www.equicomsavings.com/financial-consumer-protection-program/ https://www.sec.gov.ph/sec-issuances/other-orders/order-of-revocation/corporations-with-revoked-secondary-registration/ https://www.equicomsavings.com/equicom-advisory/ https://www.linkedin.com/company/equicom-savings-bank https://www.equicomsavings.com/news/
"ISLA Bank (A Thrift Bank), Inc.",thrift_bank,,prospect,"G/F & 2/F Glass Tower, 115 C. Palanca, Jr. St., Legaspi Village 1229 Makati City",28,0.45,0.25,0.75,0.95,0.55,0.15,0.45,0.62,Head of Credit / Chief Risk Officer,"President / CEO (or Chairman, given concentrated ownership)","ISLA Bank's consumer and agricultural loan lines look, from its product listing, like the kind of book that's likely decided branch-by-branch on payslips, IDs, business permits and bank statements rather than bureau data, and with no visible digital application flow or named loan origination system, the underwriting step is probably still manual today. The hypothesis worth testing is narrow: take one loan line (consumer or agricultural) at one branch and run Kita's document capture and risk scoring alongside the current manual review for a fixed batch of incoming applications, measuring days-to-decision and the share of files that clear without a manual touch. Given the bank's small, closely-held structure, the Head of Credit or Chief Risk Officer could likely sponsor this directly with the chairman/CEO, without a long procurement cycle. If the pilot shows a meaningful cut in turnaround or manual handling on that one line, it becomes the basis for a broader rollout case rather than an upfront platform commitment.",BSP Directory of Banks and Non-Bank Financial Institutions: thrift banks,BSP,59,2026-09-14,"https://www.bsp.gov.ph/_api/web/lists/getbytitle('Institutions')/items?$select=InstitutionID,Title,ShortBankName,InstitutionTypeID,InstitutionTypeID2,InstitutionTypeID3,Address,NumOffice,Status,Website,Modified&$filter=InstitutionTypeID%20eq%20'10'&$top=500",https://www.maya.ph/quick-guide/send-money/isla-bank https://www.zoominfo.com/c/isla-bank/347712390 https://play.google.com/store/apps/details?id=net.islabank.mobileapp&hl=en_US https://www.bsp.gov.ph/Lists/Directories/Attachments/6/demand.pdf https://www.pdic.gov.ph/files/BSDStats/TB%20Bank%20Directory_website.pdf https://finanso.com/ph/islabank/ https://www.philstar.com/other-sections/supplements/2024/07/19/2371387/thrift-banks-poised-growth-amid-evolving-opportunities https://ctb.com.ph/members/directory-of-member-banks/
"Queen City Development Bank, Inc. or Queenbank, A Thrift Bank",thrift_bank,,prospect,"Queenbank Financial Center, Sky City Tower, Mapa St., Iloilo City 5000",28,0.5,0.3,0.65,0.9,0.45,0.25,0.35,0.78,Head of Credit / Credit Committee Chair,Bank President / Top Management (family ownership),"Queenbank's salary loans, multi-purpose loans, and car financing look, from the outside, like classic branch-based, document-heavy decisions (payslips, IDs, employer certificates) with no visible online application or published turnaround time, though this is inferred rather than confirmed since the bank hasn't publicized its process. Given the 2018 core banking migration touched booking and payments but apparently stopped short of origination or credit decisioning, there's likely a gap between the bank's back-office digitization and how a loan officer actually decides a salary or multi-purpose loan today. The pilot worth proposing to the Credit Committee is narrow: run Kita's document capture and risk scoring on one branch's salary-loan or car-financing queue for 30-60 days, alongside the existing manual process, and compare days-to-decision and the share of files that clear without a manual document chase. If the numbers hold, that's the basis for a wider conversation with top management about extending it across branches.",BSP Directory of Banks and Non-Bank Financial Institutions: thrift banks,BSP,75,2026-09-14,"https://www.bsp.gov.ph/_api/web/lists/getbytitle('Institutions')/items?$select=InstitutionID,Title,ShortBankName,InstitutionTypeID,InstitutionTypeID2,InstitutionTypeID3,Address,NumOffice,Status,Website,Modified&$filter=InstitutionTypeID%20eq%20'10'&$top=500","https://www.panaynews.net/queenbank-gears-up-for-2026-top-level-management-conference/ http://www.queenbank.com.ph/about.html https://en.wikipedia.org/wiki/List_of_largest_banks_in_the_Philippines https://grokipedia.com/page/queen_city_development_bank https://www.queenbank.com.ph/ https://www.bsp.gov.ph/_api/web/lists/getbytitle('Institutions')/items?$select=InstitutionID,Title,ShortBankName,InstitutionTypeID,InstitutionTypeID2,InstitutionTypeID3,Address,NumOffice,Status,Website,Modified&$filter=InstitutionTypeID%20eq%20'10'&$top=500 https://en.wikipedia.org/wiki/Queen_City_Development_Bank https://ctb.com.ph/queen-city-development-bank-2/ https://www.linkedin.com/company/queen-city-development-bank-inc-"
AstraFund Lending Corp. Doing Business under the names and styles of Surelo and Cashinin (formerly: FLASH CASH 101 LENDING CORP. Doing business under FLASH CASH LENDING),lending_company,olp_registered,prospect,Philippines,28,0.55,0.3,0.65,0.9,0.45,0.35,0.15,0.60,Head of Credit / Underwriting Officer,President / CEO (or company Treasurer where the same small team holds both roles),"AstraFund's SEC-registered online lending platforms (Surelo, Cashinin, and predecessor apps Valley Loan and Lemon Loan) appear, based on their category, to underwrite small unsecured cash loans from a single ID and basic applicant data rather than bureau history—likely a fast but still manually-reviewed approval step, since no current vendor or decisioning stack could be found publicly. The hypothesis worth testing is whether Kita's AI Underwriter and Document Risk Score could compress that manual review into a same-session, sub-60-second decision on a defined slice of incoming Surelo or Cashinin applications, without raising document rejection or downstream default rates. A bounded pilot—routing a fixed batch or time window of new applications through Kita alongside the current process—would let the Head of Credit compare days-to-decision and share of applications cleared without manual touch before any wider commitment. Given this is a small, closely-held lender that has already rebranded its apps once, the pilot is framed as a low-cost way to see if automated underwriting supports that same relaunch push rather than as a proven fit yet.",SEC list of recorded online lending platforms,SEC,CS201915317,2026-09-14,https://www.sec.gov.ph/lending-companies-and-financing-companies-2/list-of-recorded-online-lending-platforms/,https://www.sec.gov.ph/wp-content/uploads/2021/08/2021_0825ListLCFCApps.pdf https://www.sec.gov.ph/wp-content/uploads/2020/08/2020_0730ListLCFCApps.pdf https://www.sec.gov.ph/lending-companies-and-financing-companies-2/list-of-recorded-online-lending-platforms/
"FlexiPeso Lending Inc. doing business under the name/s and style/s of QuickPuhunan, CashSagip, LendWais, LuckyPera, WorthyFund and CashTugon",lending_company,olp_registered,prospect,Philippines,28,0.5,0.35,0.55,0.85,0.4,0.45,0.2,0.40,Head of Credit / Chief Risk Officer,President / CEO or COO,"FlexiPeso runs six branded cash-loan apps (QuickPuhunan, CashSagip, LendWais, LuckyPera, WorthyFund, CashTugon) under one SEC registration, each advertising paperless, round-the-clock approval by ""risk control,"" which suggests an existing automated decision layer whose actual accuracy, speed, and manual-review rate across brands is unverified. The hypothesis worth testing with the Head of Credit / Chief Risk Officer is whether Kita's Document Risk Score and AI Underwriter can hold or improve current approval speed while cutting the share of applications that still fall back to a manual check, on one brand's application flow before touching the other five. A bounded pilot — a few weeks on a single brand's ID/income-document intake, measuring days-to-decision, percentage of applications auto-decided without human review, and document rejection/fraud-flag rate against FlexiPeso's current baseline — would show whether centralizing underwriting across the six brands is worth pursuing, without requiring the company to commit its whole multi-app book upfront.",SEC list of recorded online lending platforms,SEC,2024010133434-09,2026-09-14,https://www.sec.gov.ph/lending-companies-and-financing-companies-2/list-of-recorded-online-lending-platforms/,https://www.flexipeso.com/ https://www.sec.gov.ph/lending-companies-and-financing-companies-2/list-of-recorded-online-lending-platforms/ https://companieshouse.ph/flexipeso-lending-inc-doing-business-under-the-name-s-and-style-s-of-quickpuhunan-cashsagip-lendwais-luckypera-worthyfund-and-cashtugon https://www.sec.gov.ph/sec-issuances/cease-and-desist-orders/
Idirect Finance Company Inc,lending_company,olp_registered,prospect,Philippines,28,0.55,0.35,0.35,0.9,0.55,0.55,0.25,0.87,Head of Credit / Risk Officer,CEO / President,"Idirect Finance already markets its Direct Loan app as decisioning in ""as fast as 1 minute"" off just 1-2 valid IDs and proof of income, but that automated layer likely rests on a third-party alternative-data score (fintech directory signals possible use of Trusting Social) rather than anything Idirect controls itself — and the company is actively expanding its OFW product into new countries (UAE live, Oman/Bahrain/Kuwait ""in preparation""), each adding new document formats, ID types, and fraud surfaces to underwrite against. The angle for Kita is to propose a narrow pilot on Document Risk Score plus AI Underwriter applied specifically to one new OFW corridor (or the cooperative payroll salary-loan line), run in parallel against the incumbent flow, to test whether Kita can hold or improve the 1-minute approval rate while cutting document rejection/fraud-related declines as the borrower pool diversifies. Success would be measured narrowly: share of applications decided without manual review, document rejection rate, and time-to-decision on the pilot corridor versus the existing system, before any conversation about replacing the current scoring vendor.",SEC list of recorded online lending platforms,SEC,2021080023709-02,2026-09-14,https://www.sec.gov.ph/lending-companies-and-financing-companies-2/list-of-recorded-online-lending-platforms/,https://play.google.com/store/apps/details?hl=en_US&id=com.idirect.pd.android https://apps.apple.com/ph/app/direct-loan-loans-for-ofws/id1589565305 https://play.google.com/store/apps/details?id=com.idirect.dl.android&hl=en_US https://fintechnews.ph/fintechs-in-philippines-directory/fintech/direct-loan/ https://fintechalliance.ph/trusting-social-uses-ai-and-telco-data-for-financial-inclusion-in-the-philippines/ https://www.directloan.ph/ https://www.facebook.com/iDirectFinanceCS/ https://ph.jobstreet.com/Idirect-Finance-Company-Inc-jobs https://play.google.com/store/apps/details?id=com.idirect.dl.android.global&hl=en https://play.google.com/store/apps/details?id=com.idirect.dl.android.global&hl=en_GB
LENDORA LENDING CORP. doing business under the names and styles of Lendra and Finplo (formerly Treasure Bowl Fintech Lending Corp.),lending_company,olp_registered,prospect,Philippines,28,0.6,0.3,0.45,0.9,0.55,0.4,0.25,0.54,Head of Credit / Risk Officer,CEO / Founder or COO,"Lendora already markets Lendra and Finplo as running on ""intelligent data-based risk control"" for small-ticket, unsecured loans (₱2,000–₱60,000) approved off government ID and stated income rather than bureau history, which suggests some automated decisioning layer already exists but its accuracy and rejection behavior on thin-file borrowers are unproven. The pilot worth proposing to the Head of Credit/Risk is narrow: run Kita's Document Risk Score and AI Underwriter in parallel with the current in-house flow on a fixed batch of incoming applications, and compare share of applications resolved without manual escalation, document rejection rate, and time-to-decision against Lendora's own baseline. Given the company's history of rebranding consumer apps (Wow Pera, Zippeso, now Lendra/Finplo), it's plausible decisions on product and vendor stack sit with a small executive team, so a bounded, side-by-side test rather than a full swap is the credible ask. Success would be a measurable lift in auto-decisioned volume or a drop in document-related rejections on a defined slice of applications, not a wholesale platform commitment.",SEC list of recorded online lending platforms,SEC,CS201916340,2026-09-14,https://www.sec.gov.ph/lending-companies-and-financing-companies-2/list-of-recorded-online-lending-platforms/,https://play.google.com/store/apps/details?id=com.lendraph.app&hl=en_US https://business.inquirer.net/595200/sec-cracks-down-on-illegal-online-lending-platforms https://ploan.ph/register/3101/ https://www.sec.gov.ph/investors-education-and-information/advisories/
Myloan Lending Investors Inc,lending_company,olp_registered,prospect,Philippines,28,0.55,0.3,0.6,0.55,0.35,0.5,0.2,0.64,Head of Credit Risk / Collections,CEO / President,"Myloan's PesoCash app already promises fast approval on small unsecured cash loans decided from ID, income and mobile/email verification, but the SEC's second collections-abuse fine in February 2026 suggests underwriting quality may be lagging that speed, with risky borrowers slipping through and getting chased aggressively after the fact rather than being screened out at origination. Kita's angle should be a bounded pilot with the Head of Credit Risk / Collections: run its Document Risk Score and AI Underwriter on a sample of incoming PesoCash applications alongside the current process, measuring whether it flags high-default-risk borrowers earlier and reduces the share of loans that later require aggressive collection, without slowing the app's existing turnaround. Success would be a measurable drop in downstream delinquency or collections-flagged accounts on the pilot cohort versus a control group, tested on a small volume before any broader integration is discussed.",SEC list of recorded online lending platforms,SEC,CS201900197,2026-09-14,https://www.sec.gov.ph/lending-companies-and-financing-companies-2/list-of-recorded-online-lending-platforms/,https://play.google.com/store/apps/details?id=com.myloan.pesocash&hl=en_US https://finanso.com/ph/pesocash/ https://www.scribd.com/document/820904412/1e05ffb8a1e154caef77ea7bfc0acd95 https://www.manilatimes.net/2026/02/24/business/top-business/sec-fines-lending-firm-myloan/2283115 https://www.bworldonline.com/corporate/2026/02/24/732268/sec-fines-myloan-over-unfair-collection-tactics/ https://eclips.senate.gov.ph/business/sec-fines-chides-myloan-lending https://www.pesocash.ph/
Nfinit Lending Corporation,lending_company,olp_registered,prospect,Philippines,28,0.7,0.25,0.75,0.9,0.4,0.15,0.15,0.69,Head of Credit / Credit Committee Chair,President / General Manager,"Nfinit's loan flow for its PHP 25,000–300,000 OFW and seafarer loans still runs through an online form, a manual call-back from a marketing officer, and a decision by an internal Credit Committee, with disbursement by check — a process that, if it is as manual as it appears, likely means multi-day turnaround for a genuinely thin-file population (overseas workers with limited domestic bureau or payroll trails). The angle for a first conversation is to propose a narrow pilot on one document set Nfinit already collects from these applicants (likely IDs, contracts, and proof of remittance/income) run through Kita's Document Risk Score and AI Underwriter in parallel with the existing Credit Committee review, purely to compare speed and consistency, not to replace the committee. Success would be measured on a small batch of applications by days-to-decision and share flagged as clean enough to skip a manual document-chase step, giving the Head of Credit/Credit Committee Chair concrete evidence before any wider rollout is discussed with the President/GM.",SEC list of recorded online lending platforms,SEC,CS200809669,2026-09-14,https://www.sec.gov.ph/lending-companies-and-financing-companies-2/list-of-recorded-online-lending-platforms/,https://cashloanph.com/nfinitph/ https://www.nfinit.com.ph/faq https://www.nfinit.com.ph/business-details https://www.sec.gov.ph/wp-content/uploads/2023/07/2023Notices_2023-07-06-%20Order%20to%20Register%20with%20CIC%20version.pdf https://bworldonline.com/corporate/2025/08/26/693619/sec-issues-cease-and-desist-orders-vs-7-lending-platforms/ https://www.nfinit.com.ph/index.php/who-we-are https://www.facebook.com/NfinitSeafarerLoan/
Bataan Development Bank,thrift_bank,,prospect,"3 Aguirre St., Poblacion, Balanga, 2100 Bataan",27,0.65,0.25,0.75,0.9,0.35,0.15,0.2,0.15,Head of Loan Operations / Credit Department,Bank President / General Manager,"Bataan Development Bank's own marketing promises loan decisions within 5 to 15 banking days ""upon completion of requirements,"" which is a strong public signal of a manual, document-driven underwriting process typical of a small provincial thrift bank with no visible loan origination system or digital application channel. The angle for a first conversation is to propose a narrow pilot with the Head of Loan Operations or Credit Department: run Kita's Document Risk Score and AI Underwriter alongside the existing manual review on a single loan product (likely consumer or SME salary loans, if that is indeed the bulk of the book) for a fixed batch of incoming applications, comparing days-to-decision and share of files resolved without manual escalation against the bank's current 5-15 day baseline. If, as the signals suggest, there is no competing decisioning vendor already installed, this would be a low-risk way to test whether AI-assisted document review can compress turnaround without asking the bank to change its rate structure, branch process, or underwriting policy up front.",BSP Directory of Banks and Non-Bank Financial Institutions: thrift banks,BSP,46,2026-09-14,"https://www.bsp.gov.ph/_api/web/lists/getbytitle('Institutions')/items?$select=InstitutionID,Title,ShortBankName,InstitutionTypeID,InstitutionTypeID2,InstitutionTypeID3,Address,NumOffice,Status,Website,Modified&$filter=InstitutionTypeID%20eq%20'10'&$top=500",https://www.facebook.com/p/Bataan-Development-Bank-100054382275816/ https://www.waze.com/live-map/directions/bataan-development-bank-abucay?to=place.w.78971027.789972416.10394411 https://www.balanga.com.ph/business-directory/bataan-development-bank https://bsp.gov.ph/PaymentAndSettlement/PhilPaSSParticipants.pdf?090122= https://www.philstar.com/tags/bataan-development-bank
Century Savings Bank Corporation,thrift_bank,,prospect,"232 Shaw Blvd. cor. Oranbo Drive, 1603 Pasig City",27,0.55,0.25,0.8,0.9,0.4,0.2,0.25,0.71,Head of Loans / Credit Officer,President / CEO,"Century Savings Bank runs its SME Business Loan and payroll-deduction Company Salary Loan through eight branches, each with its own separate loans contact, which suggests document intake and credit decisions are still handled locally and manually rather than through a shared underwriting system. Kita's angle should be a narrow pilot on the Company Salary Loan line, since payslip- and employer-based lending is the most document-standardized product in the book: run Kita Capture and the AI Underwriter alongside the existing branch process for one or two branches (e.g., Makati and Dasmariñas) on new salary loan applications for 60-90 days, testing whether document capture and risk scoring can cut days-to-decision and reduce the share of files requiring manual follow-up, without disturbing the SME or mortgage lines. If, as it appears from the branch-level contact structure, there's no installed LOS or decisioning vendor, this would be a low-risk way to show the credit officer a measurable before/after on turnaround and rejection rate before any wider conversation with the president.",BSP Directory of Banks and Non-Bank Financial Institutions: thrift banks,BSP,49,2026-09-14,"https://www.bsp.gov.ph/_api/web/lists/getbytitle('Institutions')/items?$select=InstitutionID,Title,ShortBankName,InstitutionTypeID,InstitutionTypeID2,InstitutionTypeID3,Address,NumOffice,Status,Website,Modified&$filter=InstitutionTypeID%20eq%20'10'&$top=500",https://centurysavingsbank.com.ph/business-banking/ https://centurysavingsbank.com.ph/about-us/ https://centurysavingsbank.com.ph/ https://centurysavingsbank.com.ph/contact-us/ https://www.bsp.gov.ph/Lists/Directories/Attachments/5/fcdu.pdf https://www.businesslist.ph/company/219967/century-savings-bank-corporation https://ph.jobstreet.com/century-savings-bank-corporation-jobs
Producers Savings Bank Corporation,thrift_bank,,prospect,"17F AIC Burgundy Empire Tower, ADB Avenue corner Sapphire St., Ortigas Center, 1605 Pasig City",27,0.55,0.65,0.15,0.95,0.35,0.75,0.5,1.00,Chief Credit Officer / Head of Credit Risk,Vice-Chairman & CEO or President & COO,"Producers Bank's teacher salary loans and SME/agri lending run on document-heavy, branch-based processing, and the bank just committed to Infosys Finacle for core banking and loan origination specifically to cut turnaround times and scale volume — which means the near-term window is to sit alongside that build, not compete with it. The angle for Kita is to propose a narrow pilot on one document-driven segment, likely teacher payroll salary loans or SME loans given their described reliance on payslips, IDs and business permits, using Kita Capture and Document Risk Score to pre-screen and risk-score incoming documents ahead of or feeding into the new Finacle origination flow. Success would be measured narrowly: days-to-decision and document rejection/re-submission rate on that segment's applications over a fixed pilot window, compared to the branch's current manual review baseline, before any conversation about broader underwriting-decision integration.",BSP Directory of Banks and Non-Bank Financial Institutions: thrift banks,BSP,74,2026-09-14,"https://www.bsp.gov.ph/_api/web/lists/getbytitle('Institutions')/items?$select=InstitutionID,Title,ShortBankName,InstitutionTypeID,InstitutionTypeID2,InstitutionTypeID3,Address,NumOffice,Status,Website,Modified&$filter=InstitutionTypeID%20eq%20'10'&$top=500",https://www.producersbank.com.ph/loans/ https://www.producersbank.com.ph/ https://getkoala.com/companies/producersbank.com.ph https://www.producersbank.com.ph/about-us/ https://www.infosys.com/newsroom/press-releases/2026/finacle-power-digital-transformation-bank.html https://www.retailbankerinternational.com/news/producers-bank-infosys-finacle/ https://www.whalesbook.com/corporate-news/English/tech/Infosys-Finacle-Partners-Producers-Bank-for-Philippine-Digital-Overhaul/69c3745a49d6b264f25a1a60 https://www.producersbank.com.ph/most-outstanding-bsp-stakeholder-for-2026/
New Cross Credit And Financing Gate Ph Inc.,lending_company,olp_registered,prospect,Philippines,27,0.45,0.75,0.2,0.9,0.35,0.35,0.65,1.00,Head of Credit Risk / Portfolio & Credit Risk Management,Chief Risk Officer or CEO of SAVii (now under GoTyme Bank/Tyme Group ownership),"SAVii already decides most salary loans off company ID, government ID and two payslips, but it's also building its own credit algorithms and portfolio-risk tracking in-house (FPD, DPD30+/90+), which suggests the payslip/ID review step itself, not the scoring logic, may still be a manual bottleneck worth testing. The angle for Kita is a bounded pilot on Document Risk Score and Kita Capture applied only to the payslip/ID intake step for one partner-corporation cohort, run alongside SAVii's existing model rather than replacing it, to see whether automated document extraction and risk flagging cuts manual review time or document rejection/re-submission rates without touching the proprietary underwriting logic. Success would be measured narrowly: days-to-decision and share of applications cleared without manual document handling for that cohort, giving the credit risk team (and, post-acquisition, GoTyme's centralized risk function) hard evidence before any broader integration conversation.",SEC list of recorded online lending platforms,SEC,CS201628816,2026-09-14,https://www.sec.gov.ph/lending-companies-and-financing-companies-2/list-of-recorded-online-lending-platforms/,https://play.google.com/store/apps/details?id=io.savii.android&hl=en https://jobs.lever.co/savii-2/ea045a25-99f5-4605-b710-906491b0b8f9 https://jobs.lever.co/savii-2/fd56960d-e58d-4b5f-9f38-6653e57041b8 https://www.fintechfutures.com/fintech-lending/digital-challenger-gotyme-bank-acquires-salary-lender-fintech-savii https://www.gotyme.com.ph/news/gotyme-bank-shareholders-acquire-savii https://savii.io/ph/about-us https://www.sec.gov.ph/wp-content/uploads/2021/12/2021_1129ListLCFCApps.pdf https://bworldonline.com/banking-finance/2024/05/08/593388/gotyme-bank-acquires-salary-lender-savii/ https://www.jgsummit.com.ph/impact/gotyme-bank-shareholders-acquire-savii-to-rev-up-product-expansion-20240509 https://fintechalliance.ph/Member/liam-grealish/ https://savii.io/ph/news/leading-fintech-savii-acquired-by-gotyme-bank-shareholders
Quark Financing Corp.,lending_company,olp_registered,prospect,Philippines,27,0.55,0.3,0.65,0.85,0.45,0.2,0.2,0.57,Head of Credit / Chief Risk Officer,President / CEO of Quark Financing Corp.,"Quark Financing Corp. runs Madali Loan on a thin, ID-plus-selfie application flow for ₱3,000–₱20,000 consumer loans, and one third-party source claims an in-house ""big data"" scoring approach, but nothing on Quark's own channels names an installed decisioning or document-verification vendor. That gap is worth testing directly with the Head of Credit: if identity documents and verification photos are still reviewed manually before approval, a bounded pilot could route a sample of new applications through Kita's Document Risk Score and AI Underwriter to see whether they cut days-to-decision or lift the share of applications cleared without a manual touch, without disturbing the existing app or repayment flow. Given Quark's small, single-product footprint, success would be measured narrowly — turnaround time and manual-review rate on a defined batch of applications — before any broader claim about underwriting quality or default impact.",SEC list of recorded online lending platforms,SEC,CS20200000916,2026-09-14,https://www.sec.gov.ph/lending-companies-and-financing-companies-2/list-of-recorded-online-lending-platforms/,https://appadvice.com/app/madali/1542176840 https://cashloanph.com/madaliloanph/ https://onlineloansphilippines.com/loans/madali-loan/ https://advanceloans.ph/madali-loan/ https://www.sec.gov.ph/lending-companies-and-financing-companies-2/list-of-recorded-online-lending-platforms/ https://www.foi.gov.ph/requests/quark-financing-corporation/ https://bworldonline.com/corporate/2025/08/26/693619/sec-issues-cease-and-desist-orders-vs-7-lending-platforms/ https://bestloanapp.pro/madalicredit/
E-Generation Lending Corporation Operating Under The Name Of Pesopay Lending;Cash-Here Lending;Snappy Cash Lending;Mywallet Lending;Mr. Cash Lending;Pesobox Lending;Loanup Lending;,lending_company,olp_registered,prospect,Philippines,26,0.55,0.4,0.45,0.75,0.35,0.2,0.2,0.53,Loans Operations Manager / Head of Credit,President / Compliance Officer,"Across Mr. Cash, Pesopay, Cash-Here, Snappy Cash, Mywallet, Pesobox and Loanup, E-Generation is running one Certificate of Authority through seven near-identical apps that all approve small unsecured cash loans off a single ID plus a selfie, which suggests decisions today are likely made by shared rules-based checks rather than a document-underwriting layer, and that fraud and duplicate-identity risk across the seven brands may be harder to catch than the ""5-minute"" marketing implies. The worth-testing hypothesis is narrow: route the ID-plus-selfie intake from one of the seven apps through Kita Capture and Document Risk Score for 30-60 days, alongside the existing flow, and see whether it flags fraud or inconsistency the current process misses and whether it can hold or shorten current approval speed without adding manual review. Success would be a measurable reduction in document/identity-related rejections or fraud flags on that single app's volume, with time-to-decision unchanged or better, before any conversation about extending it to the other six brands. The Loans Operations Manager or Head of Credit is the right first conversation, since they would see this fraud and turnaround pain directly across the shared back end.",SEC list of recorded online lending platforms,SEC,2021070020530-12,2026-09-14,https://www.sec.gov.ph/lending-companies-and-financing-companies-2/list-of-recorded-online-lending-platforms/,https://play.google.com/store/apps/details?id=com.mr.Inclusive&hl=en https://cashloanph.com/mrcashloanph/ https://www.sec.gov.ph/lending-companies-and-financing-companies-2/list-of-recorded-online-lending-platforms/ https://www.sec.gov.ph/wp-content/uploads/2023/07/2023Notices_2023-07-06-%20Order%20to%20Register%20with%20CIC%20version.pdf https://loanappreview.com/mr-cash-review/ https://hcmlnt.edu.vn/mr-cash.html https://www.mocasa.com/blog/how-to-contact-mr-cash-loan-app-customer-service/ https://loanappreviewphilippines.com/mr-cash-review/ https://www.scribd.com/document/795873789/2024List-COMPLAINTS-HANDLING-MECHANISM-update
Fidoph Lending Corporation,lending_company,olp_registered,prospect,Philippines,26,0.45,0.3,0.7,0.85,0.35,0.25,0.2,0.62,Head of Credit / Risk Officer,CEO / President of Fidoph Lending Corporation,"Fido's app already approves small unsecured cash loans in minutes off just a government ID, bank account and self-declared income, which suggests the credit decision is running on thin, largely unverified inputs rather than genuine document review — a setup where fraud losses and bad-approval risk likely hide behind the fast turnaround rather than being solved by it. The hypothesis worth testing is narrow: run Kita's Document Risk Score and AI Underwriter alongside Fido's current flow on a slice of new applications to see whether ID and income-document verification catches fraud or misstatement the existing process misses, without slowing down the advertised approval time. Success would be a measurable drop in downstream delinquency or manual override rate on that cohort within 30-60 days, reviewed with the Head of Credit/Risk Officer who owns that approval logic today. This stays deliberately small and reversible given the company's lean, single-product structure and the lack of any visible existing decisioning vendor to displace.",SEC list of recorded online lending platforms,SEC,CS201825101,2026-09-14,https://www.sec.gov.ph/lending-companies-and-financing-companies-2/list-of-recorded-online-lending-platforms/,"https://play.google.com/store/apps/details?id=ph.fido.fidoph&hl=en_US https://apps.apple.com/ph/app/fidoph-philippines-cash-loan/id6744317169 https://fido.ph/ https://loanappreviewphilippines.com/fido-review/ https://ploan.ph/register/2832/ https://tribune.net.ph/2026/02/25/sec-flags-illegal-lending-sites https://www.glassdoor.com/job-listing/legal-officer-%E2%80%93-collection-fidoph-lending-corp-JV_IC4778930_KO0,26_KE27,46.htm?jl=1009920089842 https://www.glassdoor.com/job-listing/hr-and-admin-fidoph-lending-corp-JV_IC2340354_KO0,12_KE13,32.htm?jl=1009964342578 https://fintechalliance.ph/about-us/"
Finance Technologies Inc. Doing Business Under The Name Of Pitacash,lending_company,olp_registered,prospect,Philippines,26,0.55,0.4,0.3,0.85,0.45,0.5,0.25,0.92,Head of Risk / Credit Risk Officer,CEO / General Manager of Finance Technologies Inc.,"PitaCash already underwrites its ₱1,000–₱25,000 loans in 10 minutes to 3 hours using JuicyScore's behavioral/fraud rules and scorecard layered on top of ID and business-permit documents, so the open question isn't whether PitaCash can move fast but whether its document intake and risk-scoring stack can hold approval quality and fraud losses steady as volume grows. A bounded pilot would route a slice of incoming applications through Kita's Document Risk Score and AI Underwriter alongside the existing JuicyScore-based flow, comparing document rejection rates, fraud flags, and share of applications resolved without manual review on matched cohorts over a few weeks. If, as the signals suggest, the current setup is more automated than the wedge's typical ""manual, multi-day"" target, the test is narrower: not replacing a slow process but proving Kita's document layer catches more risk or resolves ambiguous cases faster than the current third-party scorecard, giving the Head of Risk a concrete before/after on decision speed and default-relevant signal quality to bring to the CEO.",SEC list of recorded online lending platforms,SEC,CS201902369,2026-09-14,https://www.sec.gov.ph/lending-companies-and-financing-companies-2/list-of-recorded-online-lending-platforms/,https://fastloans.ph/pitacash/ https://advanceloans.ph/pitacash/ https://www.credilemon.com/ph/banco/pitacash https://juicyscore.ai/en/case-studies/risk-control-without-heavy-lifting-pita-cash-use-case-in-sea https://www.crunchbase.com/organization/pitacash https://www.facebook.com/pitacash/ https://www.sec.gov.ph/lending-companies-and-financing-companies-2/list-of-recorded-online-lending-platforms/ https://finanso.com/ph/pitacash/ https://www.linkedin.com/company/finance-technologies-incorporation
Magician Of Money Lending Corp.,lending_company,olp_registered,prospect,Philippines,26,0.45,0.5,0.5,0.85,0.3,0.25,0.15,0.67,Head of Credit Risk / Underwriting for the PeraMoo lending platform,General Manager / Managing Director of Magician of Money Lending Corp.,"PeraMoo's public flow already looks near-instant, gated mainly on phone verification, a government ID, and an in-app ""credit score test,"" which suggests Magician of Money Lending Corp has built its own lightweight scoring logic rather than a manual, document-heavy process—so the open question is how much of that ID and income-proof review is still a manual or semi-automated fallback behind the scenes, and where it fails or stalls on thin-file borrowers. The bounded test worth proposing: run Kita's Document Risk Score and AI Underwriter in shadow mode against a sample of recent PeraMoo applications (ID plus any income or bank-statement uploads) to see whether an independent, document-grounded decision would have changed approval outcomes, cut manual review touches, or shortened time-to-decision versus their current in-app scoring. Success would be a measurable lift in same-day auto-decisioned applications or a lower downstream default/complaint rate on the subset Kita would have approved differently, without touching the live approval flow. This keeps the pilot cheap and reversible while directly testing whether Kita's document-to-decision layer adds signal beyond PeraMoo's existing homegrown credit-score step.",SEC list of recorded online lending platforms,SEC,CS201918391,2026-09-14,https://www.sec.gov.ph/lending-companies-and-financing-companies-2/list-of-recorded-online-lending-platforms/,https://apps.apple.com/ph/app/peramoo-mabilis-cash-loan/id6755517916 https://hcmlnt.edu.vn/peramoo-loan.html https://magicianphilippine.com/ https://ploan.ph/register/3157/ https://loanphi.com/app/peramoo/ https://www.foi.gov.ph/agencies/sec/ https://bossjob.ph/en-us/company/magician-of-money-lending-corp
Makiling Development Bank Corporation,thrift_bank,,prospect,"Gate 1, YTMI Realty SEZ, Brgy. Makiling, Calamba City, 4027 Laguna",25,0.5,0.2,0.75,0.9,0.5,0.15,0.35,0.58,Head of Credit / Loan Officer,Bank President,"Banco Makiling sits on BSP's microfinance-operations list but its own site still describes collateral-backed SME, agricultural and housing loans with no visible online application flow, suggesting a branch-based, document-heavy process for at least a slice of its book, likely small-ticket loans decided on bank statements, IDs and permits rather than bureau history. With no LOS or decisioning vendor evident from its technographic footprint, the hypothesis worth testing is narrow: take one loan segment (say, small-ticket SME or microfinance renewals) and run Kita's Document Risk Score and AI Underwriter alongside the branch's existing manual review for a fixed batch of applications, measuring days-to-decision and the share resolved without a manual document-chasing step against the current baseline. A short pilot scoped to the Head of Credit's desk, with the Bank President as budget owner, would tell both sides whether faster document-based decisioning actually moves turnaround at this bank's scale before any broader commitment.",BSP Directory of Banks and Non-Bank Financial Institutions: thrift banks,BSP,85,2026-09-14,"https://www.bsp.gov.ph/_api/web/lists/getbytitle('Institutions')/items?$select=InstitutionID,Title,ShortBankName,InstitutionTypeID,InstitutionTypeID2,InstitutionTypeID3,Address,NumOffice,Status,Website,Modified&$filter=InstitutionTypeID%20eq%20'10'&$top=500",https://www.bsp.gov.ph/Lists/Directories/Attachments/22/Banks-with-Microfinance-Operations.pdf https://bancomakiling.com/ https://www.zoominfo.com/c/mt-makiling-rural-bank---head-office/463643455 https://www.bsp.gov.ph/Lists/Directories/Attachments/6/demand.pdf https://www.digest.ph/corporate/conversion-upgrade-of-the-license-of-mount-makiling-rural-bank-inc-to-operate-from-a-rural-bank-into-a-thrift-development-bank-under-the-corporate-name-makiling-development-bank https://ctb.com.ph/makiling-development-bank-corporation/
Pampanga Development Bank,thrift_bank,,prospect,"McArthur Highway, Dolores, San Fernando City, 2000 Pampanga",25,0.55,0.2,0.75,0.9,0.35,0.15,0.4,0.71,Head of Credit / Loans Department Officer,President / Chief Operating Officer,"Pampanga Development Bank's presence on BSP's microfinance-operations list, paired with a four-branch footprint and no visible online application or requirements page, suggests its microfinance and small-business loans are still decided branch-by-branch on paper documents—IDs, payslips, business permits—with no loan origination or decisioning vendor evident anywhere in its digital footprint. The hypothesis worth testing is narrow: route one branch's microfinance/SME application volume through Kita's Document Risk Score and AI Underwriter to see whether document-based decisions can be reached faster and with fewer manual touches than the current process, without asking the bank to change its core process elsewhere. A bounded pilot—one branch, a fixed number of applications over 4-6 weeks—could be judged on days-to-decision and the share of files that clear without a manual review step, giving the Head of Credit/Loans Officer a concrete before/after number to bring to the President/COO.",BSP Directory of Banks and Non-Bank Financial Institutions: thrift banks,BSP,69,2026-09-14,"https://www.bsp.gov.ph/_api/web/lists/getbytitle('Institutions')/items?$select=InstitutionID,Title,ShortBankName,InstitutionTypeID,InstitutionTypeID2,InstitutionTypeID3,Address,NumOffice,Status,Website,Modified&$filter=InstitutionTypeID%20eq%20'10'&$top=500",https://www.bsp.gov.ph/Lists/Directories/Attachments/22/Banks-with-Microfinance-Operations.pdf https://pampangadevbank.ph/ https://www.banksphilippines.com/2019/02/thrift-banks-in-the-philippines.html https://www.facebook.com/pamdbofficial/ https://ctb.com.ph/pampanga-development-bank-2/
"University Savings Bank, Inc.",thrift_bank,,prospect,"3rd Floor Corporate Building, UPHSL Compound, Sto. Niño, Biñan, Laguna",25,0.55,0.25,0.75,0.9,0.35,0.15,0.2,0.71,Head of Lending / Consumer and SME Loans,Bank President / CEO,"University Savings Bank's SME/business loan line looks, from its public site, like a manual, document-heavy process with no self-serve online application — likely built on branch collection of bank statements, IDs and business permits rather than bureau data, though the bank doesn't publish a requirements list or turnaround time to confirm this. The bounded test worth proposing to the Head of Lending is narrow: run Kita's Document Risk Score and AI Underwriter on a small batch of recent SME loan files (say 20-30 applications) alongside the current manual process, and compare days-to-decision and share of files needing no manual follow-up. If, as it appears, most delay sits in document intake and verification rather than committee review, this pilot would isolate whether automated capture and scoring meaningfully cuts turnaround before either side commits to anything larger.",BSP Directory of Banks and Non-Bank Financial Institutions: thrift banks,BSP,80,2026-09-14,"https://www.bsp.gov.ph/_api/web/lists/getbytitle('Institutions')/items?$select=InstitutionID,Title,ShortBankName,InstitutionTypeID,InstitutionTypeID2,InstitutionTypeID3,Address,NumOffice,Status,Website,Modified&$filter=InstitutionTypeID%20eq%20'10'&$top=500",https://usbi.com.ph/product-and-service/salary-loan/ https://usbi.com.ph/products-and-services-type/loan/ https://www.ceicdata.com/en/philippines/published-balance-sheet/thrift-bank-total-assets-university-savings-bank-inc https://en.wikipedia.org/wiki/List_of_largest_banks_in_the_Philippines https://ph.indeed.com/cmp/University-Savings-Bank https://usbi.com.ph/ https://www.linkedin.com/posts/rosellecastillo_university-savings-bank-inc-is-hiring-activity-7098222993083953152-vZLa https://www.jobstreet.com.ph/en/companies/495031-university-savings-bank https://usbi.com.ph/about-us/ https://www.facebook.com/p/University-Savings-Bank-100068852286834/
"AETHERIUM LENDING, INC. doing business under the name of BilisCash, PesoKey, SurePeso (formerly Codeblock Lending Inc.)",lending_company,olp_registered,prospect,Philippines,25,0.5,0.25,0.65,0.85,0.5,0.2,0.2,0.42,Head of Credit / Risk Operations,Founder / CEO or Managing Director,"Aetherium Lending runs three consumer peso-loan apps—BilisCash, PesoKey, SurePeso—that, like other apps in this template category, likely underwrite small unsecured loans from a government ID and stated income rather than bureau history, but the public listings don't disclose whether ID and fraud checks are still routed through manual review or a real decisioning layer. Given the SEC certificate is active and clean, the hypothesis worth testing with the Head of Credit/Risk Operations is narrow: run Kita's Document Risk Score and AI Underwriter against a sample of recent SurePeso applications to see whether ID and income documents can be scored and a decision reached without manual touch, benchmarked against current turnaround time and document rejection rate. A bounded pilot on one brand's application flow would surface whether this is genuinely a manual bottleneck worth fixing across all three brands, or whether the flow is already automated enough that the gain is marginal.",SEC list of recorded online lending platforms,SEC,CS201913681,2026-09-14,https://www.sec.gov.ph/lending-companies-and-financing-companies-2/list-of-recorded-online-lending-platforms/,https://play.google.com/store/apps/details?id=com.surepeso.app http://www.amlc.gov.ph/images/PDFs/Main/LIST%20OF%20SEC%20SUPERVISED%20ENTITIES%20REGISTERED%20WITH%20AMLC%20AS%20OF%2031%20MARCH%202023.pdf https://www.sec.gov.ph/lending-companies-and-financing-companies-2/press-release/ https://business.inquirer.net/599350/sec-lifts-moratorium-on-online-lending-firms
First Circle Growth Finance Corp,lending_company,olp_registered,prospect,Philippines,25,0.4,0.65,0.15,0.9,0.45,0.75,0.45,0.89,Head of Credit Underwriting / Risk Operations,CEO / Chief Risk Officer,"First Circle already markets a 2-business-day credit line decision and positions its proprietary risk models as a moat, so the opening isn't ""you're slow,"" it's ""where in that 2-day window is a human still touching bank statements, IDs, or business permits, and can that step shrink further."" Given live hiring for Risk Operations Analyst and Credit Underwriter roles alongside new product lines (Amortizing Loans, Solar Financing, Payroll), it's plausible the underwriting team is stretching its manual review capacity to cover more products rather than having fully automated document intake. The bounded pilot to propose: run Kita's Document Risk Score and AI Underwriter in shadow mode on a slice of incoming SME applications for one of the newer product lines, comparing time-to-decision and manual-review rate against First Circle's current process without touching the live credit line flow. Success would be a measurable cut in manual document handling or decision time on that slice, tested as a hypothesis rather than assumed, given how central First Circle's in-house risk engine is to its own positioning.",SEC list of recorded online lending platforms,SEC,CS201605477,2026-09-14,https://www.sec.gov.ph/lending-companies-and-financing-companies-2/list-of-recorded-online-lending-platforms/,https://business.inquirer.net/310210/sme-lender-lands-on-inclusive-fintech-50-first-circle https://www.firstcircle.ph/contact-us https://fintechnews.ph/63014/funding/first-circle-7-million-ifc-funding/ https://www.triodos-im.com/articles/2025/investment-financial-inclusion-first-circle-growth-finance https://ph.indeed.com/First-Circle-jobs https://finanso.com/ph/firstcircle/ https://startupintros.com/orgs/first-circle https://leadiq.com/c/first-circle/5a1d9d442300005b008d1e72 https://www.sec.gov.ph/lending-companies-and-financing-companies-2/list-of-recorded-online-lending-platforms/ https://www.firstcircle.ph/ https://builtin.com/company/first-circle
Ifun Lending Corp. Doing Business Under The Name And Style Of “Madaloan”,lending_company,olp_registered,prospect,Philippines,25,0.6,0.35,0.4,0.9,0.45,0.2,0.25,0.43,Head of Credit / Chief Risk Officer,President / CEO of Ifun Lending Corp.,"Madaloan already runs a fully mobile, app-based application on a thin-file consumer base (ID plus proof of income, no collateral or guarantor), and its own privacy policy suggests it has some homegrown automated credit and fraud checks in place already — which raises the question of how much of that decisioning is actually consistent and fast versus a patchwork of manual review layered on top. The bounded pilot worth proposing to the Head of Credit / Chief Risk Officer is a side-by-side run of Kita's Document Risk Score and AI Underwriter against a sample of recent applications, testing whether it can match or beat Madaloan's current same-day-to-one-day turnaround while lifting the share of applications resolved without manual intervention. Given this is likely a small, single-product lending company where the CEO holds the budget call, the ask should be scoped narrowly: a fixed batch of applications, a fixed time window, and a clear before/after read on days-to-decision and document rejection rate, not a platform commitment.",SEC list of recorded online lending platforms,SEC,2021090025243-01,2026-09-14,https://www.sec.gov.ph/lending-companies-and-financing-companies-2/list-of-recorded-online-lending-platforms/,https://play.google.com/store/apps/details?id=com.urpxf.mdsig&hl=es&gl=US https://loanz.ph/madaloan https://madaloan-easy-lend-pera-peso.en.download.it/android https://madaloan.com/app/madaloan/PrivacyPolicy.html https://madaloan-easy-lend-pera-peso.en.softonic.com/android http://www.amlc.gov.ph/images/PDFs/Main/SEC31Jan25.pdf https://www.foi.gov.ph/requests/registered-and-legally-running-online-lending-companies/ https://madaloan.updatestar.com/en https://retailasiaonline.com/madaloan.html
"Leaflending Inc. doing business under the name/s and style/s of CredoPera, Loanova and OnePeso",lending_company,olp_registered,prospect,Philippines,25,0.5,0.25,0.7,0.85,0.45,0.2,0.2,0.33,Head of Credit / Underwriting Manager,CEO / President of the lending company,"Leaflending's presence on the SEC's recorded online lending platform list is the firmest fact available; everything about how CredoPera, Loanova and OnePeso actually decide loans is inferred from the pattern typical of similar SEC-registered OLP operators, which is small-ticket unsecured cash lending underwritten from a single ID and basic e-wallet or income data rather than bureau history. If, as it appears, that document-light, thin-file pattern holds here too, the pilot worth proposing to the Head of Credit/Underwriting Manager is narrow: route one brand's new applications through Kita Capture and the Document Risk Score for 30-60 days, alongside the existing manual review, and compare days-to-decision and the share of applications clearable without a manual document check. Given no named LOS or decisioning vendor turned up for this entity, the working hypothesis is a largely homegrown or manual stack, so success would be a measurable cut in manual touch-time on one brand's queue before any conversation about the CEO/President committing budget across all three brands.",SEC list of recorded online lending platforms,SEC,CS2024120181312-01,2026-09-14,https://www.sec.gov.ph/lending-companies-and-financing-companies-2/list-of-recorded-online-lending-platforms/,https://www.sec.gov.ph/lending-companies-and-financing-companies-2/list-of-recorded-online-lending-platforms/ https://www.sec.gov/Archives/edgar/data/1855612/000095017024037611/ck0001855612-20231231.htm
Perajet Lending Corporation,lending_company,olp_registered,prospect,Philippines,25,0.55,0.2,0.7,0.9,0.4,0.3,0.2,0.53,Head of Lending Operations / Credit Officer,Chief Executive Officer,"PeraJet already approves small unsecured cash loans off just a valid ID and basic personal information in as little as two minutes to 24 hours, which suggests a lean, likely rules-based ID check rather than a document-heavy manual process today — the opposite of the bank-statement-driven MSME book Kita usually displaces. Given that, the angle worth testing with the credit officer isn't speed (they're already fast) but consistency and fraud risk at that speed: a bounded pilot could run Kita's Document Risk Score and AI Underwriter alongside PeraJet's current ID-based approval flow on a slice of new applications to see whether it catches fraudulent or duplicate IDs and reduces downstream default without adding friction to the 24-hour turnaround. Success would be measured narrowly — change in document/ID rejection or fraud-flag rate and any shift in approval-to-decision time — before any conversation about wider platform replacement, since this is a two-person operation where the CEO likely controls any tooling spend directly.",SEC list of recorded online lending platforms,SEC,CS201629480,2026-09-14,https://www.sec.gov.ph/lending-companies-and-financing-companies-2/list-of-recorded-online-lending-platforms/,https://www.coolfinance.ph/loan/perajet https://www.zoominfo.com/c/perajet-lending-corp/546954460 https://advanceloans.ph/perajet/ https://finanso.com/ph/perajet/ https://rocketreach.co/perajet-lending-corporation-profile_b45bccb4fc5e4c36 https://perajet.ph/contact/ https://upfinance.com/company/perajet/ https://www.sec.gov.ph/lending-companies-and-financing-companies-2/press-release/ https://business.inquirer.net/599350/sec-lifts-moratorium-on-online-lending-firms https://www.zoominfo.com/p/Adrian-Babij/2882148966
"Overseas Filipino Bank, Inc., A Digital Bank of LANDBANK",digital_bank,,prospect,"Palacio del Gobernador Building, corner of Andres Soriano and General Luna Streets, Intramuros, Manila, Philippines",24,0.4,0.3,0.6,0.9,0.25,0.4,0.25,0.94,Head of Lending/Credit Operations at OFBank,President & CEO of OFBank (in coordination with LANDBANK executive sponsors),"OFBank is still pre-launch on its own native lending product, currently routing OFW borrowers to parent LANDBANK's branch-based OFW Reintegration Program, which requires a business plan, working-capital documentation, and an in-person branch or Lending Center visit; meanwhile OFBank's own strategic plan names a Multi-purpose Loan, Pre-departure Loan, and Education Loan as forthcoming, and its president has publicly flagged the need to build a proper risk framework before proceeding. That gap is the opening: propose a bounded pilot in which Kita's Document Risk Score and AI Underwriter process a sample of the documents OFWs and beneficiaries would submit for one of these planned products (IDs, payslips, remittance history, business permits) to test whether a digital-first underwriting flow can meaningfully cut days-to-decision and the share of files requiring a branch visit, compared to the current LANDBANK referral path. Given OFBank already runs its own in-house AI onboarding system (DOBSAI), the hypothesis is that its team has both the appetite and some internal precedent for AI-assisted decisioning, so the pilot's success metric would be simple: percentage of sampled applications reaching a decision without manual document handling, benchmarked against today's branch-routed process before any product formally launches.",BSP Directory of Banks and Non-Bank Financial Institutions: digital banks,BSP,460,2026-09-14,"https://www.bsp.gov.ph/_api/web/lists/getbytitle('Institutions')/items?$select=InstitutionID,Title,ShortBankName,InstitutionTypeID,InstitutionTypeID2,InstitutionTypeID3,Address,NumOffice,Status,Website,Modified&$filter=InstitutionTypeID%20eq%20'14'&$top=500",https://fintechnews.ph/61177/digital-banking-news-philippines/landbanks-ofbank-eyes-introduction-of-digital-loans/ https://www.ofbank.com.ph/products-services/loans https://www.landbank.com/news/landbank-spurs-financial-independence-for-ofws-with-p268-b-in-loans https://www.ofbank.com.ph/public/upload/files/OFBank%20Strategic%20Plan%202024-2028.pdf https://bworldonline.com/economy/2024/05/20/596388/landbank-approves-p2-68-b-ofw-loans/ https://www.dof.gov.ph/ofbank-is-officially-first-digital-only-bank-in-phl-after-obtaining-bsp-banking-license/ https://en.wikipedia.org/wiki/Digital_banks_in_the_Philippines https://www.businesswire.com/news/home/20221102005161/en/UnionDigital-Bank-Partners-with-Thought-Machine-to-Power-its-Digital-Banking-Platform https://www.bworldonline.com/top-stories/2026/01/27/726548/bsp-may-complete-review-of-digital-bank-license-applications-in-1st-quarter/ https://www.ofbank.com.ph/about-us/about-ofbank https://en.wikipedia.org/wiki/Overseas_Filipino_Bank
Lf Lending Services Corporation,lending_company,olp_registered,prospect,Philippines,24,0.6,0.3,0.35,0.9,0.5,0.25,0.3,0.72,General Manager / Head of Credit Operations,President / Co-Founder (owner-operator),"LF Lending already layers FinScore telco data and CIC bureau checks into its consumer loan decisioning, so the open question isn't whether it uses alternative data but where the remaining manual work sits — likely in verifying the IDs, payslips, and other documents borrowers submit through its app for ₱2,000–₱150,000 loans. A bounded pilot would run Kita's Document Risk Score and AI Underwriter alongside the existing FinScore/CIC pipeline on a sample of incoming applications, testing whether document-level automation can convert its ""few minutes"" evaluation claim into a measurable share of applications decided with zero manual document review, without touching the FinScore relationship itself. Success would be a lift in the percentage of applications fully auto-decided and a drop in document-related rejections or re-submissions over a fixed test window, giving the general manager evidence before any wider workflow change.",SEC list of recorded online lending platforms,SEC,CS202001294,2026-09-14,https://www.sec.gov.ph/lending-companies-and-financing-companies-2/list-of-recorded-online-lending-platforms/,https://fintechnews.ph/58481/lending/lf-lending-services-modernizes-credit-scoring-process-with-finscores-alternative-telco-data/ https://play.google.com/store/apps/details?id=com.lflendingservices.android&hl=en-US https://www.lflendingservices.com/about/ https://www.sec.gov.ph/lending-companies-and-financing-companies-2/list-of-recorded-online-lending-platforms/ https://fintechnews.ph/fintechs-in-philippines-directory/fintech/lf-lending/
Asiasource Financial Inc,lending_company,olp_registered,prospect,Philippines,24,0.35,0.45,0.25,0.85,0.5,0.6,0.35,0.65,Head of Data Science & Credit Risk (or regional Head of Underwriting),Philippines Country Manager / COO of Asiasource Financial,"Asiasource's FINN app already approves salary advances off a single government ID and a linked payroll account in about ten minutes, and the group is currently hiring a Head of Data Science & Credit Risk to build ML-driven underwriting across its Southeast Asia markets — a sign the decision layer is being actively rebuilt in-house rather than being a settled, static process. Kita's angle should be to test, on a narrow slice of ID-plus-payroll applications, whether Document Risk Score and AI Underwriter can match or beat FINN's current internal-assessment approval rate and speed while cutting fraud/document-quality misses, without asking the team to rip out its existing flow. A bounded pilot could run a shadow-mode comparison on a fixed volume of new applications, with success measured as decision-time parity or improvement and a measurable drop in downstream fraud or reject-after-disbursement rates versus the incumbent internal model. This framing treats Kita as an option to benchmark against the in-house build the credit-risk hire is standing up, not a wholesale swap of a process that, on current evidence, is already largely automated.",SEC list of recorded online lending platforms,SEC,CS201412567,2026-09-14,https://www.sec.gov.ph/lending-companies-and-financing-companies-2/list-of-recorded-online-lending-platforms/,https://play.google.com/store/apps/details?id=com.finn.app&hl=en_US https://blog-ph.finn-app.com/kilalanin-ang-finn-app/ https://blog-ph.finn-app.com/faqs-tungkol-sa-finn-app/ https://play.google.com/store/apps/details?id=com.finn.app https://freehire.me/jobs/head-of-data-science-credit-risk-finn-q7wfjllr http://www.asiasourcefinancial.com/ https://secregisteredloanapp.com/finn-loan.html https://www.crunchbase.com/organization/finn-f39b https://www.finn-app.com/careers.html https://www.bpi.com.ph/personal/rewards-and-promotions/promos/bpi-and-finn-app-raffle-promo https://www.facebook.com/finn.app.ph/
Online Loans Pilipinas Financing Inc.,lending_company,olp_registered,prospect,Philippines,24,0.5,0.5,0.3,0.9,0.3,0.2,0.3,0.80,Country Head of Credit / Risk (Online Loans Pilipinas),"Country President / General Manager, Online Loans Pilipinas (reporting into 4finance Group risk/technology leadership)","Online Loans Pilipinas already runs a ""1 ID, 5-minute"" auto-decision flow on its ₱1,000–₱130,000 unsecured cash loans, which suggests its current approval logic is likely a proprietary or group-inherited rule engine rather than a document-AI layer, and reviewer complaints about opaque auto-approved amounts hint the underlying model may be under-optimized for edge cases and thin-file variance. The angle for Kita is to propose a narrow, side-by-side pilot on a slice of new applications: run Kita's Document Risk Score and AI Underwriter against OLP's existing decision on the same ID/income-document set, measuring whether Kita can match or shorten the 5-minute decision time while reducing document rejection rate or catching risk the current auto-approval misses. Given OLP's shrinking book and likely centralized tech mandate from 4finance, the ask should be scoped as a local, reversible proof of accuracy and speed lift — not a system replacement — so the Country Head of Credit/Risk can bring a concrete before/after number to group technology leadership rather than a procurement decision.",SEC list of recorded online lending platforms,SEC,CS201726430,2026-09-14,https://www.sec.gov.ph/lending-companies-and-financing-companies-2/list-of-recorded-online-lending-platforms/,https://apps.apple.com/ph/app/online-loans-pilipinas/id6477775943 https://play.google.com/store/apps/details?id=ph.onlineloans.mobile.android&hl=en_US&gl=PH https://www.4finance.com/press-releases/4finance-expands-to-south-east-asia-with-philippines-acquisition https://www.emis.com/php/company-profile/PH/Online_Loans_Pilipinas_Financing_Inc_en_16574882.html https://cdn.prod.website-files.com/5f073e5f9682df607c6ad316/62837b1306c291c82cc3aa54_OLPF%20Press%20Release%2017%205%2022.pdf https://ph.jobstreet.com/Online-Loans-Pilipinas-Financing-jobs/in-Philippines
"Paloo Financing, Inc.",lending_company,olp_registered,prospect,Philippines,24,0.35,0.85,0.15,0.9,0.2,0.55,0.6,1.00,Head of Credit Risk / Data Science (Underwriting),"Philippines Country General Manager / CEO of Cashalo (Paloo Financing, Inc.)","Cashalo's core consumer cash loan already runs on a proprietary alternative-data model, so the real opening isn't the mainstream book but the self-employed/MSME segment, where applicants still submit DTI or SEC registration, Mayor's/Business Permits, bank statements, or BIR Form 1701 for manual review. With a new SEC rate cap forcing process changes since April 2026 and a newly installed General Manager pushing expansion ""across segments,"" this is a plausible moment for the Head of Credit Risk to test whether that document-heavy MSME lane can be tightened rather than rebuilt. The pilot to propose is narrow: run Kita's Document Risk Score and Capture on the self-employed application flow for a fixed volume of applications, measuring days-to-decision and document rejection/re-submission rate against the current manual baseline, without touching the core alternative-data model that Cashalo already owns. If it doesn't measurably cut turnaround or manual touches on that MSME slice within the pilot window, the honest read is that Cashalo's in-house scoring already covers the gap Kita would otherwise fill.",SEC list of recorded online lending platforms,SEC,CS201800209,2026-09-14,https://www.sec.gov.ph/lending-companies-and-financing-companies-2/list-of-recorded-online-lending-platforms/,https://loanappreviewphilippines.com/cashalo-review/ https://oriente.com/blog/cashalo-app-launches-to-unlock-financial-access-for-all-filipinos/ https://cashalo.zendesk.com/hc/en-us/articles/56288301455513-How-to-Apply https://businessmirror.com.ph/2026/06/10/cashalo-reaches-10m-members-and-p30b-disbursed-expands-product-offering-across-segments/ https://finance.yahoo.com/news/empower-finance-rebrands-tilt-launches-100000465.html https://www.sec.gov.ph/lending-companies-and-financing-companies-2/list-of-recorded-online-lending-platforms/ https://cashalo.com/about/ https://app.dealroom.co/companies/cashalo https://cashalo.com/newsroom/2026newratecap/ https://scitechanddigital.news/2018/10/20/cashalo-new-ph-fintech-firm-bridges-financial-inclusion-gap-for-filipinos/ https://cashalo.com/newsroom/archive/ https://fintechalliance.ph/cashalo-joins-lenderlink-network-to-improve-credit-scoring-in-the-philippines/
Peso Redee Financing Co. Inc.,lending_company,olp_registered,prospect,Philippines,24,0.4,0.3,0.55,0.9,0.45,0.3,0.2,0.62,Head of Credit / Underwriting or Chief Risk Officer,President / CEO or COO of the financing company,"Peso Redee already markets one-ID, minutes-to-24-hour approval on ₱1,000–₱30,000 micro-loans, which suggests some in-house decision logic exists, but there's no public evidence of what's actually validating that single ID or catching fraud/duplicate-borrower risk at that speed and volume. The angle for the Head of Credit/Underwriting is a bounded pilot on Kita's Document Risk Score and AI Underwriter layered under the existing flow: run it silently against a sample of incoming ID submissions and approved loans to see how many would have been flagged for fraud or inconsistency without adding friction to the current sub-24-hour promise. Success would be a measurable fraud/error catch rate on a fixed batch of applications with zero change to current approval times, giving a low-risk way to test whether their fast, thin-file process has a hidden document-risk gap Kita can close.",SEC list of recorded online lending platforms,SEC,CS201804564,2026-09-14,https://www.sec.gov.ph/lending-companies-and-financing-companies-2/list-of-recorded-online-lending-platforms/,"https://pesoredee.ph/en/about-us https://play.google.com/store/apps/details?id=ph.pesoredee.mobile.android&gl=ph https://ploan.ph/loan/pesoredee/ https://www.sec.gov.ph/lending-companies-and-financing-companies-2/list-of-recorded-online-lending-platforms/ https://www.pna.gov.ph/articles/1277897 https://www.dnb.com/business-directory/company-profiles.peso_redee_financing_co_inc.c3169ba462e3be71d3de178fc8229a7e.html https://bossjob.ph/en-us/jobs-hiring/peso-redee-financing-co.,-inc.-jobs https://business.inquirer.net/599350/sec-lifts-moratorium-on-online-lending-firms"
"Life Savings Bank, Inc.",thrift_bank,,prospect,"Units 13-14 Marieta Arcade, Marcos Highway corner A. Tuazon, Cainta, Rizal",23,0.55,0.2,0.8,0.9,0.3,0.15,0.15,0.50,Head of Credit / Lending Operations,President / General Manager,"Life Savings Bank's stated mission to serve middle- and lower-income families and small enterprises suggests a loan book likely built on manual, document-based underwriting (IDs, payslips, business permits) rather than bureau data, though the bank's site gives no specifics on turnaround or required documents to confirm this. Given no evidence of any existing loan origination or document-AI vendor, the opening hypothesis worth testing is narrow: take one common product, likely a small business or salary-type loan, and run a bounded pilot of Kita Capture and Document Risk Score on a batch of recent applications to see whether document intake and initial risk scoring can be automated without disrupting the bank's current process. Success would be measured concretely, for example a meaningful cut in days-to-decision or the share of applications where the manual document-review step can be skipped or shortened, giving the Head of Credit/Lending Operations a low-risk way to test the tool before any broader conversation with the President/GM about wider adoption.",BSP Directory of Banks and Non-Bank Financial Institutions: thrift banks,BSP,62,2026-09-14,"https://www.bsp.gov.ph/_api/web/lists/getbytitle('Institutions')/items?$select=InstitutionID,Title,ShortBankName,InstitutionTypeID,InstitutionTypeID2,InstitutionTypeID3,Address,NumOffice,Status,Website,Modified&$filter=InstitutionTypeID%20eq%20'10'&$top=500",https://www.lifesavingsbank.org/about https://www.lifesavingsbank.org/ https://www.pdic.gov.ph/files/BSDStats/TB%20Bank%20Directory_website.pdf https://www.pdic.gov.ph/files/bsdstats/TB%20Directory_Jun2015_Website.pdf
Df Credit Lending Corporation,lending_company,olp_registered,prospect,Philippines,23,0.45,0.25,0.7,0.8,0.35,0.2,0.15,0.75,Head of Credit / Underwriting or Risk Officer,CEO / General Manager of the lending company,"Funpera's approval flow already appears to run on a single government ID rather than bank statements or payslips, so the open question isn't document collection but what's driving accept/decline behind that instant approval — and whether it's a defensible risk model or a thin proxy that's contributing to the collection disputes and complaint volume showing up in review sites. The angle for a first call is to propose a narrow pilot on Kita's Document Risk Score and AI Underwriter against a sample of recent Funpera applications (say the last 500-1,000 first-time-borrower decisions), comparing Kita's read of the same ID plus any available alt-data against DF Credit's actual approve/decline and downstream default outcomes. Success would be a measurable lift in default separation or a reduction in disputed/harassment-flagged accounts at the same approval speed, not a claim that turnaround itself needs fixing. This is a hypothesis to validate with the Head of Credit or Risk Officer, who owns the app's approval logic and would feel any accuracy gap first.",SEC list of recorded online lending platforms,SEC,CS202002430,2026-09-14,https://www.sec.gov.ph/lending-companies-and-financing-companies-2/list-of-recorded-online-lending-platforms/,https://loanappreviewphilippines.com/funpera-loan-app-review/ https://legitloanappreview.com/funpera/ https://appadvice.com/app/funpera-loan-app-philippines/6550918572 https://chrome-stats.com/d/com.application.funpera?hl=en https://play.google.com/store/apps/details?id=com.application.funpera&hl=en https://secregisteredloanapp.com/funpera.html https://www.funpera.com/ https://www.sec.gov.ph/lending-companies-and-financing-companies-2/list-of-revoked-and-suspended-lending-companies/ https://consumercomplaintscourt.com/tag/funpera/ https://www.mocasa.com/blog/is-funpera-a-safe-lending-platform-for-users/ https://play.google.com/store/apps/details?id=com.application.funpera&hl=en_US
HT Financial lending Services (PH) Corp,lending_company,olp_registered,prospect,Philippines,23,0.45,0.4,0.45,0.8,0.35,0.2,0.15,0.57,Head of Credit Risk / Underwriting Operations Manager,Country General Manager / CEO of the Philippine lending entity,"HiCash already approves loans off a single government ID in about a minute, which suggests the current scoring is a fast automated model rather than a manual document shop — so the open question isn't speed, it's how much of that speed is coming at the cost of fraud losses or approving borrowers a bureau-based check would reject. A bounded pilot would route a slice of HiCash applications through Kita's Document Risk Score and AI Underwriter alongside the existing decision engine, purely as a shadow comparison, to test whether Kita's ID/document verification catches fraud or misrepresentation the current flow misses without adding friction to the 1-minute approval. Success would be measured on false-approval rate and document-fraud catch rate on a fixed sample, not on turnaround, since turnaround is already effectively solved. If, as the job-board listing implies, product decisions run through a Chinese parent group, this pilot is sized to be a local proof point the country GM could bring upstream rather than a request for a platform swap.",SEC list of recorded online lending platforms,SEC,CS201905455,2026-09-14,https://www.sec.gov.ph/lending-companies-and-financing-companies-2/list-of-recorded-online-lending-platforms/,http://www.htfinanciallending.com/ https://play.google.com/store/apps/details?id=com.hcxhsk.hicash&hl=en_US https://apps.appfollow.io/android/hicash-peso-cash-loan-online-loan-philippines/com.hicash0720.peso?country=ph https://ph.joblum.com/company/ht-financial-lending-services-ph-corp https://www.sec.gov.ph/wp-content/uploads/2021/12/2021_1129ListLCFCApps.pdf http://www.amlc.gov.ph/images/PDFs/Main/SEC31Jan25.pdf https://www.philstar.com/business/2025/08/26/2468013/sec-halts-operations-7-more-online-lenders
JACCS Finance Philippines Corporation,lending_company,olp_registered,prospect,Philippines,23,0.35,0.35,0.5,0.6,0.2,0.45,0.25,0.80,Credit/Risk Evaluation Manager,"JFP President/Country Head (reporting to JACCS Co., Ltd. HQ)","JACCS Finance Philippines is expanding its captive auto and motorcycle financing beyond Mitsubishi into other brands and the secondhand vehicle segment, and a listed credit role confirms staff manually decision both secured and unsecured applications, which suggests document-heavy underwriting (IDs, payslips, vehicle papers) that will only get heavier as volume grows. The angle to test with the Credit/Risk Evaluation Manager is narrow: run Kita's Document Risk Score and AI Underwriter on the unsecured-loan slice of new applications for a fixed window, and compare days-to-decision and share resolved without manual review against the current process. Since JFP sits under a Japan-headquartered parent that may hold its own in-house screening capability, the pilot should be framed as a local, low-commitment test the country head can greenlight without HQ procurement, with a clear go/no-go metric before any broader conversation about the secured/collateral book.",SEC list of recorded online lending platforms,SEC,CS201610866,2026-09-14,https://www.sec.gov.ph/lending-companies-and-financing-companies-2/list-of-recorded-online-lending-platforms/,https://ph.jobstreet.com/companies/jaccs-finance-philippines-corporation-168551965825744 https://bossjob.ph/en-us/jobs-hiring/jaccs-finance-philippines-corporation-jobs https://www.jaccs.co.jp/en/corporate/about/group/list/ https://jaccs.com.ph/loan-application/ https://www.jaccs.co.jp/en/corporate/activities/finance/ https://www.scribd.com/document/622352574/2020LIST-OF-FINANCING-COMPANIES-asof20200219-1 https://bossjob.ph/en-us/company/jaccs-finance-philippines-corporation-50286 https://www.jaccs.co.jp/en/corporate/activities/oversea/
King Cash Lending Investors Inc,lending_company,olp_registered,prospect,Philippines,23,0.55,0.25,0.55,0.9,0.4,0.2,0.15,0.42,Head of Credit / Risk Operations,Founder / Managing Director,"King Cash's Insta Cash product approves small unsecured loans (₱3,000–60,000) from a single government ID in minutes, and if, as some third-party reviews suggest, that speed comes from a basic in-house scoring rule rather than a robust risk layer, the tradeoff is likely thinner fraud and default protection than the volume can absorb as it scales. The angle for Kita is to propose a bounded pilot on the ID-capture and decision step alone: run Kita's Document Risk Score and AI Underwriter in parallel with the existing flow on a fixed batch of incoming applications, without changing the app or disbursement rails. Success would be measured narrowly — reduction in document/ID fraud flags caught, and whether approval-in-minutes can hold or improve while adding a real risk score behind it — giving the Head of Credit/Risk Operations a concrete before/after comparison to bring to the founder.",SEC list of recorded online lending platforms,SEC,CS202104554,2026-09-14,https://www.sec.gov.ph/lending-companies-and-financing-companies-2/list-of-recorded-online-lending-platforms/,https://play.google.com/store/apps/details?id=com.insta.app&hl=en https://appadvice.com/app/insta-cash-online-loan-app/6514306461 https://www.mocasa.com/blog/is-insta-cash-online-loan-legit/ https://www.facebook.com/p/King-Cash-Lending-Investors-Inc-61555413605174/ https://ploan.ph/register/3442/ http://www.instacashmoney.com/
"Sterling Bank of Asia, Inc. (A Savings Bank)",thrift_bank,,prospect,"Sterling Bank Corporate Center, Ortigas Avenue, Greenhills, 1500 San Juan City",22,0.5,0.55,0.15,0.95,0.35,0.55,0.3,0.93,Head of Consumer/SME Lending or Chief Credit Officer,Chief Operating Officer or Chief Technology/Digital Officer,"Sterling Bank of Asia just committed its core banking and origination stack to Infosys Finacle, which likely absorbs the bank's technology budget and attention for the near term, so the entry point isn't a competing LOS but the document-heavy front end that Finacle Origination won't necessarily solve on day one: the branch-based ""gather your requirements, visit your nearest branch"" flow for salary, home, and SME loans, each with multi-item document checklists (proof of income, IDs, property details, 3-year audited financials) reviewed by a loan officer. The hypothesis worth testing is narrow: run Kita's Document Risk Score and Capture tooling alongside the existing branch process on one loan line, likely SME or salary loans given the visible manual document-verification step, and measure whether it cuts days-to-decision or reduces document rejection/re-submission rates without touching the core Finacle build-out. A bounded, side-by-side pilot on a single product line, reporting to whoever owns SME/consumer credit operations, would let the Chief Credit Officer see a throughput number before any COO-level platform conversation is needed.",BSP Directory of Banks and Non-Bank Financial Institutions: thrift banks,BSP,76,2026-09-14,"https://www.bsp.gov.ph/_api/web/lists/getbytitle('Institutions')/items?$select=InstitutionID,Title,ShortBankName,InstitutionTypeID,InstitutionTypeID2,InstitutionTypeID3,Address,NumOffice,Status,Website,Modified&$filter=InstitutionTypeID%20eq%20'10'&$top=500",https://www.sterlingbankasia.com/node/728 https://www.sterlingbankasia.com/personal/consumer-loans/avance-salary-loan https://www.sterlingbankasia.com/business/business-loans?id=97 https://www.sterlingbankasia.com/personal/consumer-loans/home-loans https://en.wikipedia.org/wiki/Sterling_Bank_of_Asia https://www.emis.com/php/company-profile/PH/Sterling_Bank_Of_Asia_Inc__A_Savings_Bank__en_14825935.html https://www.prnewswire.com/in/news-releases/sterling-bank-of-asia-selects-infosys-finacle-software-as-a-service-for-its-next-gen-transformation-302810607.html https://scanx.trade/stock-market-news/companies/sterling-bank-of-asia-selects-infosys-finacle-saas-platform-for-digital-banking-transformation/43927271 https://leadiq.com/c/sterling-bank-of-asia-inc/5ec4f0dd102cc03532f402a6 https://briefglance.com/articles/sterling-banks-saas-leap-signals-a-tectonic-shift-in-asian-banking https://ph.jobstreet.com/Sterling-Bank-of-Asia-jobs/in-Makati-City-Metro-Manila https://macaubusiness.com/sterling-bank-of-asia-selects-infosys-finacle-software-as-a-service-for-its-next-gen-transformation/
"JOYWIN LENDING INVESTOR, INC. doing business under the name and style of JoyPeso",lending_company,olp_registered,prospect,Philippines,22,0.4,0.3,0.6,0.6,0.35,0.15,0.15,0.40,Head of Credit / Risk Officer,President / CEO of the lending company,"Given that Lemon Loan already approves cash-advance loans off a single government ID in minutes rather than a manual document stack, the more useful test with Kita is likely on the verification layer rather than speed: whether Kita's Document Risk Score and AI Underwriter can tighten ID and applicant-authenticity checks on this exact flow without slowing the current approval time, which matters given the 2021 NPC order over excessive personal-data harvesting still hanging over this operator's compliance posture. A bounded pilot could route a slice of live applications through Kita's capture and risk-scoring step alongside the existing process, measuring fraud/ID-mismatch catch rate and any change in approval turnaround, before touching the rest of the stack. If, as it appears, no named LOS or decisioning vendor is running underneath the app, this is also a low-friction way to test whether Kita's layer can sit on top of the current flow rather than replace it.",SEC list of recorded online lending platforms,SEC,CS201826247,2026-09-14,https://www.sec.gov.ph/lending-companies-and-financing-companies-2/list-of-recorded-online-lending-platforms/,https://lemonloan.online/ https://loansonlines-ph.com/loans-apps-philippines/lemon-app/ https://apps.apple.com/ph/app/online-loans-pilipinas/id6477775943 https://privacy.gov.ph/privacy-commission-orders-immediate-takedown-of-four-online-lending-apps/ https://www.sec.gov.ph/wp-content/uploads/2020/08/2020_0730ListLCFCApps.pdf
Kusog Pera Lending Inc.,lending_company,olp_registered,prospect,Philippines,22,0.45,0.35,0.45,0.75,0.35,0.2,0.15,0.55,Head of Credit / Risk (or Collections) at Kusog Pera Lending Inc.,CEO/COO of Kusog Pera Lending Inc.,"Kusog Pera and SnaPera approve ID-only cash loans ""within minutes"" on marketing copy alone, but that speed sits alongside persistent harassment and collection complaints, which hints that approval decisioning may be leaning more on aggressive recovery than on precise risk segmentation at the point of underwriting. The bounded test worth running with the Head of Credit/Risk is whether Kita's Document Risk Score and AI Underwriter, run in parallel on a sample of incoming ID and mobile-verification data, can flag higher-risk applicants earlier than the current flow, measured by whether defaults or hardship/complaint rates drop for the scored cohort versus business-as-usual over one loan cycle (90-120 days). If that holds, the pitch becomes reducing downstream collections friction (and the regulatory exposure it creates) rather than just speeding up an approval step that's already fast on paper.",SEC list of recorded online lending platforms,SEC,CS201916669,2026-09-14,https://www.sec.gov.ph/lending-companies-and-financing-companies-2/list-of-recorded-online-lending-platforms/,https://play.google.com/store/apps/details?id=com.kusoglending.snapera&hl=en https://h5.u3s3.com/snapera/index.html https://allthebestloans.ph/loan/snapera/ https://kusog-pera-vip.en.softonic.com/android https://www.foi.gov.ph/requests/licensed-of-fastcashsnaperakusogpera/ https://www.respicio.ph/commentaries/collection-agency-harassment-consumer-rights-philippines https://hfc.edu.vn/kusog-pera.html
Mr Angel Credit Corp.,lending_company,olp_registered,prospect,Philippines,22,0.4,0.25,0.55,0.9,0.45,0.15,0.3,0.88,Head of Credit / Credit Operations Manager,CEO / COO of MRACC (or MFT Group finance lead),"QLO's salary-loan and cash-advance flow already leans on light documentation and employer endorsement rather than bureau data, but applicants still upload a government ID (and sometimes more, depending on the employer) that presumably gets reviewed manually before approval. The angle worth testing with the Head of Credit / Credit Operations Manager is whether Kita's Document Risk Score and AI Underwriter can take that ID/employment-verification step and turn it into an instant, consistent accept/decline for a defined slice of partner-employer applicants, without changing the employer-endorsement model that makes QLO's product work. A bounded pilot would run a few hundred fresh applications from one or two partner employers side-by-side with the current process and measure share decided without manual review and days-to-decision, since no scale, growth, or hiring signals suggest MRACC has resources for anything larger right now.",SEC list of recorded online lending platforms,SEC,CS201424334,2026-09-14,https://www.sec.gov.ph/lending-companies-and-financing-companies-2/list-of-recorded-online-lending-platforms/,https://qlo.com.ph/faqs/salary-loan/ https://qlo.com.ph/services/employees/ https://businessmirror.com.ph/2022/04/07/qlo-rolls-out-latest-offering-cash-advance-to-employees-with-urgent-financial-needs/ https://qlo.com.ph/about-qlo/ https://qlo.com.ph/faqs/cash-advance/ https://www.sec.gov.ph/wp-content/uploads/2021/12/2021_1129ListLCFCApps.pdf https://www.sec.gov.ph/lending-companies-and-financing-companies-2/list-of-recorded-online-lending-platforms/ https://mftgroup.com.ph/the-mft-group-has-found-the-right-partners/ https://www.zoominfo.com/c/mft-group-of-companies-inc/458134719 https://fintechnews.ph/fintechs-in-philippines-directory/fintech/qlo/ https://www.linkedin.com/company/qlophilippines/
Royal Yohoo Lending Investors Corporations,lending_company,olp_registered,prospect,Philippines,22,0.5,0.3,0.4,0.9,0.4,0.25,0.2,0.73,Head of Credit Risk / Underwriting Manager,President / CEO of the lending company,"Royal Yohoo's HappyPera2 app already markets itself as a fast, largely automated cash-loan flow built on a single government ID, but the underlying evaluation logic looks like it may be running on a generic white-labeled scoring template common to small Philippine OLPs rather than a purpose-built underwriting engine, and the pattern of collections-harassment complaints suggests approval decisions may not be reliably separating good risk from bad at the point of origination. A bounded pilot worth proposing to the Head of Credit Risk/Underwriting Manager: run Kita's Document Risk Score and AI Underwriter in shadow mode against a sample of recent HappyPera2 applications (ID plus whatever bank statement or payslip data is actually collected) to see whether it would have flagged the loans that later went delinquent or into aggressive collections, without touching the live decision flow. Success would be a measurable lift in default-prediction accuracy or a reduction in flagged-bad-loan share versus the current process, giving the CEO a low-risk, data-backed case for whether tightening front-end underwriting could reduce reliance on downstream collections pressure.",SEC list of recorded online lending platforms,SEC,CS201906145,2026-09-14,https://www.sec.gov.ph/lending-companies-and-financing-companies-2/list-of-recorded-online-lending-platforms/,https://ph.jobstreet.com/companies/royal-yohoo-lending-investors-corporation-168558643232147 https://play.google.com/store/apps/details?id=com.pera.loan.cash&hl=en_US https://happypera2.site/ https://www.gallardoclc.com/ https://www.sec.gov.ph/wp-content/uploads/2021/12/2021_1129ListLCFCApps.pdf https://www.foi.gov.ph/requests/request-to-verify-happypera2-sec-registration-number/ https://play.google.com/store/apps/details?id=com.pera.loan.cash&hl=en_IN https://www.foi.gov.ph/requests/harassing-text-from-lending-company/ https://happypera2.top/reviews https://ph.linkedin.com/company/royal-yohoo-lending-investors-corp
"Maya Bank, Inc.",digital_bank,,prospect,"6th Floor Launchpad Building, Reliance Corner Sheridan Streets, Mandaluyong City",21,0.35,0.75,0.15,0.9,0.25,0.45,0.4,1.00,"Head of Credit Risk / Chief Risk Officer, Maya Bank","Chief Technology Officer or Head of Lending/MSME Business, Maya Bank","Maya Bank's core Personal Loan and Easy Credit products already run on automated wallet-data decisioning, but the segments Maya is publicly pushing into next — proof-of-income cases and the Flexi Loan/MSME line — still ask borrowers for payslips, bank statements and IDs and hold a stated 48-hour-plus manual review window. Given Maya Bank's stated MSME growth ambitions (SME Finance Forum membership, its president's February 2026 Money20/20 remarks on accelerating MSME financing), that document-based edge is likely where approval speed and rejection rates are weakest today. The bounded pilot worth proposing is Kita's Document Risk Score and Kita Capture applied only to the proof-of-income/MSME document set, run in shadow mode against a defined batch of recent applications, with success measured as reduction in days-to-decision and share of that batch clearable without manual review. If those documents move on Kita's numbers without touching the already-automated wallet-based loan flow, it's a low-risk way to test whether document AI has a role in Maya Bank's MSME expansion.",BSP Directory of Banks and Non-Bank Financial Institutions: digital banks,BSP,462,2026-09-14,"https://www.bsp.gov.ph/_api/web/lists/getbytitle('Institutions')/items?$select=InstitutionID,Title,ShortBankName,InstitutionTypeID,InstitutionTypeID2,InstitutionTypeID3,Address,NumOffice,Status,Website,Modified&$filter=InstitutionTypeID%20eq%20'14'&$top=500",https://www.n90.asia/post/paymaya-loan-application https://www.maya.ph/stories/why-your-bank-loan-might-not-match-your-needs-and-why-maya-personal-loan-might-be-a-better-fit https://smart.columbus.gov/columbus-news/get-approved-for-a-maya-loan-your-best-guide-1767648989 https://thedigitalbanker.com/mayas-digital-banking-playbook-fuels-record-growth-in-2024/ https://finance.yahoo.com/news/philippines-based-digital-bank-maya-115532129.html https://apps.apple.com/ph/app/maya-all-in-one-digital-bank/id991673877 https://pangea.ai/agencies/miquido/case-studies/maya-bank-unified-digital-banking-services https://www.prnewswire.com/news-releases/finvolutions-philippines-subsidiary-cooperates-with-maya-bank-boosting-credit-accessibility-302177707.html https://www.mayabank.ph/annual-report-2024/ https://www.mayabank.ph/annual-report/ https://modernearner.com/maya-bank-review-2026-6-percent-apy https://tracxn.com/d/companies/maya/__lgDKzMdKc474xakTE5TBs5U1jaeRPbVr5nM0uu3gUdM https://www.retailbankerinternational.com/news/digital-bank-maya-us-ipo/ https://www.pressreader.com/philippines/manila-standard/20260208/281646786580264 https://www.smefinanceforum.org/topics/digital-financial-services
Educ4All Lending Inc,lending_company,olp_registered,prospect,Philippines,21,0.7,0.3,0.2,0.9,0.4,0.2,0.45,0.65,Head of Admissions / Head of Credit Risk,CEO / Founder,"InvestEd's own funnel shows the friction worth testing: eligible applicants still wait 2-3 business days for an eligibility call and roughly 8 business days end-to-end, with an Admissions Team phone interview standing in as the manual verification step on top of whatever the in-house algorithm already scores. Since InvestEd has built proprietary scoring rather than bought it, the pilot Kita should propose isn't ""replace your model"" but a narrow document-layer test — run Kita Capture and Document Risk Score on incoming IDs, proof-of-enrollment and household/employment documents for a slice of new applicants, feeding a risk flag alongside (not instead of) the existing algorithm. Success would be measured narrowly: does document-AI cut the share of files needing the phone-interview step, or shrink the 2-3 day eligibility window, without touching the underwriting decision itself. If that holds on a small cohort, it's a reason for the Head of Admissions/Credit Risk to bring it to the founder as a scoping layer rather than a competing underwriting engine.",SEC list of recorded online lending platforms,SEC,CS201629776,2026-09-14,https://www.sec.gov.ph/lending-companies-and-financing-companies-2/list-of-recorded-online-lending-platforms/,https://invested.ph/borrower-faqs/ https://invested.ph/student-loans/ https://app.invested.ph/faq https://www.linkedin.com/company/investedphilippines/ https://ploan.ph/register/2714/ https://rocketreach.co/invested-educ4all-profile_b50f446af6555a02 https://app.dealroom.co/companies/invested_philippines https://invested.ph/terms-of-use/ https://fintechnews.ph/fintech-startups-philippines/
“ETOMO FINANCING CORPORATION (Formerly And Financing Corporation)”,lending_company,olp_registered,prospect,Philippines,21,0.5,0.45,0.2,0.85,0.3,0.35,0.25,0.71,Head of Credit Risk / Underwriting,Chief Operating Officer / President and CEO,"Etomo already runs a parent-built ""AI-based credit scoring"" flow approving small unsecured loans in roughly 24 hours from proof-of-income and ID documents, so the open question isn't whether they score digitally but whether that in-house model is actually clearing thin-file applicants without manual review or hidden document-rejection loops. Kita's angle is a bounded test on a slice of new applications: run Document Risk Score and AI Underwriter alongside the existing etomo pipeline to see if it can shave days-to-decision or lift the share of applications resolved with zero manual touch, without asking the Head of Credit Risk to rip out the current AND Global-built stack. If, as the evidence suggests, some manual fallback still exists behind the ""approved in 24 hours"" marketing, this pilot would surface it and give a concrete before/after number the COO can take back to the parent group's technology conversations.",SEC list of recorded online lending platforms,SEC,CS201840930,2026-09-14,https://www.sec.gov.ph/lending-companies-and-financing-companies-2/list-of-recorded-online-lending-platforms/,https://onlineloansphilippines.com/loans/etomo/ https://www.preqin.com/data/profile/asset/etomo/654537 https://www.tiktok.com/discover/etomo-lending-app-review https://mb.com.ph/2024/8/8/marubeni-premium-group-and-global-launch-etomo-online-personal-loan https://apps.apple.com/ph/app/etomo-2-0/id6751082253 https://loanappreviewphilippines.com/etomo-loan-review/ https://business.inquirer.net/473915/marubeni-premium-group-and-and-global-announced-the-launch-of-etomo-online-personal-loan https://and.global/and-global-secures-strategic-equity-investment-from-marubeni-corporation/ https://www.linkedin.com/company/etomo-financing-corporation
"Tonik Digital Bank, Inc.",digital_bank,,prospect,"Unit 605B, 6/F West Wing, The Estancia Offices, Meralco Ave., 1605 Pasig City, Metro Manila",20,0.35,0.9,0.1,0.95,0.35,0.3,0.55,1.00,Chief Data Officer / Head of Credit Risk,CEO / Chief Risk Officer,"Tonik has already declared its core AI credit-scorecard build complete, so the angle isn't to replace that decisioning engine but to test whether Kita's Document Risk Score can tighten the layer just upstream of it: the ID, payslip and bank-statement capture step that still gates Quick Loan and Shop Installment approvals. The hypothesis worth a bounded pilot is that document-fraud and quality checks on a slice of new applications (say, one channel or loan product over 30 days) can cut manual document-review touches and reduce downstream rejections, without touching Tonik's proprietary scorecard logic. Success would be measured narrowly — document rejection rate and share of applications that clear ID/document checks without a human review step — giving the Head of Credit Risk a low-risk way to see if Kita's capture layer adds precision to a stack Tonik otherwise considers finished, before any conversation about broader underwriting spend goes to the CEO or CRO.",BSP Directory of Banks and Non-Bank Financial Institutions: digital banks,BSP,461,2026-09-14,"https://www.bsp.gov.ph/_api/web/lists/getbytitle('Institutions')/items?$select=InstitutionID,Title,ShortBankName,InstitutionTypeID,InstitutionTypeID2,InstitutionTypeID3,Address,NumOffice,Status,Website,Modified&$filter=InstitutionTypeID%20eq%20'14'&$top=500",https://tonikbank.com/faq/requirements-quick-loan https://tonikbank.com/news/tonik-completes-transition-ai-credit-decisioning-setting-ai-standard-philippine-banking https://apps.apple.com/ph/app/tonik-bank-loans-deposits/id1541576007 https://tonikbank.com/news/tonik-becomes-first-standalone-digital-bank-philippines-achieve-profitability https://backendnews.net/tonik-becomes-first-profitable-standalone-digital-bank/ https://review.insignia.vc/2026/05/13/tonik-profitability/ https://businessmirror.com.ph/2025/11/21/tonik-completes-transition-to-ai-credit-decisioning-sets-ai-standard-in-phl-banking/ https://tracxn.com/d/companies/tonik/__kIXuta-2WTRMrwoy3FApufGMMlKHM0p1rwl-64-dM_c https://manilastandard.net/tech/314664967/tonik-completes-transition-to-ai-credit-decisioning-setting-the-ai-standard-in-philippine-banking.html https://tonikbank.com/news https://tonikbank.com/careers
"Cordillera Savings Bank, Inc.",thrift_bank,,prospect,"Dumlao Blvd., Salvacion, Bayombong, 3700 Nueva Vizcaya",20,0.35,0.2,0.75,0.9,0.3,0.15,0.15,0.64,Head of Credit / Loans Department,Bank President / General Manager,"Cordillera Savings Bank has almost no public loan-product detail beyond its BSP/PDIC listings and a bare WordPress presence, but as a three-branch thrift bank serving Bayombong, Bambang and Aritao, it likely underwrites MSME and consumer loans manually from bank statements, IDs, and payslips rather than bureau data, with no named LOS or decisioning vendor visible anywhere. The angle for a first conversation is to test that hypothesis directly with the Head of Credit/Loans: propose a small pilot running Kita's Document Risk Score and AI Underwriter alongside the existing process on one loan type (e.g., salary or SME loans) at a single branch, comparing days-to-decision and manual-review rate against the current baseline. If, as it appears, most applications still require in-branch document handling and multi-day turnaround, even a modest reduction in decision time on a bounded set of applications would be a clear, low-risk signal before any wider rollout or budget conversation with the President/GM.",BSP Directory of Banks and Non-Bank Financial Institutions: thrift banks,BSP,53,2026-09-14,"https://www.bsp.gov.ph/_api/web/lists/getbytitle('Institutions')/items?$select=InstitutionID,Title,ShortBankName,InstitutionTypeID,InstitutionTypeID2,InstitutionTypeID3,Address,NumOffice,Status,Website,Modified&$filter=InstitutionTypeID%20eq%20'10'&$top=500",https://cordillerasavings.com/ https://www.bsp.gov.ph/Lists/Directories/Attachments/18/BDA.pdf https://www.pdic.gov.ph/files/BSDStats/TB%20Bank%20Directory_website.pdf
"Phil Star Development Bank, Inc.",thrift_bank,,prospect,"Alpa Hotel, Tolentino Road, Kumintang Ibaba, Batangas City",20,0.5,0.15,0.75,0.85,0.3,0.15,0.15,0.77,Head of Credit / Lending Operations Officer,Bank President/General Manager (with parent holding company sign-off),"Phil Star Development Bank is a very small, branch-based thrift bank with no visible digital application or LOS, so it likely still runs a fully manual, paper-driven process for its MSME and consumer loan files, with a single lending or credit operations officer handling document collection and review end to end. Given the bank's stalled digital-bank ambitions with SquidPay and its parent's history of unclosed tech initiatives, the pitch to test is a narrow one: pilot Kita's Document Risk Score and Capture on one loan product's existing paper trail (bank statements, IDs, payslips, permits) to see whether it can cut manual review time and days-to-decision without asking the bank to commit to any broader digital-transformation project. Success would be measured narrowly, e.g. a meaningful drop in days-to-decision or share of files requiring manual re-review on a small batch of recent applications, before any conversation about wider rollout or parent-level sign-off.",BSP Directory of Banks and Non-Bank Financial Institutions: thrift banks,BSP,73,2026-09-14,"https://www.bsp.gov.ph/_api/web/lists/getbytitle('Institutions')/items?$select=InstitutionID,Title,ShortBankName,InstitutionTypeID,InstitutionTypeID2,InstitutionTypeID3,Address,NumOffice,Status,Website,Modified&$filter=InstitutionTypeID%20eq%20'10'&$top=500",https://manilastandard.net/business/corporate/314215599/abacore-unit-to-sell-40-stake-in-phil-star-bank.html https://www.ceicdata.com/en/philippines/published-balance-sheet/thrift-bank-total-capital-phil-star-development-bank-inc https://en.wikipedia.org/wiki/List_of_largest_banks_in_the_Philippines https://www.bworldonline.com/squidpay-technology-and-phil-star-development-bank-jointly-files-application-for-digital-banking-license/ https://www.philstar.com/business/2026/07/10/2541030/new-digital-bank-licenses-still-under-review-bsp https://www.pdic.gov.ph/files/BSDStats/TB%20Bank%20Directory_website.pdf https://www.philstar.com/business/stock-commentary/2023/02/03/2242292/squidpay-gets-e-wallet-license-revoked-bsp https://www.philstar.com/business/stock-commentary/2023/11/23/2313635/quick-takes-around-market https://www.facebook.com/philstarbank/
"Happyfund Lending Investors Inc. doing business under the name and styles of PAGHIRAM, PESO ONLINE and PHPOCKET",lending_company,olp_registered,prospect,Philippines,20,0.4,0.35,0.35,0.8,0.35,0.2,0.2,0.50,Head of Credit / Risk Operations,CEO / General Manager,"Paghiram, Peso Online and PHPocket already approve most loans off a single government ID within 24 hours using what the company calls proprietary credit-scoring technology, but optional add-ons like payslips, staff cards or business permits suggest a manual review step still gets triggered for a meaningful slice of applications, likely the thin-file, undocumented or self-employed borrowers a bureau-based score can't easily assess. The angle worth testing with the Head of Credit/Risk Operations is a bounded pilot on that overflow segment: route applications with optional documents through Kita's Document Risk Score and AI Underwriter and measure whether days-to-decision drops and the share resolved without a manual touch rises, against the current 24-hour baseline. Given the small scale and thin public footprint here, this should be framed explicitly as a hypothesis to validate on a limited volume of applications before any claim about broader fit, not a wholesale platform swap.",SEC list of recorded online lending platforms,SEC,CS201840987,2026-09-14,https://www.sec.gov.ph/lending-companies-and-financing-companies-2/list-of-recorded-online-lending-platforms/,http://www.phpocket.com/ https://cashloanph.com/phpocket/ https://retailasiaonline.com/paghiram.html http://www.paghm.com/ https://www.facebook.com/officialphpocketpage/ https://fastloanapp.info/phpocket/ https://www.sec.gov.ph/wp-content/uploads/2021/08/2021_0825ListLCFCApps.pdf https://www.sec.gov.ph/wp-content/uploads/2023/07/2023Notices_2023-07-06-%20Order%20to%20Register%20with%20CIC%20version.pdf https://www.facebook.com/cs.paghiramph/
"HC Consumer Finance Philippines, Inc.",lending_company,olp_registered,prospect,Philippines,20,0.3,0.75,0.15,0.85,0.25,0.45,0.4,0.82,Head of Credit Risk / Credit Risk Analytics Manager,"Country Chief Risk Officer or Chief Technology/Data Officer, Home Credit Philippines","Home Credit Philippines already markets itself as a digitally-forward, AI-driven lender with near-instant cash loan approvals and a lean one-ID-plus-income-proof document set, so the opening should not assume a manual, paper-heavy process Kita needs to fix. Instead, the angle worth testing is narrower: for the subset of applications where its in-house decisioning engine likely still routes to manual review or declines outright because the submitted ID, address proof, or income document is ambiguous or low-quality, Kita's Document Risk Score and AI Underwriter could be piloted as a second-look layer on a fixed sample of those flagged files. The hypothesis to validate with the Head of Credit Risk / Credit Risk Analytics Manager is whether adding this layer measurably lowers the document rejection or manual-review rate on that flagged subset within a 30-day window, without touching the existing approved-in-minutes path for clean applications. This keeps the pilot small and bounded rather than asking Home Credit to reconsider its core, already-built decisioning stack.",SEC list of recorded online lending platforms,SEC,CS201301354,2026-09-14,https://www.sec.gov.ph/lending-companies-and-financing-companies-2/list-of-recorded-online-lending-platforms/,https://www.homecredit.ph/apply/product-loans https://www.homecredit.ph/apply/cash-loans https://www.mocasa.com/blog/home-credit-loan-app-requirements-a-complete-guide/ https://www.linkedin.com/company/home-credit-philippines https://rocketreach.co/home-credit-philippines-profile_b5f140c6f68badfc https://www.homecredit.ph/stories/faq-home-credit-cash-loan https://www.homecredit.ph/stories/ai-powered-collections-home-credit-ph https://www.homecredit.ph/stories/home-credit-philippines-ai-ux-fintech-hackathon-2026 https://apps.apple.com/ph/app/home-credit-philippines/id1577894172 https://www.pna.gov.ph/articles/1277436 https://ph.jobstreet.com/credit-risk-jobs
Philippine Rup Financing Corporation,lending_company,olp_registered,prospect,Philippines,20,0.4,0.25,0.5,0.9,0.3,0.2,0.2,0.76,Head of Risk / Credit Assessment Lead,General Manager / Managing Director,"Philippine RUP Financing Corporation markets its Pesos.ph cash loans as fast and hassle-free, but with a small, single-product operation under 50 employees and no visible loan origination or decisioning vendor named publicly, it's plausible the ""instant approval"" claim still leans on manual review behind the scenes rather than a fully automated document-to-decision pipeline. The angle for Kita is to propose a narrow pilot on this one product: run Kita's AI Underwriter and Document Risk Score alongside the existing flow for a defined slice of new ₱1,000-50,000 applications, measuring days-to-decision and the share resolved without a manual touch against current baseline. Given the Head of Risk / Credit Assessment function is the likely owner of approval speed and fraud checks, the pitch should be framed as testing whether automated scoring can match or beat current approval rates on the same borrower pool, not as a wholesale platform swap. Given this lender's small size and thin public technology footprint, the pilot should stay cheap and short enough that the General Manager can approve it directly without a procurement process.",SEC list of recorded online lending platforms,SEC,CS201909023,2026-09-14,https://www.sec.gov.ph/lending-companies-and-financing-companies-2/list-of-recorded-online-lending-platforms/,https://play.google.com/store/apps/details?id=com.peso.loan.vip.credit&hl=en https://www.pesosph.com/ https://apps.apple.com/ph/app/pesos-ph-loan-fast-cash-loan/id6754908935?see-all=reviews&platform=iphone https://bossjob.ph/en-us/company/philippines-rup-financing-corporation https://apps.apple.com/ph/app/pesos-ph-loan-fast-cash-loan/id6754908935 https://www.sec.gov.ph/wp-content/uploads/2021/12/2021_1129ListLCFCApps.pdf
Biyaya Lending Corporation Doing Business Under the Name and Style of LoanStream and LendWise (Formerly Armorak Lending Inc),lending_company,olp_registered,prospect,Philippines,19,0.55,0.3,0.2,0.55,0.45,0.3,0.2,0.67,Head of Credit / Chief Risk Officer,Founder / CEO or COO,"Biyaya Lending already runs an ID-only, fully-online cash loan under LoanStream and LendWise, with an in-house ""AI-powered risk control"" layer added in 2023 for credit evaluation and fraud checks — so the open question isn't whether they'll automate, but whether their current system is actually holding up on document risk and fraud catch-rate as approvals compress toward minutes. Given the SEC cease-and-desist history around this same entity for unfair collection and undisclosed platforms, the Head of Credit/CRO likely has real incentive to tighten fraud and ID-verification controls without slowing the 3-minute application further. A bounded pilot could run Kita's Document Risk Score and AI Underwriter in shadow mode against a sample of recent ID-only applications, measuring whether it would have flagged fraud or bad debt the in-house system missed, without touching the live approval flow. Success would be a measurable lift in fraud/default flag accuracy or a reduction in manual review time on flagged cases, giving the founder/CEO a low-risk basis to decide whether to layer Kita in alongside, or in place of, the existing in-house model.",SEC list of recorded online lending platforms,SEC,CS201908271,2026-09-14,https://www.sec.gov.ph/lending-companies-and-financing-companies-2/list-of-recorded-online-lending-platforms/,https://biyayalending.ph/ https://biyaya-lending.com/ https://www.sec.gov.ph/lending-companies-and-financing-companies-2/list-of-recorded-online-lending-platforms/ https://mb.com.ph/2023/6/30/sec-orders-6-lending-firms-to-stop-unfair-collection-methods https://mb.com.ph/2023/6/28/sec-files-criminal-complaints-vs-more-online-lenders https://business.inquirer.net/599350/sec-lifts-moratorium-on-online-lending-firms
Corpfund Lending Investor Corporation,lending_company,olp_registered,prospect,Philippines,19,0.45,0.15,0.8,0.85,0.2,0.1,0.15,0.36,Operations / Credit Manager,President / General Manager (owner-operator),"Corpfund is a small, single-branch Davao lending company whose only ""online lending platform"" on record is a marketing Facebook page, which suggests, if the signals hold, that loan applications are still taken and reviewed manually in-branch rather than through any digital intake or decisioning tool. Given its 1-5% monthly small-loan book, the likely pain point is the operations/credit manager's time spent chasing and re-checking borrower documents (IDs, payslips, permits) by hand with no incumbent system to displace. The bounded pilot worth proposing is a narrow test of Kita Capture and Document Risk Score on a small batch of incoming applications, run alongside the existing manual process, with success measured as the share of files where document checks are completed without manual re-review and any change in days-to-decision. This is offered as a hypothesis to validate cheaply, not an assumption about Corpfund's current volume or tech budget, both of which remain unconfirmed.",SEC list of recorded online lending platforms,SEC,DS93000045,2026-09-14,https://www.sec.gov.ph/lending-companies-and-financing-companies-2/list-of-recorded-online-lending-platforms/,https://appointment.sec.gov.ph/wp-content/uploads/2020/06/20200531_List-of-Lending-Companies-as-of-31-May.pdf https://www.sec.gov.ph/wp-content/uploads/2023/07/2023Notices_2023-07-06-%20Order%20to%20Register%20with%20CIC%20version.pdf https://www.goodhopeph.com/ https://ploan.ph/register/125/ https://www.scribd.com/document/795873789/2024List-COMPLAINTS-HANDLING-MECHANISM-update
Crawfort Micro Lending Technologies Philippines Inc.,lending_company,olp_registered,prospect,Philippines,19,0.55,0.45,0.15,0.85,0.3,0.25,0.35,0.82,Head of Credit Risk / Risk Officer (Crawfort Philippines),"Country Manager / CEO, Crawfort Philippines (reporting into Capital C Corporation group leadership)","Crawfort PH already runs a fully paperless flow, disbursing PHP 4,000–90,000 loans through its app on top of a self-described ""AI risk control engine"" and ""Intelligent Assessment System"" for thin-file, no-credit-card borrowers — so the open question isn't whether they'll automate underwriting, but whether their in-house model is actually holding up on approval accuracy and fraud detection at this ticket size and volume. The angle is to propose a narrow, side-by-side pilot where Kita's Document Risk Score and AI Underwriter run on a slice of incoming applications (say a few hundred) in parallel with Crawfort's existing engine, comparing decision speed, document-fraud catch rate, and approval accuracy against outcomes, without touching the live production flow. If Kita's read on a sample of borderline or rejected applications turns up meaningfully better fraud or thin-file signal than the incumbent engine, that's the wedge for a deeper conversation; if not, it's a fast, low-cost no. Given the likely need for country-manager plus group-level sign-off, framing this as a bounded, reversible test rather than a platform swap is what makes it worth a first meeting.",SEC list of recorded online lending platforms,SEC,CS201906864,2026-09-14,https://www.sec.gov.ph/lending-companies-and-financing-companies-2/list-of-recorded-online-lending-platforms/,https://crawfort.com.ph/terms-of-services/ https://crawfort.com.ph/faqs/ https://crawfort.com/sg/singapores-capital-c-corporation-bags-sgd74-million-in-funding/ https://capc.com.sg/investors/ https://crawfort.com/sg/singapore-fintech-startup-capital-c-scores-54m-in-fresh-funding/ https://play.google.com/store/apps/details?id=com.crawfort.ph.upon&hl=en_SG https://fintechnews.sg/103117/funding/capital-c-funding/ https://www.sec.gov.ph/lending-companies-and-financing-companies-2/list-of-recorded-online-lending-platforms/ https://www.sec.gov.ph/lending-companies-and-financing-companies-2/press-release/ https://capc.com.sg/ https://technode.global/2024/11/08/singapores-capital-c-secures-seven-figure-investment-in-pre-series-a-funding/
"Lemery Savings and Loan Bank, Inc.",thrift_bank,,prospect,"105 Ilustre Avenue, Lemery, Batangas",18,0.4,0.15,0.75,0.9,0.25,0.1,0.15,0.18,Head of Lending / Credit Department (or Branch Manager overseeing loan approvals),President / General Manager,"Lemery Savings and Loan Bank appears to be a small, traditional Batangas thrift bank with no visible loan origination or decisioning technology in the public record, which, if accurate, likely means its salary, agricultural and small-business loans across its Lemery and Balayan branches are still underwritten manually from payslips, IDs, land titles and business permits. The angle worth testing is a narrow pilot with the Head of Lending or a branch manager: run Kita's Document Risk Score and AI Underwriter on one loan type (likely salary or SME loans) at a single branch for a fixed number of applications, comparing document rejection rates and days-to-decision against the current manual process. Given the bank's small scale, the test should be framed as low-lift and reversible, with success defined narrowly as a measurable cut in turnaround time or manual review steps rather than any assumption about volume or budget. This keeps the pitch honest about what's confirmed (a BSP-licensed thrift bank with an active charter) versus what's inferred (its process is manual and underserved by any existing vendor).",BSP Directory of Banks and Non-Bank Financial Institutions: thrift banks,BSP,61,2026-09-14,"https://www.bsp.gov.ph/_api/web/lists/getbytitle('Institutions')/items?$select=InstitutionID,Title,ShortBankName,InstitutionTypeID,InstitutionTypeID2,InstitutionTypeID3,Address,NumOffice,Status,Website,Modified&$filter=InstitutionTypeID%20eq%20'10'&$top=500","https://www.waze.com/live-map/directions/ph/calabarzon/balayan/lemery-savings-and-loan-bank,-inc.-a-thrift-bank?to=place.ChIJwfgCdSSjvTMRBBQh62svC2U https://www.facebook.com/lemerysavings/ https://www.pdic.gov.ph/files/BSDStats/Bank%20Directory_TB%20_website.pdf https://www.pdic.gov.ph/files/bsdstats/TB-Directory.pdf"
"Fuse Financing, Inc. (Formerly Fuse Lending Inc)",lending_company,olp_registered,prospect,Philippines,18,0.35,0.9,0.1,0.9,0.15,0.35,0.4,0.94,Head of Credit Risk / Credit Risk Analyst,"President and CEO, Fuse Financing Inc. (or Mynt Group CTO/Chief Risk Officer)","Fuse's core underwriting already runs on GCash's own behavioural and transaction data, so the more interesting test isn't the GLoan consumer flow but the $30M ADB-backed MSME push into rural and women-owned businesses, farmers, market vendors, and sari-sari store owners who are likely thin- or no-file on GCash itself and may still require permits, IDs, or bank statements to close the loan. The hypothesis worth testing is narrow: for that new-to-GCash MSME segment, can Kita's Document Risk Score and AI Underwriter cut the share of applications that fall back to manual document review, without touching the existing consumer underwriting stack. A bounded pilot would route a slice of new rural/MSME applicants through Kita alongside the incumbent flow and compare days-to-decision and manual-step rate, treating it as a scoped complement to, not a replacement for, the in-house model.",SEC list of recorded online lending platforms,SEC,CS201617622,2026-09-14,https://www.sec.gov.ph/lending-companies-and-financing-companies-2/list-of-recorded-online-lending-platforms/,https://www.adb.org/news/adb-commits-30-million-loan-support-msmes-philippines https://www.prnewswire.com/apac/news-releases/adb-grants-ph-fintech-leader-gcash-with-30-m-credit-facility-to-expand-loan-access-to-msmes-women-entrepreneurs-especially-in-high-poverty-areas-302684886.html https://gcash.com/terms-and-conditions/gloan https://briefglance.com/articles/adb-backs-gcash-with-30m-to-fuel-philippine-msme-growth https://fintechnews.ph/72230/lending/sec-gcash-fuse-financing-responsible-lending-philippines/ https://ploan.ph/loan/fuselending/ https://mynt.com.ph/newsroom/gcash-advisory-on-impostor-entity-fuse-lending-shut-down-by-sec-for-illegally-using-former-name-of-gcash-lending-arm https://mb.com.ph/2025/08/11/sec-shuts-down-fuse-lending-suspends-sumulong-financing-over-violations https://www.sunstar.com.ph/davao/business/fuse-financing-bridges-financing-gaps-for-millions-of-msmes-nationwide https://en.wikipedia.org/wiki/GCash https://builtin.com/job/credit-risk-analyst/3520140
PXT Lending Investors Inc,lending_company,olp_registered,prospect,Philippines,18,0.4,0.3,0.3,0.85,0.3,0.2,0.15,0.73,Head of Credit / Risk Control,CEO / General Manager,"PXT approves and disburses ID-only cash loans in minutes and already markets a ""professional risk control system,"" which suggests some automated decisioning layer is in place rather than the manual, document-heavy process Kita usually displaces — so the open question for the Head of Credit / Risk Control is whether that system is actually catching fraud and thin-file risk well, or just moving fast. A bounded pilot could run Kita's Document Risk Score and AI Underwriter alongside PXT's existing flow on a slice of incoming ID-only applications, purely as a shadow decision, to see whether it flags fraud rings or bad-actor patterns the current system misses without slowing down the minutes-level approval time PXT advertises. Success would be measured narrowly: does the shadow score materially change accept/decline calls on a sample of applications, and does it reduce the kind of impersonation and fraud exposure PXT is already publicly warning borrowers about. If it doesn't move those numbers, the honest conclusion is that PXT's current stack is good enough and this isn't the account to pursue further.",SEC list of recorded online lending platforms,SEC,CS201803298,2026-09-14,https://www.sec.gov.ph/lending-companies-and-financing-companies-2/list-of-recorded-online-lending-platforms/,https://apps.apple.com/ph/app/pxt-loan-online-loan/id6739958464 https://play.google.com/store/apps/details?id=org.pxt.online.loan&hl=en https://www.pxtlending.com/ https://play.google.com/store/apps/details?id=org.pxt.online.loan https://www.mexc.com/news/773823
Neuroncredit Financing Company Inc.,lending_company,olp_registered,prospect,Philippines,17,0.3,0.75,0.1,0.9,0.2,0.45,0.35,0.94,Head of Credit Risk / Credit Officer (Philippines),"Country General Manager / Country Head, Atome Philippines","Neuroncredit's Atome card and cash loan already run on lightweight, ID-and-KYC decisioning built by its Singapore parent, with approval in 1-2 days and ""no paperwork required"" for most applicants, but a locally posted credit-officer role suggests a manual review lane still exists for a subset of applications that don't clear the automated path. The angle for Kita is narrow: propose a bounded pilot on just that manual-review queue, testing whether Document Risk Score and AI Underwriter can lift the share of those edge-case applications decided without human review and cut their days-to-decision, without touching the group's core in-house decisioning stack. Given Neuroncredit likely defaults to its parent's shared AI/credit infrastructure for anything core, this is framed as a scoped, reversible test on the residual manual slice rather than a platform replacement, with success measured purely by reduction in manual-review turnaround and rejection rate on that subset.",SEC list of recorded online lending platforms,SEC,CS201816338,2026-09-14,https://www.sec.gov.ph/lending-companies-and-financing-companies-2/list-of-recorded-online-lending-platforms/,https://apps.apple.com/ph/app/atome-ph-buy-now-pay-later/id1577294865 https://play.google.com/store/apps/details?id=ph.atome.paylater&hl=en https://ph.jobstreet.com/companies/atome-168552980622510 https://www.cbinsights.com/company/atome https://sg.finance.yahoo.com/news/atome-secures-75-mln-financing-010000455.html https://www.mexc.com/news/468572 https://philjobnet.gov.ph/job-vacancies/company/neuroncredit-financing-company-inc-422318 https://www.sec.gov.ph/lending-companies-and-financing-companies-2/list-of-recorded-online-lending-platforms/ https://apps.apple.com/ph/app/id1577294865
"Plentina Lending, Inc. Doing Business Under The Name And Style Of Plentina",lending_company,olp_registered,prospect,Philippines,17,0.3,0.45,0.15,0.9,0.5,0.25,0.4,1.00,Head of Credit Risk / Data Science,CEO / Co-founder,"Plentina's flagship flow already approves most borrowers in under five minutes off an ID and a selfie using its own in-house ML score, so the wedge here is narrower than Kita's usual document-heavy pitch: the visible opening is the slower secondary path, where applicants submitting proof of employment can wait up to three business days for manual review. A bounded pilot could test whether Kita's Document Risk Score and AI Underwriter can compress that specific employment-verification queue — the segment Plentina's core model doesn't auto-clear — down from multi-day to near-real-time, measured on days-to-decision and share of that sub-segment cleared without manual review. Given Plentina has already built and markets its own alternative-data scoring engine as its core IP, this should be framed as augmenting the one segment its model still routes to a human, not replacing the scoring stack, and success in that narrow slice would be the basis for any broader conversation.",SEC list of recorded online lending platforms,SEC,CS20200001117,2026-09-14,https://www.sec.gov.ph/lending-companies-and-financing-companies-2/list-of-recorded-online-lending-platforms/,https://apps.apple.com/us/app/plentina-ph/id1605931503 https://www.plentina.com/ https://techcrunch.com/2021/04/15/philippines-buy-now-pay-later-startup-plentina-raises-2-2m-seed-round/ https://www.moneymax.ph/loans/articles/plentina-loan https://www.crowdfundinsider.com/2022/01/186313-bnpl-fintech-plentina-teams-up-with-southeast-asias-digital-retailer-zalora/ https://www.technologyforyou.org/philippines-buy-now-pay-later-startup-plentina-raises-2-2m-seed-round/ https://triceloans.ph/plentina-review/ https://www.cbinsights.com/company/plentina https://www.crunchbase.com/organization/plentina https://www.sec.gov.ph/lending-companies-and-financing-companies-2/list-of-recorded-online-lending-platforms/ https://hubbis.com/news/plentina-wealth-pioneers-robo-advisory-services-in-the-philippines-aiming-to-transform-nation-into-investors
"Yuanta Savings Bank Philippines, Inc.",thrift_bank,,prospect,"G/F Chatham House Condominium, 116 Valero cor. V.A. Rufino Sts. , Salcedo Village, 1227 Makati City",16,0.25,0.2,0.55,0.9,0.25,0.15,0.3,0.72,Head of Credit / Chief Risk Officer,Bank President / Country CEO (subject to Taiwan parent board approval),"Yuanta Savings Bank Philippines is a small, single-office thrift bank whose disclosed loan book is collateral- and appraisal-based (secured personal and home loans), not the document-only, thin-file MSME/consumer lending Kita is built for, so this is a weaker fit than the wedge's core profile and any conversation should test that mismatch head-on rather than assume it. If, as it appears from the bank's low volume (23rd among thrift banks by assets, branch closures since 2020) and lack of any visible digital-lending push, there is nonetheless a manual, appraisal-and-document-heavy step in processing collateral valuations, IDs and permits for its secured personal loans, a bounded pilot would run Kita's Document Risk Score and Capture tools on a small batch of recent secured-loan files to see whether document verification time or rejection/rework rate drops, with the Head of Credit as the person best placed to judge whether that manual step is actually painful enough to matter. The success metric to agree upfront: does automated document scoring cut days-to-decision or manual touches on this specific loan type by a meaningful margin on a sample of, say, 20-30 files, before any conversation about broader rollout given the likely need for Taiwan parent sign-off.",BSP Directory of Banks and Non-Bank Financial Institutions: thrift banks,BSP,78,2026-09-14,"https://www.bsp.gov.ph/_api/web/lists/getbytitle('Institutions')/items?$select=InstitutionID,Title,ShortBankName,InstitutionTypeID,InstitutionTypeID2,InstitutionTypeID3,Address,NumOffice,Status,Website,Modified&$filter=InstitutionTypeID%20eq%20'10'&$top=500",https://www.crunchbase.com/organization/yuanta-savings-bank-philippines https://www.yuanta.com/EN/Yuanta-Group/Bank/Products-and-Services https://www.yuanta.com.ph/loans.html https://yuanta.com.ph/assets/annualreport2024.pdf https://en.wikipedia.org/wiki/List_of_largest_banks_in_the_Philippines https://yuanta.com.ph/about.html https://www.zoominfo.com/c/yuanta-savings-bank-philippines-inc/452509985 https://www.sec.gov.ph/lending-companies-and-financing-companies-2/list-of-revoked-and-suspended-lending-companies/ https://www.yuanta.com/EN/News-and-Media/Announcements/Detail?id=6e7853d8-f8b0-4f29-be51-3492819b955f https://www.zoominfo.com/pic/yuanta-savings-bank-philippines-inc/452509985 https://yuanta.com.ph/ https://ctb.com.ph/yuanta-savings-bank-philippines-inc-2/
Kviku Lending Co. Inc.,lending_company,olp_registered,prospect,Philippines,16,0.3,0.4,0.15,0.9,0.3,0.4,0.25,0.78,Head of Credit Risk / Country Risk Manager (Kviku Philippines),"Country Manager / Local CEO of Kviku Lending Co. Inc., subject to sign-off from Kviku Group's central credit/technology leadership","Kviku already runs a fast, single-ID, minimal-paperwork app flow with a Trusting Social alternative-scoring integration, so this isn't the manual-underwriting rescue Kita usually pitches — the honest angle is a benchmark, not a fix. With the SEC's new framework pushing lending companies toward mandatory Credit Information Corporation checks and away from outsourced core lending functions, the Country Risk Manager likely needs to show the current scoring stack still holds up (or improve it) without ceding control of the decision itself. The bounded test: run Kita's AI Underwriter or Document Risk Score in shadow mode against a sample of recent Kviku PH applications, comparing approval accuracy, fraud/document-risk flags, and time-to-decision against the existing Trusting Social-based flow, with no change to the live borrower experience. Success would be a measurable lift in decision quality or speed on a defined cohort, giving the local team hard evidence to bring to group technology leadership before any procurement conversation starts.",SEC list of recorded online lending platforms,SEC,CS201918702,2026-09-14,https://www.sec.gov.ph/lending-companies-and-financing-companies-2/list-of-recorded-online-lending-platforms/,https://play.google.com/store/apps/details?id=com.kviku.ph.mobile&hl=en https://ploan.ph/register/3169/ https://kviku.ph/faq https://kviku.finance/ https://riskseal.io/blog/10-best-apis-for-predictive-credit-scoring-in-lending-platforms-2026-edition https://cy.linkedin.com/company/kviku https://kviku.ph/contacts https://www.sec.gov.ph/lending-companies-and-financing-companies-2/press-release/ https://p2pdash.com/platforms/kviku/ https://business.inquirer.net/599350/sec-lifts-moratorium-on-online-lending-firms https://www.mexc.com/news/917302
"Maribank Philippines, Inc.",digital_bank,,prospect,"32 Rizal St., Poblacion 2, Pagsanjan, 4008 Laguna",15,0.2,0.5,0.15,0.6,0.25,0.45,0.35,0.82,Credit Risk Lead / Head of Credit Risk,Chief Risk Officer or Country President/CEO,"Maribank Philippines' consumer credit line runs instantly on Shopee/ShopeePay/SPayLater behavioural data with no document upload, which is precisely the kind of thin-file-but-behaviourally-rich book that's hardest to extend beyond ""selected users"" without pulling in harder-to-verify applicants who do need document-based underwriting (payslips, IDs, business permits). Given the bank's own job postings show it is building scorecards and ECL models in-house rather than buying decisioning software, the angle is not to replace that stack but to propose a narrow pilot: run Kita's Document Risk Score and AI Underwriter alongside the existing model on a defined slice of applicants who fall outside the current behavioural-data eligibility criteria (e.g., non-Shopee-linked or new-to-ecosystem borrowers), and compare share of these applications decided without manual review and days-to-decision against the incumbent process. If the pilot shows Kita can extend the addressable applicant pool at comparable approval quality, that's the basis for a broader conversation; if not, the cost is limited to one cohort and one integration test.",BSP Directory of Banks and Non-Bank Financial Institutions: digital banks,BSP,211,2026-09-14,"https://www.bsp.gov.ph/_api/web/lists/getbytitle('Institutions')/items?$select=InstitutionID,Title,ShortBankName,InstitutionTypeID,InstitutionTypeID2,InstitutionTypeID3,Address,NumOffice,Status,Website,Modified&$filter=InstitutionTypeID%20eq%20'14'&$top=500","https://www.maribank.ph/product/maribank-credit https://play.google.com/store/apps/details?id=ph.seabank.seabank&hl=en https://fintechnews.ph/72540/digital-banking-news-philippines/maribank-digital-bank-licence-philippines/ https://ph.trabajo.org/job-4112-2632f93d6b078ea3ac3e4d8ef92d54e1 https://ph.trabajo.org/job-2273-bd03cc4226c0a9b2de717b3cd19d945b https://www.gmanetwork.com/news/money/companies/995914/maribank-philippines-is-country-s-seventh-digital-bank-licensee/story/ https://www.rappler.com/business/maribank-officially-reclassified-digital-bank-bangko-sentral-pilipinas/ https://www.bsp.gov.ph/_api/web/lists/getbytitle('Institutions')/items?$select=InstitutionID,Title,ShortBankName,InstitutionTypeID,InstitutionTypeID2,InstitutionTypeID3,Address,NumOffice,Status,Website,Modified&$filter=InstitutionTypeID%20eq%20'14'&$top=500 https://apps.apple.com/us/app/-/id1592249158 https://ph.trabajo.org/job-2273-51453aaf35dc968641b4ce2ad579b0c1 https://www.philstar.com/business/2026/07/25/2544422/maribank-becomes-7th-digital-bank-philippines"
Pera247 Lending Corporation,lending_company,olp_registered,prospect,Philippines,15,0.3,0.45,0.15,0.9,0.4,0.15,0.2,0.86,Head of Credit / Chief Risk Officer,CEO / Co-founder (or parent-group CTO),"Pera247 already decides most loans in minutes off behavioral smartphone data alone, which is a poorer fit for Kita's document-driven underwriting than most Philippine lending-company targets — but that same algorithm-first approach means approval quality and fraud losses likely fall entirely on the in-house model's blind spots, with no document layer to cross-check identity or income claims. The angle worth testing with the Head of Credit is narrow: run Kita's Document Risk Score and AI Underwriter as a secondary check on a slice of applications (say, larger-ticket loans in the PHP 15,000-70,000 band) where a borrower does submit an ID or payslip, to see whether adding a document-based signal measurably cuts default or fraud rate versus behavioral-data-only decisions. Success would be a defined lift in approval accuracy or fraud detection on that pilot slice within 60-90 days, not a wholesale replacement of the existing scoring engine, given how central that engine is to Pera247's own positioning.",SEC list of recorded online lending platforms,SEC,CS201734339,2026-09-14,https://www.sec.gov.ph/lending-companies-and-financing-companies-2/list-of-recorded-online-lending-platforms/,https://www.digitalnewsasia.com/startups/asiakredit-launches-pera247-mobile-lending-app-philippines https://www.digitalnewsasia.com/digital-economy/asiakredit-pushes-consumer-finance https://cashloanph.com/pera247ph/ https://www.theasianbanker.com/press-releases/gobear-acquires-asiakredit-to-expand-alternate-consumer-lending-services https://ploan.ph/register/2582/ https://asiakredit.com/about-us https://asiakredit.com/news-and-team-articles/6 https://businessmirror.com.ph/2020/05/06/gobear-acquires-asiakredit-to-expand-alternate-consumer-lending-services/ https://www.asiaone.com/business/asiakredit-pushes-consumer-finance-new-suite-digital-installment-products-underbanked
PIPO Financing (PH) Inc. (formerly known as Kidmmanj Lending Inc.),lending_company,olp_registered,prospect,Philippines,15,0.3,0.45,0.15,0.85,0.12,0.35,0.2,0.79,Local Head of Credit Risk / Compliance for the licensed lending entity,Group/Regional Fintech or Lending Technology Lead (parent platform level),"Given that PIPO Financing (PH), Inc. now exists mainly as the SEC-licensed shell running TikTok Paylater, and that ByteDance's own documentation describes the credit evaluation as fully automated end-to-end on ID verification plus self-reported income, the honest angle is to test whether there's any local underwriting surface left to improve at all, rather than assume a document-heavy manual process like Kita's typical wedge. A bounded pilot would target the Local Head of Credit Risk/Compliance and ask a narrow question: for whatever slice of applications or edge cases (e.g., failed liveness checks, disputed income claims, or CIC data reconciliation flagged in the February 2026 meeting) still touch a human reviewer locally, could Kita's Document Risk Score or AI Underwriter shorten time-to-decision or reduce manual override rate on just that subset. Success would be measured narrowly — days-to-decision or percent of that specific exception queue resolved without escalation — before any conversation about the core Paylater decisioning stack, which almost certainly sits with ByteDance's group fintech function and is out of reach for a local pilot.",SEC list of recorded online lending platforms,SEC,CS201729260,2026-09-14,https://www.sec.gov.ph/lending-companies-and-financing-companies-2/list-of-recorded-online-lending-platforms/,https://seller-ph.tiktok.com/university/essay?knowledge_id=4624759246620417&lang=en https://seller-th.tiktok.com/university/essay?knowledge_id=2761315857123089&lang=en https://eu.36kr.com/en/p/3934685659518855 https://bworldonline.com/corporate/2026/07/16/763744/sec-flags-websites-posing-as-financing-firms/ https://x.com/creditinfogovph/status/2023299974176649378
CASH-EXPRESS PHILIPPINES FINANCING INC. UNDER THE BUSINESS STYLE AND NAME OF CASH-EXPRESS (Formerly Cashxpress South East Asia Lending Inc),lending_company,olp_registered,prospect,Philippines,14,0.35,0.3,0.15,0.8,0.25,0.25,0.2,0.73,Philippines Country Manager / Local Head of Risk & Collections,"Group-level Head of Risk Technology / CTO (Aventus Group), with the local Country CEO as gatekeeper","Cash-Express already markets itself as fully automated—ID plus selfie, approval in 5-15 minutes, no branch visit—which suggests the group's own Aventus IT platform is handling document verification and decisioning today, not a manual underwriting gap Kita would normally target. The honest test here is narrower: given the company's small, unsecured PHP 1,000-25,000 book and thin local team, is that automated verification actually catching fraud and thin-file risk well, or is speed being achieved at the cost of higher default or document-rejection rates that never surface publicly? A bounded pilot would run Kita's Document Risk Score and AI Underwriter in shadow mode against a slice of live applications for 30-60 days, comparing Kita's decision and risk flags to the incumbent Aventus system's outcomes on the same files, with success defined as a measurable reduction in downstream delinquency or manual review escalations without slowing the current minutes-long approval time. Given that vendor decisions likely sit with the Lithuania-based group rather than the local Philippine team, this pilot would need to be framed as a benchmark the local risk/collections lead can champion upward, not a replacement sale.",SEC list of recorded online lending platforms,SEC,CS201951088,2026-09-14,https://www.sec.gov.ph/lending-companies-and-financing-companies-2/list-of-recorded-online-lending-platforms/,https://cash-express.ph/ https://maanimo.ph/lenders/cash-express https://fastloans.ph/cash-express/ https://peerberry.com/cashxpress-loans-from-the-philippines-are-back-to-the-peerberry-platform/ https://rocketreach.co/cash-express-philippines-financing-inc-profile_b76a0107c53c200d https://aventusit.eu/clients/ https://www.linkedin.com/company/cash-express-ph/ https://www.facebook.com/cashexpressphilippines/ https://www.foi.gov.ph/requests/cash-express-unfair-lending-practices-and-unrealistic-interest-and-loan-terms/ https://aventusgroup.com/
FINGERTIP FINANCE CORP. doing business under the name and style of Big Loan (Formerly: FINGERTIP LENDING CORP. doing business under the name and style of Big Loan),lending_company,olp_registered,prospect,Philippines,14,0.35,0.5,0.12,0.65,0.18,0.2,0.2,0.69,Local Head of Credit/Underwriting (Philippines country operation),Group/Regional Chief Technology or Risk Officer (Robocash/UnaFinancial parent),"Given that Big Loan already approves nano-loans off a single government ID in minutes, the honest opening with the Local Head of Credit/Underwriting is not ""digitize your documents"" but a narrower question: whether the in-house Robocash scoring stack, likely built and tuned centrally, is leaving approval-rate or fraud-loss edge cases on the table for the first-time-borrower segment (PHP 1,000–25,000), where thin-file risk is highest and group-level models may be least locally tuned. The bounded pilot would be to run Kita's AI Underwriter or Document Risk Score as a shadow/challenger model against a slice of first-time applications for a fixed window, measuring only approval-rate lift and fraud/default variance versus the incumbent decision, with no change to the live application flow. If the challenger doesn't beat the in-house model on that slice, the hypothesis fails cheaply; if it does, it's a narrow, quantifiable wedge into a segment the parent's centralized stack may not have optimized for this market.",SEC list of recorded online lending platforms,SEC,2020070001053-00,2026-09-14,https://www.sec.gov.ph/lending-companies-and-financing-companies-2/list-of-recorded-online-lending-platforms/,https://play.google.com/store/apps/details?id=ph.bigloan.mobile&hl=es_US https://apps.apple.com/ph/app/big-loan-loan-app-philippines/id6771210626 https://apac.entrepreneur.com/finance/this-fintech-compay-can-process-your-loans-in-15-minutes/340125 https://big-loan.en.softonic.com/android https://explorep2p.com/robocash-news/ https://crowdindex.org/platforms/robocash/ https://mb.com.ph/2026/03/02/sec-permanently-halts-digido-lending-operations https://www.facebook.com/fb-answers/sec-registered-online-lending-companies/ https://marcoschwartz.com/robocash-review/ https://bworldonline.com/corporate/2026/03/02/733451/sec-orders-digido-to-permanently-halt-financing-operations/
"Grab Financial Services Philippines, Inc",lending_company,olp_registered,prospect,Philippines,10,0.12,0.5,0.08,0.9,0.12,0.5,0.3,0.95,"Head of Credit Risk & Collections, Philippines",Country/Regional Head of Grab Financial Services (GFSA leadership),"GrabFinance's core consumer and driver cash loans run entirely on in-house behavioral scoring with no submitted documents, which is precisely the profile the wedge deprioritizes, but the Security Bank-partnered personal loan product and the incoming Atome integration likely still involve some document-based or hybrid underwriting outside Grab's proprietary ride/order data. The angle worth testing with the Philippines Head of Credit Risk & Collections is narrow: whether Kita's Document Risk Score and AI Underwriter can compress decisioning on that partner-run or newly-acquired book specifically, not the flagship in-app cash loan flow. A bounded pilot would run a fixed batch of SB Finance or Atome-sourced applications through Kita in parallel with the existing process, measuring days-to-decision and share resolved without manual review, to see if there's a real seam beneath the behavioral-scoring core before assuming there isn't one.",SEC list of recorded online lending platforms,SEC,CS201905977,2026-09-14,https://www.sec.gov.ph/lending-companies-and-financing-companies-2/list-of-recorded-online-lending-platforms/,https://www.grab.com/ph/grab-cash-loan/ https://www.grab.com/ph/driver/finance/cash-loan/ https://fintechnews.ph/70779/lending/grab-consumer-cash-loan-philippines/ https://www.revu.com.ph/2026/04/how-to-apply-grab-cash-loan-philippines/ https://stocktwits.com/news-articles/markets/equity/grab-stock-gains-on-1-49b-atome-lending-deal-loan-portfolio-seen-above-6b/cZtn7gSRBcc https://business.inquirer.net/400045/grabfinance-lowers-monthly-lending-rate-to-1 https://www.dreamworkhq.com/job/a8bd3371-42ee-4b7f-9610-47d9e88df2e6 https://www.dreamworkhq.com/job/dd65c1f4-63fe-4529-a624-3f97ac24fd53 https://www.grab.careers/en/jobs/744000075167315/financial-credit-risk-collections-head/ https://mb.com.ph/2026/03/04/fintech-alliance-ph-official-statement-on-grabfinance https://www.grab.com/inside-grab/stories/grabx-cash-loan-for-consumers/
KREDIVO PHILIPPINES LENDING CORP. (Formerly Advantage Lending Corp),lending_company,olp_registered,prospect,Philippines,8,0.15,0.35,0.07,0.8,0.12,0.3,0.25,0.83,"Country Manager / Head of Risk, Kredivo Philippines","Group Chief Risk Officer / Head of Credit Technology, Kredivo Group (Singapore/Jakarta HQ)","Kredivo Philippines already runs decisions in minutes on its own real-time engine, so the honest opening isn't ""you need automated underwriting"" but a narrower question: does that group-level model handle Philippine-specific thin-file edge cases as well as it should, particularly where cash-loan applicants lack the device/behavioral history the model relies on. A bounded pilot would be for the local risk team to route a sample of borderline or declined applications through Kita's Document Risk Score and AI Underwriter to see whether document-based signals (payslips, IDs) catch approvable borrowers the current model is missing, measured purely on incremental approval rate and false-decline rate on that sample, with no change to the live decision flow. If it doesn't move those numbers, the group's in-house engine is doing its job and this isn't a fit; if it does, that's a concrete, low-risk data point for the country risk lead to bring to the group's central credit-technology team.",SEC list of recorded online lending platforms,SEC,CS201905678,2026-09-14,https://www.sec.gov.ph/lending-companies-and-financing-companies-2/list-of-recorded-online-lending-platforms/,https://apps.apple.com/ph/app/6742513535?platform=iphone https://kredivo.com.ph/en/ https://www.linkedin.com/company/kredivo-group https://play.google.com/store/apps/details?id=com.kredivo.ph.android&hl=en_US https://www.sec.gov/Archives/edgar/data/1840792/000119312522074165/d313258dex991.htm https://www.prweb.com/releases/Kredivo_Raises_USD30_Million_Series_B_to_Accelerate_Expansion_in_Southeast_Asia/prweb15647073.htm https://kredivo.com.ph/en/termandcondition/ http://www.amlc.gov.ph/images/PDFs/Main/SEC31Jan25.pdf https://www.cbinsights.com/investor/finaccel https://www.facebook.com/kredivo.ph/posts/big-news-kredivo-credit-limit-just-leveled-up-from-30000-now-up-to-50000more-lim/122230261634448818/ https://rocketreach.co/kredivo-group-profile_b710ee65c4a34240
"Monee (Credit) Finance Philippines, Inc. doing business under the name SPayLater and Sloans (formerly Seamoney (Credit) Finance Phil Inc)",lending_company,olp_registered,prospect,Philippines,7,0.12,0.6,0.05,0.65,0.08,0.2,0.15,0.88,Regional Head of Credit Risk / Data Science (Monee),"Group Chief Risk Officer / CFO, Monee (Sea Ltd digital financial services)","Given that Monee's SPayLater and SLoans decisions already run on Shopee/ShopeePay ecosystem data and in-house ML models rather than borrower-submitted documents, the honest angle here is a narrow one: test whether Kita's Document Risk Score or AI Underwriter adds anything only for the segment of applicants who fall outside that ecosystem data, for example thin-file or off-platform borrowers who still have to submit IDs, payslips, or bank statements to qualify. A bounded pilot would route just that edge-case queue through Kita's AI Underwriter for 60-90 days and compare days-to-decision and approval-without-manual-review rates against the in-house model's baseline on the same segment. If, as the signals suggest, this population is small and the core underwriting stack is considered a competitive moat, the pilot should be framed to the regional credit risk lead as a low-cost way to validate (or rule out) whether outside document-based underwriting has any edge over what Monee already built in-house.",SEC list of recorded online lending platforms,SEC,CS202005382,2026-09-14,https://www.sec.gov.ph/lending-companies-and-financing-companies-2/list-of-recorded-online-lending-platforms/,https://shopee.ph/blog/shopee-buy-now-pay-later/ https://www.popularfintech.com/p/it-started-with-a-game-sea-limited-fintech-a6a97650f0ca900d https://zackzhuadventure.substack.com/p/sea-limiteds-monee-in-2026-what-its https://www.barchart.com/story/news/33231483/sea-ltd-is-quietly-building-up-a-fintech-empire https://sg.prosple.com/graduate-employers/seamoney/jobs-internships/seamoney-credit-risk-modelling-intern-0 https://apps.apple.com/ph/app/id959841854 https://help.shopee.ph/portal/4/article/166075-SeaMoney-Credit-Terms-and-Conditions https://www.sec.gov.ph/sec-issuances/cease-and-desist-orders/ https://fortune.com/asia/2025/05/08/sea-rebrand-seamoney-to-monee-fintech/ https://en.wikipedia.org/wiki/Sea_Ltd
"Legazpi Savings Bank, Inc.",thrift_bank,,prospect,"738 Building Rizal Street, Old Albay, Legazpi City",0,0.45,0.45,0.15,0.45,0.1,0.15,0.2,0.94,Head of Consumer Lending / Credit Officer (Teachers' Loan program),"President/COO of the bank (or, post-merger, BanKo's business head of financial inclusion and microfinance)","Given that Legazpi Savings Bank is about to be absorbed into BanKo effective around October 1, 2026, the honest angle isn't a pilot with LSB itself but a conversation about whether its one clearly document-driven, non-payroll lending lines — the business and real estate loan products that sit alongside the payroll-secured Teachers' Loan — are worth testing before or through that transition. The hypothesis to raise with the credit/consumer-lending role is narrow: for LSB's smaller MSME or real estate applications (not the already-digitized, payslip-only Teachers' Loan), a bounded pilot of Kita's Document Risk Score and AI Underwriter on a sample of recent files could show whether turnaround and manual-review share improve enough to matter to BanKo's post-merger underwriting stack. Success would be measured narrowly — days-to-decision and share of files cleared without manual escalation on that MSME/real-estate subset — with the explicit framing that any resulting relationship would need to transfer to BanKo's team, since LSB will not exist as a contracting entity within weeks.",BSP Directory of Banks and Non-Bank Financial Institutions: thrift banks,BSP,60,2026-09-14,"https://www.bsp.gov.ph/_api/web/lists/getbytitle('Institutions')/items?$select=InstitutionID,Title,ShortBankName,InstitutionTypeID,InstitutionTypeID2,InstitutionTypeID3,Address,NumOffice,Status,Website,Modified&$filter=InstitutionTypeID%20eq%20'10'&$top=500",https://www.bpi.com.ph/about-bpi/news/bpis-lsb-opens-branch-lite-units-to-bring-banking-closer-to-teachers-in-north-luzon https://www.bloomberg.com/profile/company/1361738D:PM https://www.pressreader.com/philippines/the-philippine-star/20260710/282213722571924 https://bworldonline.com/banking-finance/2026/07/09/762110/monetary-board-approves-merger-of-bpis-banko-legazpi-savings-bank/ https://www.bpi.com.ph/about-bpi/news/banko-taps-ifc https://www.theasianbanker.com/updates-and-articles/bpi-deepens-its-support-for-small-businesses-through-digital-innovation-and-customer-centric-solutions https://apds.online.legazpibank.com.ph/Apply https://www.bsp.gov.ph/ https://bilyonaryo.com/2026/07/08/bsp-clears-bpis-banko-legazpi-savings-merger/money/ https://www.bpi.com.ph/about-bpi/news/bpi-expands-financial-access-for-filipinos-through-lsb https://www.philstar.com/business/2026/07/10/2541012/banko-legazpi-savings-bank-merger-gets-bsp-nod https://bworldonline.com/banking-finance/2025/12/19/719866/bpi-plans-to-merge-thrift-units-banko-legazpi-savings-bank/
Cash Mart Asia Lending Inc.,lending_company,olp_registered,prospect,Philippines,0,0.75,0.4,0.65,0.3,0.3,0.2,0.15,0.69,Head of Credit / Collections Operations,CEO / General Manager,"Cash Mart's own app flow shows a single-ID-plus-payslip application that still routes through a manual phone-call verification before disbursement on ₱5,000–₱30,000 salary and personal loans — the kind of document-light but human-gated step Kita's AI Underwriter and Document Risk Score are built to compress. Given no named LOS or decisioning vendor turns up publicly, it's worth testing, as a hypothesis, whether a bounded pilot on one loan product (say salary loans) could show a measurable share of applications cleared without the verification call, or a cut in days-to-decision, while document rejection rates stay flat or improve. Before any commercial conversation, though, it's worth having the Head of Credit/Collections Operations confirm current SEC/Certificate of Authority standing, since public reporting flags a 2025 revocation that conflicts with the company's current listing on SEC's recorded online-lending-platform registry. If that's resolved, the pilot itself should stay narrow: one product line, a fixed cohort of applications, and a pre-agreed metric the credit ops lead already tracks internally.",SEC list of recorded online lending platforms,SEC,CS201610084,2026-09-14,https://www.sec.gov.ph/lending-companies-and-financing-companies-2/list-of-recorded-online-lending-platforms/,https://ploan.ph/loan/cashmart/ https://www.cashmartph.com/ https://finanso.com/ph/cashmart/apply/ https://apps.apple.com/ph/app/cash-mart-philippines/id1514626499 https://ph.jobstreet.com/Cash-Mart-Asia-Lending-Inc.-jobs https://play.google.com/store/apps/details?id=com.cashmart.cashmart&hl=en_US https://www.philstar.com/business/2025/06/03/2447687/sec-cancels-licenses-more-lending-financing-companies https://businessmirror.com.ph/2025/06/02/sec-shuts-down-56-delinquent-lending-companies/ https://www.sec.gov.ph/lending-companies-and-financing-companies-2/list-of-recorded-online-lending-platforms/
Elending Lending Inc,lending_company,olp_registered,prospect,Philippines,0,0.45,0.3,0.45,0.35,0.3,0.2,0.15,0.60,Head of Credit Risk / Compliance Officer,CEO / General Manager,"Elending's Pocketcash product already approves consumer microloans off little more than a government ID in under five minutes, which suggests the underwriting is either lightly automated or hinges on a shared/white-label decisioning stack rather than a document-heavy manual review — the opposite of the thin-file, document-bottleneck profile Kita usually fixes, and worth confirming before assuming fit. Given the 2024 SEC cease-and-desist order over reportorial and consumer-protection gaps, a more credible entry point than ""faster underwriting"" may be Document Risk Score and Kita Capture applied narrowly to identity and consumer-protection disclosure checks, framed as a compliance-hygiene pilot rather than a speed pitch. The bounded test: run a sample of recent Pocketcash applications through Kita's document capture and risk scoring in shadow mode and see whether it surfaces verification or disclosure gaps the current flow misses, with success measured as a reduction in flagged compliance exceptions rather than days-to-decision. This should be treated as a hypothesis to validate with the credit risk/compliance owner before any broader underwriting conversation, since almost everything about their current stack is inferred, not confirmed.",SEC list of recorded online lending platforms,SEC,CS201912383,2026-09-14,https://www.sec.gov.ph/lending-companies-and-financing-companies-2/list-of-recorded-online-lending-platforms/,https://play.google.com/store/apps/details?id=cas.eleding.po&hl=en https://www.elending-lending-inc.com/ https://allthebestloans.ph/loan/pocketcash/ https://www.sec.gov.ph/lending-companies-and-financing-companies-2/list-of-recorded-online-lending-platforms/ https://mb.com.ph/2024/6/25/sec-orders-6-lending-firms-to-stop-operations https://onlineloansphilippines.com/loans/pocketcash/
Fast Coin Lending Corp,lending_company,olp_registered,prospect,Philippines,0,0.45,0.25,0.65,0.15,0.2,0.4,0.15,0.77,Head of Risk & Compliance / Chief Risk Officer,CEO / President,"Given that the SEC's July 2026 fine cites Fast Coin's CashGuard app for generating multiple loan accounts across eight loan products for the same borrowers, the underlying problem looks less like slow manual review and more like an in-house 3-minute approval flow that lacks real cross-check on applicant identity and existing exposure. The angle for a first conversation is to propose a narrow pilot where Kita's Document Risk Score and AI Underwriter run in parallel (not yet live) on a sample of CashGuard applications to test whether document- and ID-based checks would have flagged the stacked-loan pattern the SEC penalized, with success measured as the share of those flagged applicants correctly identified pre-disbursement versus the current process. This is framed to the Head of Risk & Compliance as a way to build an evidence base for the next SEC review, not as a full platform swap, given the company's small size and unresolved regulatory standing.",SEC list of recorded online lending platforms,SEC,CS20190000277,2026-09-14,https://www.sec.gov.ph/lending-companies-and-financing-companies-2/list-of-recorded-online-lending-platforms/,https://www.cashguardapp.com/help-center https://mb.com.ph/2026/07/16/fast-coin-lending-fined-for-unfair-debt-collection-practices-excessive-rates https://loanappreviewphilippines.com/cashguard-loan-review/ https://www.philstar.com/headlines/2023/01/25/2240192/sec-revokes-license-and-registration-fast-coin-lending-firm https://www.sec.gov.ph/pr-lcfc/sec-revokes-fast-coin-lending-license-corporate-registration/ https://bworldonline.com/corporate/2026/07/17/764109/sec-fines-fast-coin-p1-1-million-for-lending-violations/ https://www.philstar.com/business/2023/01/27/2240428/sec-revokes-license-fast-coin-lending
Cashbee Lending Services Inc.,lending_company,olp_registered,prospect,Philippines,0,0.55,0.4,0.8,0.4,0.4,0.3,0.25,0.72,Head of Credit / Credit Risk Manager,CEO / President (or COO),"Cashbee approves small unsecured loans off a single valid ID plus a manual verification call, and with its Credit Information Corporation access reportedly blocked, that call is likely doing double duty as identity check and de facto credit judgment rather than a document-heavy review. The bounded test worth proposing to the Head of Credit is narrow: run Kita's Document Risk Score and AI Underwriter on a slice of incoming ID and application data to see whether a subset of loans can be decided without the phone verification step, or whether the call itself can be shortened using an automated risk flag. Success would be measured on that slice alone — share of applications cleared without a manual call, and time-to-decision versus the current process — before any claim is made about broader volume or economics, which the public record doesn't yet support.",SEC list of recorded online lending platforms,SEC,CS201912321,2026-09-14,https://www.sec.gov.ph/lending-companies-and-financing-companies-2/list-of-recorded-online-lending-platforms/,https://play.google.com/store/apps/details?id=org.cashbee.quasar.app&hl=en https://businessmirror.com.ph/2025/06/16/online-lenders-blocked-from-credit-info-system/ https://tracxn.com/d/companies/cashbee/__FwACtzSeJNJlTK84k_cg4kqIxAJ8XlTT-Yn004l16-k https://ph.indeed.com/q-cashbee-jobs.html https://play.google.com/store/apps/details?id=org.cashbee.quasar.app&hl=en_US https://www.philstar.com/business/2025/06/03/2447687/sec-cancels-licenses-more-lending-financing-companies https://www.sec.gov.ph/lending-companies-and-financing-companies-2/advisories-and-notices/ https://businessmirror.com.ph/2025/06/02/sec-shuts-down-56-delinquent-lending-companies/ https://ph.jobstreet.com/Cashbee-Lending-Services-Inc.-jobs https://www.facebook.com/CashBeePH/
"Gofcash Lending Corporation operating under the name of Gogo Cash, GoFcash, GoFcash VIP and GoFcash Loan (formerly: Fcash Global Lending Inc)",lending_company,olp_registered,prospect,Philippines,0,0.5,0.35,0.55,0.4,0.4,0.5,0.2,0.76,Head of Credit Risk / Underwriting,CEO / Managing Director,"Gofcash's Gogo Cash/GoFcash apps already promise fast, ID-plus-face-verification approval for borrowers with no bureau history, but that speed appears to rest on largely undocumented ""big-data"" scoring rather than verified income or bank-statement evidence—an approach that likely contributed to the collections and data-practice issues behind its 2020 SEC revocation and the 2025 Supreme Court ruling against the predecessor entity. The hypothesis worth testing is whether adding Kita's Document Risk Score and AI Underwriter to the existing application flow can tighten thin-file decisions using verifiable documents (IDs, payslips where available) without slowing down the ~24-hour disbursement promise, giving Head of Credit Risk a defensible, auditable basis for approvals instead of opaque behavioral scoring alone. A bounded pilot could run a slice of new applications through Kita alongside the current flow and compare share of applications decided without manual review, document rejection rate, and days-to-decision, giving both credit risk and the CEO evidence on whether better-documented underwriting reduces the compliance and reputational exposure that recent litigation has put back in the spotlight.",SEC list of recorded online lending platforms,SEC,CS201803813,2026-09-14,https://www.sec.gov.ph/lending-companies-and-financing-companies-2/list-of-recorded-online-lending-platforms/,https://h5.fcash.ph/fastCashVip/official/index.html https://www.fcash.ph/mobile-Fcash.html https://www.n90.asia/post/fast-cash-vip-loan-app-in-the-philippines---legitimacy-eligibility-and-features https://www.sec.gov.ph/wp-content/uploads/2020/09/2020PressRelease_SEC-revokes-FCash-Global-Lendings-license.pdf https://www.philstar.com/headlines/2026/01/01/2498094/supreme-court-penalizes-fcash-over-data-privacy-breach https://www.divinalaw.com/dose-of-law/lending-apps-vs-your-right-to-privacy/ https://www.sec.gov.ph/lending-companies-and-financing-companies-2/list-of-recorded-online-lending-platforms/ https://www.gofcash.com/ https://tribune.net.ph/2026/01/18/lending-apps-against-your-right-to-privacy
"Hi-Fin Lending, Inc.",lending_company,olp_registered,prospect,Philippines,0,0.7,0.25,0.65,0.3,0.25,0.45,0.15,0.87,Head of Credit / Chief Risk & Compliance Officer,President / CEO,"Given the SEC's May 2025 revocation of Hi-Fin's certificate of authority centered on undisclosed third-party data and collection practices, any conversation should first confirm current licensing status, since the September 2026 registry listing and the March 2026 modification advisory leave real ambiguity about whether Hi-Fin is currently authorized to lend. If status checks out, the angle worth testing is narrow: Peso Wallet's ID-and-income-document intake likely still runs on manual or lightly automated review typical of Philippine cash-loan apps, so a bounded pilot could run Kita's Document Risk Score and AI Underwriter on a defined slice of new Peso Wallet or Credit Cash applications to see whether days-to-decision and the share of files needing manual escalation improve, with underwriting kept fully separate from the collections/TPSP relationship that triggered the SEC action. The pitch to the Head of Credit or Chief Risk & Compliance Officer is that better-documented, auditable underwriting decisions are also a compliance asset given the current regulatory scrutiny, not just a speed play.",SEC list of recorded online lending platforms,SEC,CS201910995,2026-09-14,https://www.sec.gov.ph/lending-companies-and-financing-companies-2/list-of-recorded-online-lending-platforms/,https://www.pesowallet-ph.com/Privacy.html https://mb.com.ph/2025/05/26/sec-shuts-down-online-lending-platforms-of-magic-peso-peso-wallet-and-credit-cash https://www.bworldonline.com/corporate/2025/05/27/674906/sec-flags-two-online-lenders-for-alleged-violations/ https://fintechnews.ph/67005/lending/sec-sanctions-hupan-hi-fin-lending-firms-for-breaches/ https://www.sec.gov.ph/lending-companies-and-financing-companies-2/advisories-and-notices/ https://www.sec.gov.ph/lending-companies-and-financing-companies-2/list-of-recorded-online-lending-platforms/ https://tribune.net.ph/2025/05/26/sec-halts-illegal-lending-platforms https://play.google.com/store/apps/details?id=com.pesowalletapp.pro
Kayamo Atlas Lending Corp,lending_company,olp_registered,prospect,Philippines,0,0.4,0.45,0.2,0.1,0.15,0.15,0.2,0.93,Head of Credit / Underwriting,CEO / Co-Founder,"Given that Kayamo's SEC primary registration and lending certificate were revoked in May 2025 and its Credit Information Corp access was subsequently suspended, the honest opening with Kayamo is not a pilot pitch but a status check: is the company still originating loans at all, and if so, under what registration, before any underwriting conversation makes sense. If the Head of Credit confirms the company is actively working through reinstatement, the narrower hypothesis worth testing is whether Kita's Document Risk Score could help rebuild the reportorial and compliance evidence trail (bank statements, IDs, business permits) that reportedly lapsed, on a small batch of new or reapplying seller-borrowers, measured by whether flagged documents and risk outputs satisfy SEC reporting requirements well enough to support reinstatement. Absent confirmation of an active, licensed lending operation, this account should be treated as not yet callable rather than as a near-term pilot candidate.",SEC list of recorded online lending platforms,SEC,CS201914952,2026-09-14,https://www.sec.gov.ph/lending-companies-and-financing-companies-2/list-of-recorded-online-lending-platforms/,https://www.kayamo.ph/ https://ph.jobstreet.com/companies/kayamo-atlas-lending-corp-168552834878577 https://theindependentinvestor.ph/fintech-kayamo-unveils-new-initiative-to-extend-accessible-funding-to-filipino-creatives/ https://allthebestloans.ph/loan/kayamo/ https://pitchbook.com/profiles/advisor/549752-95 https://www.sec.gov.ph/sec-issuances/other-orders/order-of-revocation/corporations-with-revoked-primary-registration/#gsc.tab=0 https://www.philstar.com/business/2025/06/03/2447687/sec-cancels-licenses-more-lending-financing-companies https://businessmirror.com.ph/2025/06/16/online-lenders-blocked-from-credit-info-system/ https://businessmirror.com.ph/2025/06/02/sec-shuts-down-56-delinquent-lending-companies/ https://bossjob.ph/en-us/company/kayamo-atlas-lending-corp
"Lucky Shell Fintech Lending, Inc.",lending_company,olp_registered,prospect,Philippines,0,0.55,0.5,0.6,0.15,0.2,0.15,0.15,0.73,Head of Credit/Collections or Operations Lead,Founder/CEO or General Manager,"Given the unresolved conflict between Lucky Shell's 2025 SEC revocation listing and its continued 2026 presence on the SEC's online lending platform registry, the first conversation with Kita should probably be framed around resolving standing before anything else, since a pilot is moot if the certificate of authority is not actually intact. If the operations or credit lead confirms the license is current, the narrow test worth proposing is on the MayPera cash-loan flow itself: run Kita's Document Risk Score and AI Underwriter in shadow mode against a small batch of live applications to see whether ID and basic income documents can support a faster, non-manual approval path than whatever contact-list or manual review MayPera currently leans on, measured strictly on days-to-decision and share of applications resolved without a manual step. This is explicitly a hedge-first pilot — the bounded question is ""can Kita's model beat MayPera's current instant-approval logic on decision speed and manual-step rate,"" not a broader claim about MSME or multi-document underwriting, since MayPera's own marketing suggests minimal-document, high-speed approval rather than the document-heavy backlog Kita is built to clear.",SEC list of recorded online lending platforms,SEC,CS201912995,2026-09-14,https://www.sec.gov.ph/lending-companies-and-financing-companies-2/list-of-recorded-online-lending-platforms/,https://play.google.com/store/apps/details?id=com.maypera.peso https://www.appbrain.com/app/lucky-peso-cash-credit-loan-lending-pera-utang/com.luckyshell.peso https://www.appbrain.com/dev/Lucky+Shell+Fintech+Lending++Inc./ https://www.philstar.com/business/2025/06/03/2447687/sec-cancels-licenses-more-lending-financing-companies https://www.sec.gov.ph/lending-companies-and-financing-companies-2/advisories-and-notices/ https://bitpinas.com/feature/philippines-sec-investment-watchlist/ https://www.sec.gov.ph/lending-companies-and-financing-companies-2/list-of-recorded-online-lending-platforms/ https://bossjob.us/en/company/lucky-shell-fintech-lending-inc https://www.facebook.com/61573842316813
"Makati Loan, Inc. doing business under the name and style of Peso Cash Loan",lending_company,olp_registered,prospect,Philippines,0,0.5,0.35,0.75,0.35,0.4,0.2,0.2,0.62,Head of Credit / Compliance Officer,President / CEO of the lending company,"Peso Cash Loan approves unsecured ₱1,000–₱180,000 loans with only a government ID and bank or e-wallet account, and its site's vague reference to ""modern technology"" suggests, if the signals hold, that underwriting and document checks are largely in-house rather than run on a named vendor stack. Given that the company was flagged in a 2024 SEC cease-and-desist order for gaps in OLP reporting and disclosure, a Document Risk Score and AI Underwriter layer could plausibly help the Head of Credit/Compliance both tighten decisioning and produce the auditable trail regulators are asking for. The bounded pilot to test: run Kita's AI Underwriter alongside the current process on a sample of new applications for 4–6 weeks, measuring days-to-decision and the share of files that clear without manual review, to see whether it meaningfully improves speed and consistency without adding compliance risk.",SEC list of recorded online lending platforms,SEC,CS201917209,2026-09-14,https://www.sec.gov.ph/lending-companies-and-financing-companies-2/list-of-recorded-online-lending-platforms/,https://play.google.com/store/apps/details?id=com.makati.pesocashloan&hl=en_US https://www.makati-loan.com/ https://business.inquirer.net/465585/sec-issues-cease-and-desist-orders-against-six-financing-lending-firms https://www.bworldonline.com/corporate/2024/06/26/604142/cease-and-desist-orders-issued-vs-6-financing-lending-firms/ https://www.sec.gov.ph/lending-companies-and-financing-companies-2/list-of-recorded-online-lending-platforms/
Microdot Lending Corporation,lending_company,olp_registered,prospect,Philippines,0,0.7,0.4,0.75,0.12,0.15,0.25,0.15,0.87,Head of Credit / Risk Operations,CEO / President of the lending company,"Given Microdot is currently under an active SEC cease-and-desist order for undisclosed lending apps and collections practices, this is not a live sales conversation until that status is resolved — any pitch to the Head of Credit/Risk Operations right now would be premature. If and when the order is lifted, the angle worth testing is narrow: Microdot's own site describes a manual flow (online data entry, phone interview, document submission, then in-branch check pickup) across nine separate consumer loan apps making small unsecured loans to thin-file borrowers, which suggests a bounded pilot on one app brand using Kita's Document Risk Score and AI Underwriter to see whether document-based decisions can be reached without the phone-interview and branch pickup steps, measured on days-to-decision and share of applications resolved without manual handling. Given the compliance overhang, any pilot proposal should be framed as also supporting the disclosure and audit-trail requirements the SEC flagged, since a documented, automated decision record could double as remediation evidence rather than just a speed play.",SEC list of recorded online lending platforms,SEC,CS201951287,2026-09-14,https://www.sec.gov.ph/lending-companies-and-financing-companies-2/list-of-recorded-online-lending-platforms/,https://www.microdotlending.xyz/help/help.html https://www.microdotlending.xyz/loans/loans.html https://www.microdotlending.com/ https://tribune.net.ph/2025/10/16/sec-halts-microdot-lending-to-protect-borrowers https://www.bworldonline.com/corporate/2025/10/17/706159/sec-orders-microdot-lending-to-halt-activities-over-missing-platform-disclosures-debt-collection-practices/ https://bilyonaryo.com/2025/10/06/sec-halts-microdot-lending-operations-over-unregistered-apps-harassment-claims/money/ https://www.philstar.com/happens/1154 https://newsbytes.ph/2025/10/20/sec-orders-microdot-to-shut-down-undisclosed-online-lending-apps/
